INFO:     Will watch for changes in these directories: ['X:\\Arqui\\AgroTech']
INFO:     Uvicorn running on http://127.0.0.1:8000 (Press CTRL+C to quit)
INFO:     Started reloader process [22972] using WatchFiles
INFO:     Started server process [21984]
INFO:     Waiting for application startup.
INFO:     Application startup complete.
Evento de seguridad | tipo=TOKEN_EXPIRED | detalle=token expirado
Evento de seguridad | code=TOKEN_EXPIRED | path=/campos/Campo Los Pinos/parcelas/Lote A/lecturas | ip=127.0.0.1
Error interno no controlado | path=/campos/Campo Los Pinos/parcelas/Lote A/lecturas | ip=127.0.0.1
Traceback (most recent call last):
  File "C:\Users\agust\AppData\Roaming\Python\Python314\site-packages\starlette\middleware\errors.py", line 164, in __call__
    await self.app(scope, receive, _send)
  File "C:\Users\agust\AppData\Roaming\Python\Python314\site-packages\starlette\middleware\exceptions.py", line 63, in __call__
    await wrap_app_handling_exceptions(self.app, conn)(scope, receive, send)
  File "C:\Users\agust\AppData\Roaming\Python\Python314\site-packages\starlette\_exception_handler.py", line 53, in wrapped_app
    raise exc
  File "C:\Users\agust\AppData\Roaming\Python\Python314\site-packages\starlette\_exception_handler.py", line 42, in wrapped_app
    await app(scope, receive, sender)
  File "C:\Users\agust\AppData\Roaming\Python\Python314\site-packages\fastapi\middleware\asyncexitstack.py", line 18, in __call__
    await self.app(scope, receive, send)
  File "C:\Users\agust\AppData\Roaming\Python\Python314\site-packages\starlette\routing.py", line 660, in __call__
    await self.middleware_stack(scope, receive, send)
  File "C:\Users\agust\AppData\Roaming\Python\Python314\site-packages\fastapi\routing.py", line 2531, in app
    await route.handle(scope, receive, send)
  File "C:\Users\agust\AppData\Roaming\Python\Python314\site-packages\fastapi\routing.py", line 1700, in handle
    await self.original_router.handle(scope, receive, send)
  File "C:\Users\agust\AppData\Roaming\Python\Python314\site-packages\fastapi\routing.py", line 2586, in handle
    await included_router._handle_selected(scope, receive, send)
  File "C:\Users\agust\AppData\Roaming\Python\Python314\site-packages\fastapi\routing.py", line 1720, in _handle_selected
    await original_route.handle(scope, receive, send)
  File "C:\Users\agust\AppData\Roaming\Python\Python314\site-packages\fastapi\routing.py", line 1239, in handle
    await app(scope, receive, send)
  File "C:\Users\agust\AppData\Roaming\Python\Python314\site-packages\fastapi\routing.py", line 150, in app
    await wrap_app_handling_exceptions(app, request)(scope, receive, send)
  File "C:\Users\agust\AppData\Roaming\Python\Python314\site-packages\starlette\_exception_handler.py", line 53, in wrapped_app
    raise exc
  File "C:\Users\agust\AppData\Roaming\Python\Python314\site-packages\starlette\_exception_handler.py", line 42, in wrapped_app
    await app(scope, receive, sender)
  File "C:\Users\agust\AppData\Roaming\Python\Python314\site-packages\fastapi\routing.py", line 136, in app
    response = await f(request)
               ^^^^^^^^^^^^^^^^
  File "C:\Users\agust\AppData\Roaming\Python\Python314\site-packages\fastapi\routing.py", line 690, in app
    raw_response = await run_endpoint_function(
                   ^^^^^^^^^^^^^^^^^^^^^^^^^^^^
    ...<3 lines>...
    )
    ^
  File "C:\Users\agust\AppData\Roaming\Python\Python314\site-packages\fastapi\routing.py", line 344, in run_endpoint_function
    return await dependant.call(**values)
           ^^^^^^^^^^^^^^^^^^^^^^^^^^^^^^
  File "X:\Arqui\AgroTech\src\modules\analytics_engine\router.py", line 309, in consultar_lecturas
    lecturas = await repo.query(query)
               ^^^^^^^^^^^^^^^^^^^^^^^
  File "X:\Arqui\AgroTech\src\infrastructure\time_series_repo\influx_client.py", line 71, in query
    return await self.query_raw(flux)
           ^^^^^^^^^^^^^^^^^^^^^^^^^^
  File "X:\Arqui\AgroTech\src\infrastructure\time_series_repo\influx_client.py", line 77, in query_raw
    tables = await query_api.query(org=self.org, query=flux_query)
             ^^^^^^^^^^^^^^^^^^^^^^^^^^^^^^^^^^^^^^^^^^^^^^^^^^^^^
  File "C:\Users\agust\AppData\Roaming\Python\Python314\site-packages\influxdb_client\client\query_api_async.py", line 104, in query
    return await self._to_tables_async(response, query_options=self._get_query_options())
           ^^^^^^^^^^^^^^^^^^^^^^^^^^^^^^^^^^^^^^^^^^^^^^^^^^^^^^^^^^^^^^^^^^^^^^^^^^^^^^
  File "C:\Users\agust\AppData\Roaming\Python\Python314\site-packages\influxdb_client\client\_base.py", line 250, in _to_tables_async
    async with self._to_tables_parser(response, query_options, response_metadata_mode) as parser:
               ~~~~~~~~~~~~~~~~~~~~~~^^^^^^^^^^^^^^^^^^^^^^^^^^^^^^^^^^^^^^^^^^^^^^^^^
  File "C:\Users\agust\AppData\Roaming\Python\Python314\site-packages\influxdb_client\client\flux_csv_parser.py", line 104, in __aenter__
    from aiocsv import AsyncReader
ModuleNotFoundError: No module named 'aiocsv'
ERROR:    Exception in ASGI application
Traceback (most recent call last):
  File "C:\Users\agust\AppData\Roaming\Python\Python314\site-packages\uvicorn\protocols\http\httptools_impl.py", line 421, in run_asgi
    result = await app(  # type: ignore[func-returns-value]
             ^^^^^^^^^^^^^^^^^^^^^^^^^^^^^^^^^^^^^^^^^^^^^^
        self.scope, self.receive, self.send
        ^^^^^^^^^^^^^^^^^^^^^^^^^^^^^^^^^^^
    )
    ^
  File "C:\Users\agust\AppData\Roaming\Python\Python314\site-packages\uvicorn\middleware\proxy_headers.py", line 62, in __call__
    return await self.app(scope, receive, send)
           ^^^^^^^^^^^^^^^^^^^^^^^^^^^^^^^^^^^^
  File "C:\Users\agust\AppData\Roaming\Python\Python314\site-packages\fastapi\applications.py", line 1163, in __call__
    await super().__call__(scope, receive, send)
  File "C:\Users\agust\AppData\Roaming\Python\Python314\site-packages\starlette\applications.py", line 90, in __call__
    await self.middleware_stack(scope, receive, send)
  File "C:\Users\agust\AppData\Roaming\Python\Python314\site-packages\starlette\middleware\errors.py", line 186, in __call__
    raise exc
  File "C:\Users\agust\AppData\Roaming\Python\Python314\site-packages\starlette\middleware\errors.py", line 164, in __call__
    await self.app(scope, receive, _send)
  File "C:\Users\agust\AppData\Roaming\Python\Python314\site-packages\starlette\middleware\exceptions.py", line 63, in __call__
    await wrap_app_handling_exceptions(self.app, conn)(scope, receive, send)
  File "C:\Users\agust\AppData\Roaming\Python\Python314\site-packages\starlette\_exception_handler.py", line 53, in wrapped_app
    raise exc
  File "C:\Users\agust\AppData\Roaming\Python\Python314\site-packages\starlette\_exception_handler.py", line 42, in wrapped_app
    await app(scope, receive, sender)
  File "C:\Users\agust\AppData\Roaming\Python\Python314\site-packages\fastapi\middleware\asyncexitstack.py", line 18, in __call__
    await self.app(scope, receive, send)
  File "C:\Users\agust\AppData\Roaming\Python\Python314\site-packages\starlette\routing.py", line 660, in __call__
    await self.middleware_stack(scope, receive, send)
  File "C:\Users\agust\AppData\Roaming\Python\Python314\site-packages\fastapi\routing.py", line 2531, in app
    await route.handle(scope, receive, send)
  File "C:\Users\agust\AppData\Roaming\Python\Python314\site-packages\fastapi\routing.py", line 1700, in handle
    await self.original_router.handle(scope, receive, send)
  File "C:\Users\agust\AppData\Roaming\Python\Python314\site-packages\fastapi\routing.py", line 2586, in handle
    await included_router._handle_selected(scope, receive, send)
  File "C:\Users\agust\AppData\Roaming\Python\Python314\site-packages\fastapi\routing.py", line 1720, in _handle_selected
    await original_route.handle(scope, receive, send)
  File "C:\Users\agust\AppData\Roaming\Python\Python314\site-packages\fastapi\routing.py", line 1239, in handle
    await app(scope, receive, send)
  File "C:\Users\agust\AppData\Roaming\Python\Python314\site-packages\fastapi\routing.py", line 150, in app
    await wrap_app_handling_exceptions(app, request)(scope, receive, send)
  File "C:\Users\agust\AppData\Roaming\Python\Python314\site-packages\starlette\_exception_handler.py", line 53, in wrapped_app
    raise exc
  File "C:\Users\agust\AppData\Roaming\Python\Python314\site-packages\starlette\_exception_handler.py", line 42, in wrapped_app
    await app(scope, receive, sender)
  File "C:\Users\agust\AppData\Roaming\Python\Python314\site-packages\fastapi\routing.py", line 136, in app
    response = await f(request)
               ^^^^^^^^^^^^^^^^
  File "C:\Users\agust\AppData\Roaming\Python\Python314\site-packages\fastapi\routing.py", line 690, in app
    raw_response = await run_endpoint_function(
                   ^^^^^^^^^^^^^^^^^^^^^^^^^^^^
    ...<3 lines>...
    )
    ^
  File "C:\Users\agust\AppData\Roaming\Python\Python314\site-packages\fastapi\routing.py", line 344, in run_endpoint_function
    return await dependant.call(**values)
           ^^^^^^^^^^^^^^^^^^^^^^^^^^^^^^
  File "X:\Arqui\AgroTech\src\modules\analytics_engine\router.py", line 309, in consultar_lecturas
    lecturas = await repo.query(query)
               ^^^^^^^^^^^^^^^^^^^^^^^
  File "X:\Arqui\AgroTech\src\infrastructure\time_series_repo\influx_client.py", line 71, in query
    return await self.query_raw(flux)
           ^^^^^^^^^^^^^^^^^^^^^^^^^^
  File "X:\Arqui\AgroTech\src\infrastructure\time_series_repo\influx_client.py", line 77, in query_raw
    tables = await query_api.query(org=self.org, query=flux_query)
             ^^^^^^^^^^^^^^^^^^^^^^^^^^^^^^^^^^^^^^^^^^^^^^^^^^^^^
  File "C:\Users\agust\AppData\Roaming\Python\Python314\site-packages\influxdb_client\client\query_api_async.py", line 104, in query
    return await self._to_tables_async(response, query_options=self._get_query_options())
           ^^^^^^^^^^^^^^^^^^^^^^^^^^^^^^^^^^^^^^^^^^^^^^^^^^^^^^^^^^^^^^^^^^^^^^^^^^^^^^
  File "C:\Users\agust\AppData\Roaming\Python\Python314\site-packages\influxdb_client\client\_base.py", line 250, in _to_tables_async
    async with self._to_tables_parser(response, query_options, response_metadata_mode) as parser:
               ~~~~~~~~~~~~~~~~~~~~~~^^^^^^^^^^^^^^^^^^^^^^^^^^^^^^^^^^^^^^^^^^^^^^^^^
  File "C:\Users\agust\AppData\Roaming\Python\Python314\site-packages\influxdb_client\client\flux_csv_parser.py", line 104, in __aenter__
    from aiocsv import AsyncReader
ModuleNotFoundError: No module named 'aiocsv'
Evento de seguridad | tipo=TOKEN_INVALID | detalle=Invalid crypto padding
Evento de seguridad | code=TOKEN_INVALID | path=/api/campos | ip=127.0.0.1
Evento de seguridad | tipo=TOKEN_INVALID | detalle=Invalid crypto padding
Evento de seguridad | code=TOKEN_INVALID | path=/api/campos | ip=127.0.0.1
Evento de seguridad | tipo=TOKEN_INVALID | detalle=Invalid crypto padding
Evento de seguridad | code=TOKEN_INVALID | path=/auth/refresh | ip=127.0.0.1
Evento de seguridad | tipo=TOKEN_INVALID | detalle=Invalid crypto padding
Evento de seguridad | code=TOKEN_INVALID | path=/auth/refresh | ip=127.0.0.1
Evento de seguridad | tipo=TOKEN_INVALID | detalle=Invalid crypto padding
Evento de seguridad | code=TOKEN_INVALID | path=/api/campos | ip=127.0.0.1
Evento de seguridad | tipo=TOKEN_INVALID | detalle=Invalid crypto padding
Evento de seguridad | code=TOKEN_INVALID | path=/api/campos | ip=127.0.0.1
Evento de seguridad | tipo=TOKEN_INVALID | detalle=Invalid crypto padding
Evento de seguridad | code=TOKEN_INVALID | path=/auth/refresh | ip=127.0.0.1
Evento de seguridad | tipo=TOKEN_INVALID | detalle=Invalid crypto padding
Evento de seguridad | code=TOKEN_INVALID | path=/auth/refresh | ip=127.0.0.1
Evento de seguridad | tipo=TOKEN_INVALID | detalle=Invalid crypto padding
Evento de seguridad | code=TOKEN_INVALID | path=/api/campos | ip=127.0.0.1
Evento de seguridad | tipo=TOKEN_INVALID | detalle=Invalid crypto padding
Evento de seguridad | code=TOKEN_INVALID | path=/auth/refresh | ip=127.0.0.1
Evento de seguridad | tipo=TOKEN_INVALID | detalle=Invalid crypto padding
Evento de seguridad | code=TOKEN_INVALID | path=/api/campos | ip=127.0.0.1
Evento de seguridad | tipo=TOKEN_INVALID | detalle=Invalid crypto padding
Evento de seguridad | code=TOKEN_INVALID | path=/api/campos | ip=127.0.0.1
Evento de seguridad | tipo=TOKEN_INVALID | detalle=Invalid crypto padding
Evento de seguridad | code=TOKEN_INVALID | path=/auth/refresh | ip=127.0.0.1
Evento de seguridad | tipo=TOKEN_INVALID | detalle=Invalid crypto padding
Evento de seguridad | code=TOKEN_INVALID | path=/auth/refresh | ip=127.0.0.1
Evento de seguridad | tipo=TOKEN_INVALID | detalle=Invalid crypto padding
Evento de seguridad | code=TOKEN_INVALID | path=/api/campos | ip=127.0.0.1
Evento de seguridad | tipo=TOKEN_INVALID | detalle=Invalid crypto padding
Evento de seguridad | code=TOKEN_INVALID | path=/api/campos | ip=127.0.0.1
Evento de seguridad | tipo=TOKEN_INVALID | detalle=Invalid crypto padding
Evento de seguridad | code=TOKEN_INVALID | path=/auth/refresh | ip=127.0.0.1
Evento de seguridad | tipo=TOKEN_INVALID | detalle=Invalid crypto padding
Evento de seguridad | code=TOKEN_INVALID | path=/auth/refresh | ip=127.0.0.1
Evento de seguridad | tipo=TOKEN_INVALID | detalle=Invalid crypto padding
Evento de seguridad | code=TOKEN_INVALID | path=/api/campos | ip=127.0.0.1
Evento de seguridad | tipo=TOKEN_INVALID | detalle=Invalid crypto padding
Evento de seguridad | code=TOKEN_INVALID | path=/auth/refresh | ip=127.0.0.1
Evento de seguridad | tipo=TOKEN_INVALID | detalle=Invalid crypto padding
Evento de seguridad | code=TOKEN_INVALID | path=/api/campos | ip=127.0.0.1
Evento de seguridad | tipo=TOKEN_INVALID | detalle=Invalid crypto padding
Evento de seguridad | code=TOKEN_INVALID | path=/auth/refresh | ip=127.0.0.1
Evento de seguridad | tipo=TOKEN_INVALID | detalle=Invalid crypto padding
Evento de seguridad | code=TOKEN_INVALID | path=/api/campos | ip=127.0.0.1
Evento de seguridad | tipo=TOKEN_INVALID | detalle=Invalid crypto padding
Evento de seguridad | code=TOKEN_INVALID | path=/api/campos | ip=127.0.0.1
Evento de seguridad | tipo=TOKEN_INVALID | detalle=Invalid crypto padding
Evento de seguridad | code=TOKEN_INVALID | path=/auth/refresh | ip=127.0.0.1
Evento de seguridad | tipo=TOKEN_INVALID | detalle=Invalid crypto padding
Evento de seguridad | code=TOKEN_INVALID | path=/auth/refresh | ip=127.0.0.1
Evento de seguridad | tipo=TOKEN_INVALID | detalle=Invalid crypto padding
Evento de seguridad | code=TOKEN_INVALID | path=/api/campos | ip=127.0.0.1
Evento de seguridad | tipo=TOKEN_INVALID | detalle=Invalid crypto padding
Evento de seguridad | code=TOKEN_INVALID | path=/api/campos | ip=127.0.0.1
Evento de seguridad | tipo=TOKEN_INVALID | detalle=Invalid crypto padding
Evento de seguridad | code=TOKEN_INVALID | path=/auth/refresh | ip=127.0.0.1
Evento de seguridad | tipo=TOKEN_INVALID | detalle=Invalid crypto padding
Evento de seguridad | code=TOKEN_INVALID | path=/auth/refresh | ip=127.0.0.1
Evento de seguridad | tipo=TOKEN_INVALID | detalle=Invalid crypto padding
Evento de seguridad | code=TOKEN_INVALID | path=/api/campos | ip=127.0.0.1
Evento de seguridad | tipo=TOKEN_INVALID | detalle=Invalid crypto padding
Evento de seguridad | code=TOKEN_INVALID | path=/api/campos | ip=127.0.0.1
Evento de seguridad | tipo=TOKEN_INVALID | detalle=Invalid crypto padding
Evento de seguridad | code=TOKEN_INVALID | path=/auth/refresh | ip=127.0.0.1
Evento de seguridad | tipo=TOKEN_INVALID | detalle=Invalid crypto padding
Evento de seguridad | code=TOKEN_INVALID | path=/auth/refresh | ip=127.0.0.1
Evento de seguridad | tipo=TOKEN_INVALID | detalle=Invalid crypto padding
Evento de seguridad | code=TOKEN_INVALID | path=/api/campos | ip=127.0.0.1
Evento de seguridad | tipo=TOKEN_INVALID | detalle=Invalid crypto padding
Evento de seguridad | code=TOKEN_INVALID | path=/auth/refresh | ip=127.0.0.1
Evento de seguridad | tipo=TOKEN_INVALID | detalle=Invalid crypto padding
Evento de seguridad | code=TOKEN_INVALID | path=/api/campos | ip=127.0.0.1
Evento de seguridad | tipo=TOKEN_INVALID | detalle=Invalid crypto padding
Evento de seguridad | code=TOKEN_INVALID | path=/api/campos | ip=127.0.0.1
Evento de seguridad | tipo=TOKEN_INVALID | detalle=Invalid crypto padding
Evento de seguridad | code=TOKEN_INVALID | path=/auth/refresh | ip=127.0.0.1
Evento de seguridad | tipo=TOKEN_INVALID | detalle=Invalid crypto padding
Evento de seguridad | code=TOKEN_INVALID | path=/auth/refresh | ip=127.0.0.1
Evento de seguridad | tipo=TOKEN_INVALID | detalle=Invalid crypto padding
Evento de seguridad | code=TOKEN_INVALID | path=/api/campos | ip=127.0.0.1
Evento de seguridad | tipo=TOKEN_INVALID | detalle=Invalid crypto padding
Evento de seguridad | code=TOKEN_INVALID | path=/api/campos | ip=127.0.0.1
Evento de seguridad | tipo=TOKEN_INVALID | detalle=Invalid crypto padding
Evento de seguridad | code=TOKEN_INVALID | path=/auth/refresh | ip=127.0.0.1
Evento de seguridad | tipo=TOKEN_INVALID | detalle=Invalid crypto padding
Evento de seguridad | code=TOKEN_INVALID | path=/auth/refresh | ip=127.0.0.1
Evento de seguridad | tipo=TOKEN_INVALID | detalle=Invalid crypto padding
Evento de seguridad | code=TOKEN_INVALID | path=/api/reglas | ip=127.0.0.1
Evento de seguridad | tipo=TOKEN_INVALID | detalle=Invalid crypto padding
Evento de seguridad | code=TOKEN_INVALID | path=/api/reglas | ip=127.0.0.1
Evento de seguridad | tipo=TOKEN_INVALID | detalle=Invalid crypto padding
Evento de seguridad | code=TOKEN_INVALID | path=/auth/refresh | ip=127.0.0.1
Evento de seguridad | tipo=TOKEN_INVALID | detalle=Invalid crypto padding
Evento de seguridad | code=TOKEN_INVALID | path=/auth/refresh | ip=127.0.0.1
Evento de seguridad | tipo=TOKEN_INVALID | detalle=Invalid crypto padding
Evento de seguridad | code=TOKEN_INVALID | path=/api/cultivos | ip=127.0.0.1
Evento de seguridad | tipo=TOKEN_INVALID | detalle=Invalid crypto padding
Evento de seguridad | code=TOKEN_INVALID | path=/api/cultivos | ip=127.0.0.1
Evento de seguridad | tipo=TOKEN_INVALID | detalle=Invalid crypto padding
Evento de seguridad | code=TOKEN_INVALID | path=/auth/refresh | ip=127.0.0.1
Evento de seguridad | tipo=TOKEN_INVALID | detalle=Invalid crypto padding
Evento de seguridad | code=TOKEN_INVALID | path=/auth/refresh | ip=127.0.0.1
Evento de seguridad | tipo=TOKEN_INVALID | detalle=Invalid crypto padding
Evento de seguridad | code=TOKEN_INVALID | path=/api/campos | ip=127.0.0.1
Evento de seguridad | tipo=TOKEN_INVALID | detalle=Invalid crypto padding
Evento de seguridad | code=TOKEN_INVALID | path=/api/campos | ip=127.0.0.1
Evento de seguridad | tipo=TOKEN_INVALID | detalle=Invalid crypto padding
Evento de seguridad | code=TOKEN_INVALID | path=/auth/refresh | ip=127.0.0.1
Evento de seguridad | tipo=TOKEN_INVALID | detalle=Invalid crypto padding
Evento de seguridad | code=TOKEN_INVALID | path=/auth/refresh | ip=127.0.0.1
Evento de seguridad | tipo=TOKEN_INVALID | detalle=Invalid crypto padding
Evento de seguridad | code=TOKEN_INVALID | path=/api/cultivos | ip=127.0.0.1
Evento de seguridad | tipo=TOKEN_INVALID | detalle=Invalid crypto padding
Evento de seguridad | code=TOKEN_INVALID | path=/api/cultivos | ip=127.0.0.1
Evento de seguridad | tipo=TOKEN_INVALID | detalle=Invalid crypto padding
Evento de seguridad | code=TOKEN_INVALID | path=/auth/refresh | ip=127.0.0.1
Evento de seguridad | tipo=TOKEN_INVALID | detalle=Invalid crypto padding
Evento de seguridad | code=TOKEN_INVALID | path=/auth/refresh | ip=127.0.0.1
Evento de seguridad | tipo=TOKEN_INVALID | detalle=Invalid crypto padding
Evento de seguridad | code=TOKEN_INVALID | path=/api/reglas | ip=127.0.0.1
Evento de seguridad | tipo=TOKEN_INVALID | detalle=Invalid crypto padding
Evento de seguridad | code=TOKEN_INVALID | path=/api/reglas | ip=127.0.0.1
Evento de seguridad | tipo=TOKEN_INVALID | detalle=Invalid crypto padding
Evento de seguridad | code=TOKEN_INVALID | path=/auth/refresh | ip=127.0.0.1
Evento de seguridad | tipo=TOKEN_INVALID | detalle=Invalid crypto padding
Evento de seguridad | code=TOKEN_INVALID | path=/auth/refresh | ip=127.0.0.1
Evento de seguridad | tipo=TOKEN_INVALID | detalle=Invalid crypto padding
Evento de seguridad | code=TOKEN_INVALID | path=/api/campos | ip=127.0.0.1
Evento de seguridad | tipo=TOKEN_INVALID | detalle=Invalid crypto padding
Evento de seguridad | code=TOKEN_INVALID | path=/api/campos | ip=127.0.0.1
Evento de seguridad | tipo=TOKEN_INVALID | detalle=Invalid crypto padding
Evento de seguridad | code=TOKEN_INVALID | path=/auth/refresh | ip=127.0.0.1
Evento de seguridad | tipo=TOKEN_INVALID | detalle=Invalid crypto padding
Evento de seguridad | code=TOKEN_INVALID | path=/auth/refresh | ip=127.0.0.1
Evento de seguridad | tipo=TOKEN_INVALID | detalle=Invalid crypto padding
Evento de seguridad | code=TOKEN_INVALID | path=/api/campos | ip=127.0.0.1
Evento de seguridad | tipo=TOKEN_INVALID | detalle=Invalid crypto padding
Evento de seguridad | code=TOKEN_INVALID | path=/api/campos | ip=127.0.0.1
Evento de seguridad | tipo=TOKEN_INVALID | detalle=Invalid crypto padding
Evento de seguridad | code=TOKEN_INVALID | path=/auth/refresh | ip=127.0.0.1
Evento de seguridad | tipo=TOKEN_INVALID | detalle=Invalid crypto padding
Evento de seguridad | code=TOKEN_INVALID | path=/auth/refresh | ip=127.0.0.1
Evento de seguridad | tipo=TOKEN_INVALID | detalle=Invalid crypto padding
Evento de seguridad | code=TOKEN_INVALID | path=/api/usuarios | ip=127.0.0.1
Evento de seguridad | tipo=TOKEN_INVALID | detalle=Invalid crypto padding
Evento de seguridad | code=TOKEN_INVALID | path=/api/usuarios | ip=127.0.0.1
Evento de seguridad | tipo=TOKEN_INVALID | detalle=Invalid crypto padding
Evento de seguridad | code=TOKEN_INVALID | path=/auth/refresh | ip=127.0.0.1
Evento de seguridad | tipo=TOKEN_INVALID | detalle=Invalid crypto padding
Evento de seguridad | code=TOKEN_INVALID | path=/auth/refresh | ip=127.0.0.1
Evento de seguridad | tipo=TOKEN_INVALID | detalle=Invalid crypto padding
Evento de seguridad | code=TOKEN_INVALID | path=/api/campos | ip=127.0.0.1
Evento de seguridad | tipo=TOKEN_INVALID | detalle=Invalid crypto padding
Evento de seguridad | code=TOKEN_INVALID | path=/api/campos | ip=127.0.0.1
Evento de seguridad | tipo=TOKEN_INVALID | detalle=Invalid crypto padding
Evento de seguridad | code=TOKEN_INVALID | path=/auth/refresh | ip=127.0.0.1
Evento de seguridad | tipo=TOKEN_INVALID | detalle=Invalid crypto padding
Evento de seguridad | code=TOKEN_INVALID | path=/auth/refresh | ip=127.0.0.1
Evento de seguridad | tipo=TOKEN_INVALID | detalle=Invalid crypto padding
Evento de seguridad | code=TOKEN_INVALID | path=/api/campos | ip=127.0.0.1
Evento de seguridad | tipo=TOKEN_INVALID | detalle=Invalid crypto padding
Evento de seguridad | code=TOKEN_INVALID | path=/api/campos | ip=127.0.0.1
Evento de seguridad | tipo=TOKEN_INVALID | detalle=Invalid crypto padding
Evento de seguridad | code=TOKEN_INVALID | path=/auth/refresh | ip=127.0.0.1
Evento de seguridad | tipo=TOKEN_INVALID | detalle=Invalid crypto padding
Evento de seguridad | code=TOKEN_INVALID | path=/auth/refresh | ip=127.0.0.1
Evento de seguridad | tipo=TOKEN_INVALID | detalle=Invalid crypto padding
Evento de seguridad | code=TOKEN_INVALID | path=/api/campos | ip=127.0.0.1
Evento de seguridad | tipo=TOKEN_INVALID | detalle=Invalid crypto padding
Evento de seguridad | code=TOKEN_INVALID | path=/api/campos | ip=127.0.0.1
Evento de seguridad | tipo=TOKEN_INVALID | detalle=Invalid crypto padding
Evento de seguridad | code=TOKEN_INVALID | path=/auth/refresh | ip=127.0.0.1
Evento de seguridad | tipo=TOKEN_INVALID | detalle=Invalid crypto padding
Evento de seguridad | code=TOKEN_INVALID | path=/auth/refresh | ip=127.0.0.1
Error interno no controlado | path=/api/campos/CampoTest2 | ip=127.0.0.1
Traceback (most recent call last):
  File "C:\Users\agust\AppData\Roaming\Python\Python314\site-packages\sqlalchemy\dialects\postgresql\asyncpg.py", line 550, in _prepare_and_execute
    self._rows = deque(await prepared_stmt.fetch(*parameters))
                       ^^^^^^^^^^^^^^^^^^^^^^^^^^^^^^^^^^^^^^
  File "C:\Users\agust\AppData\Roaming\Python\Python314\site-packages\asyncpg\prepared_stmt.py", line 177, in fetch
    data = await self.__bind_execute(args, 0, timeout)
           ^^^^^^^^^^^^^^^^^^^^^^^^^^^^^^^^^^^^^^^^^^^
  File "C:\Users\agust\AppData\Roaming\Python\Python314\site-packages\asyncpg\prepared_stmt.py", line 268, in __bind_execute
    data, status, _ = await self.__do_execute(
                      ^^^^^^^^^^^^^^^^^^^^^^^^
        lambda protocol: protocol.bind_execute(
        ^^^^^^^^^^^^^^^^^^^^^^^^^^^^^^^^^^^^^^^
            self._state, args, '', limit, True, timeout))
            ^^^^^^^^^^^^^^^^^^^^^^^^^^^^^^^^^^^^^^^^^^^^^
  File "C:\Users\agust\AppData\Roaming\Python\Python314\site-packages\asyncpg\prepared_stmt.py", line 257, in __do_execute
    return await executor(protocol)
           ^^^^^^^^^^^^^^^^^^^^^^^^
  File "asyncpg/protocol/protocol.pyx", line 205, in bind_execute
asyncpg.exceptions.ForeignKeyViolationError: update or delete on table "campos" violates foreign key constraint "parcelas_nombre_campo_fkey" on table "parcelas"
DETAIL:  Key (nombre_campo)=(CampoTest2) is still referenced from table "parcelas".

The above exception was the direct cause of the following exception:

Traceback (most recent call last):
  File "C:\Users\agust\AppData\Roaming\Python\Python314\site-packages\sqlalchemy\engine\base.py", line 1969, in _exec_single_context
    self.dialect.do_execute(
    ~~~~~~~~~~~~~~~~~~~~~~~^
        cursor, str_statement, effective_parameters, context
        ^^^^^^^^^^^^^^^^^^^^^^^^^^^^^^^^^^^^^^^^^^^^^^^^^^^^
    )
    ^
  File "C:\Users\agust\AppData\Roaming\Python\Python314\site-packages\sqlalchemy\engine\default.py", line 952, in do_execute
    cursor.execute(statement, parameters)
    ~~~~~~~~~~~~~~^^^^^^^^^^^^^^^^^^^^^^^
  File "C:\Users\agust\AppData\Roaming\Python\Python314\site-packages\sqlalchemy\dialects\postgresql\asyncpg.py", line 585, in execute
    self._adapt_connection.await_(
    ~~~~~~~~~~~~~~~~~~~~~~~~~~~~~^
        self._prepare_and_execute(operation, parameters)
        ^^^^^^^^^^^^^^^^^^^^^^^^^^^^^^^^^^^^^^^^^^^^^^^^
    )
    ^
  File "C:\Users\agust\AppData\Roaming\Python\Python314\site-packages\sqlalchemy\util\_concurrency_py3k.py", line 132, in await_only
    return current.parent.switch(awaitable)  # type: ignore[no-any-return,attr-defined] # noqa: E501
           ~~~~~~~~~~~~~~~~~~~~~^^^^^^^^^^^
  File "C:\Users\agust\AppData\Roaming\Python\Python314\site-packages\sqlalchemy\util\_concurrency_py3k.py", line 196, in greenlet_spawn
    value = await result
            ^^^^^^^^^^^^
  File "C:\Users\agust\AppData\Roaming\Python\Python314\site-packages\sqlalchemy\dialects\postgresql\asyncpg.py", line 563, in _prepare_and_execute
    self._handle_exception(error)
    ~~~~~~~~~~~~~~~~~~~~~~^^^^^^^
  File "C:\Users\agust\AppData\Roaming\Python\Python314\site-packages\sqlalchemy\dialects\postgresql\asyncpg.py", line 513, in _handle_exception
    self._adapt_connection._handle_exception(error)
    ~~~~~~~~~~~~~~~~~~~~~~~~~~~~~~~~~~~~~~~~^^^^^^^
  File "C:\Users\agust\AppData\Roaming\Python\Python314\site-packages\sqlalchemy\dialects\postgresql\asyncpg.py", line 797, in _handle_exception
    raise translated_error from error
sqlalchemy.dialects.postgresql.asyncpg.AsyncAdapt_asyncpg_dbapi.IntegrityError: <class 'asyncpg.exceptions.ForeignKeyViolationError'>: update or delete on table "campos" violates foreign key constraint "parcelas_nombre_campo_fkey" on table "parcelas"
DETAIL:  Key (nombre_campo)=(CampoTest2) is still referenced from table "parcelas".

The above exception was the direct cause of the following exception:

Traceback (most recent call last):
  File "C:\Users\agust\AppData\Roaming\Python\Python314\site-packages\starlette\middleware\errors.py", line 164, in __call__
    await self.app(scope, receive, _send)
  File "C:\Users\agust\AppData\Roaming\Python\Python314\site-packages\starlette\middleware\exceptions.py", line 63, in __call__
    await wrap_app_handling_exceptions(self.app, conn)(scope, receive, send)
  File "C:\Users\agust\AppData\Roaming\Python\Python314\site-packages\starlette\_exception_handler.py", line 53, in wrapped_app
    raise exc
  File "C:\Users\agust\AppData\Roaming\Python\Python314\site-packages\starlette\_exception_handler.py", line 42, in wrapped_app
    await app(scope, receive, sender)
  File "C:\Users\agust\AppData\Roaming\Python\Python314\site-packages\fastapi\middleware\asyncexitstack.py", line 18, in __call__
    await self.app(scope, receive, send)
  File "C:\Users\agust\AppData\Roaming\Python\Python314\site-packages\starlette\routing.py", line 660, in __call__
    await self.middleware_stack(scope, receive, send)
  File "C:\Users\agust\AppData\Roaming\Python\Python314\site-packages\fastapi\routing.py", line 2531, in app
    await route.handle(scope, receive, send)
  File "C:\Users\agust\AppData\Roaming\Python\Python314\site-packages\fastapi\routing.py", line 1700, in handle
    await self.original_router.handle(scope, receive, send)
  File "C:\Users\agust\AppData\Roaming\Python\Python314\site-packages\fastapi\routing.py", line 2586, in handle
    await included_router._handle_selected(scope, receive, send)
  File "C:\Users\agust\AppData\Roaming\Python\Python314\site-packages\fastapi\routing.py", line 1720, in _handle_selected
    await original_route.handle(scope, receive, send)
  File "C:\Users\agust\AppData\Roaming\Python\Python314\site-packages\fastapi\routing.py", line 1239, in handle
    await app(scope, receive, send)
  File "C:\Users\agust\AppData\Roaming\Python\Python314\site-packages\fastapi\routing.py", line 150, in app
    await wrap_app_handling_exceptions(app, request)(scope, receive, send)
  File "C:\Users\agust\AppData\Roaming\Python\Python314\site-packages\starlette\_exception_handler.py", line 53, in wrapped_app
    raise exc
  File "C:\Users\agust\AppData\Roaming\Python\Python314\site-packages\starlette\_exception_handler.py", line 42, in wrapped_app
    await app(scope, receive, sender)
  File "C:\Users\agust\AppData\Roaming\Python\Python314\site-packages\fastapi\routing.py", line 136, in app
    response = await f(request)
               ^^^^^^^^^^^^^^^^
  File "C:\Users\agust\AppData\Roaming\Python\Python314\site-packages\fastapi\routing.py", line 690, in app
    raw_response = await run_endpoint_function(
                   ^^^^^^^^^^^^^^^^^^^^^^^^^^^^
    ...<3 lines>...
    )
    ^
  File "C:\Users\agust\AppData\Roaming\Python\Python314\site-packages\fastapi\routing.py", line 344, in run_endpoint_function
    return await dependant.call(**values)
           ^^^^^^^^^^^^^^^^^^^^^^^^^^^^^^
  File "X:\Arqui\AgroTech\src\modules\data_api\router.py", line 334, in delete_campo
    async with db.begin():
               ~~~~~~~~^^
  File "C:\Users\agust\AppData\Roaming\Python\Python314\site-packages\sqlalchemy\ext\asyncio\session.py", line 1886, in __aexit__
    await greenlet_spawn(
        self._sync_transaction().__exit__, type_, value, traceback
    )
  File "C:\Users\agust\AppData\Roaming\Python\Python314\site-packages\sqlalchemy\util\_concurrency_py3k.py", line 203, in greenlet_spawn
    result = context.switch(value)
  File "C:\Users\agust\AppData\Roaming\Python\Python314\site-packages\sqlalchemy\engine\util.py", line 147, in __exit__
    with util.safe_reraise():
         ~~~~~~~~~~~~~~~~~^^
  File "C:\Users\agust\AppData\Roaming\Python\Python314\site-packages\sqlalchemy\util\langhelpers.py", line 122, in __exit__
    raise exc_value.with_traceback(exc_tb)
  File "C:\Users\agust\AppData\Roaming\Python\Python314\site-packages\sqlalchemy\engine\util.py", line 145, in __exit__
    self.commit()
    ~~~~~~~~~~~^^
  File "<string>", line 2, in commit
  File "C:\Users\agust\AppData\Roaming\Python\Python314\site-packages\sqlalchemy\orm\state_changes.py", line 137, in _go
    ret_value = fn(self, *arg, **kw)
  File "C:\Users\agust\AppData\Roaming\Python\Python314\site-packages\sqlalchemy\orm\session.py", line 1316, in commit
    self._prepare_impl()
    ~~~~~~~~~~~~~~~~~~^^
  File "<string>", line 2, in _prepare_impl
  File "C:\Users\agust\AppData\Roaming\Python\Python314\site-packages\sqlalchemy\orm\state_changes.py", line 137, in _go
    ret_value = fn(self, *arg, **kw)
  File "C:\Users\agust\AppData\Roaming\Python\Python314\site-packages\sqlalchemy\orm\session.py", line 1290, in _prepare_impl
    self.session.flush()
    ~~~~~~~~~~~~~~~~~~^^
  File "C:\Users\agust\AppData\Roaming\Python\Python314\site-packages\sqlalchemy\orm\session.py", line 4353, in flush
    self._flush(objects)
    ~~~~~~~~~~~^^^^^^^^^
  File "C:\Users\agust\AppData\Roaming\Python\Python314\site-packages\sqlalchemy\orm\session.py", line 4488, in _flush
    with util.safe_reraise():
         ~~~~~~~~~~~~~~~~~^^
  File "C:\Users\agust\AppData\Roaming\Python\Python314\site-packages\sqlalchemy\util\langhelpers.py", line 122, in __exit__
    raise exc_value.with_traceback(exc_tb)
  File "C:\Users\agust\AppData\Roaming\Python\Python314\site-packages\sqlalchemy\orm\session.py", line 4449, in _flush
    flush_context.execute()
    ~~~~~~~~~~~~~~~~~~~~~^^
  File "C:\Users\agust\AppData\Roaming\Python\Python314\site-packages\sqlalchemy\orm\unitofwork.py", line 465, in execute
    rec.execute(self)
    ~~~~~~~~~~~^^^^^^
  File "C:\Users\agust\AppData\Roaming\Python\Python314\site-packages\sqlalchemy\orm\unitofwork.py", line 678, in execute
    util.preloaded.orm_persistence.delete_obj(
    ~~~~~~~~~~~~~~~~~~~~~~~~~~~~~~~~~~~~~~~~~^
        self.mapper,
        ^^^^^^^^^^^^
        uow.states_for_mapper_hierarchy(self.mapper, True, False),
        ^^^^^^^^^^^^^^^^^^^^^^^^^^^^^^^^^^^^^^^^^^^^^^^^^^^^^^^^^^
        uow,
        ^^^^
    )
    ^
  File "C:\Users\agust\AppData\Roaming\Python\Python314\site-packages\sqlalchemy\orm\persistence.py", line 194, in delete_obj
    _emit_delete_statements(
    ~~~~~~~~~~~~~~~~~~~~~~~^
        base_mapper,
        ^^^^^^^^^^^^
    ...<3 lines>...
        delete,
        ^^^^^^^
    )
    ^
  File "C:\Users\agust\AppData\Roaming\Python\Python314\site-packages\sqlalchemy\orm\persistence.py", line 1472, in _emit_delete_statements
    c = connection.execute(
        statement, del_objects, execution_options=execution_options
    )
  File "C:\Users\agust\AppData\Roaming\Python\Python314\site-packages\sqlalchemy\engine\base.py", line 1421, in execute
    return meth(
        self,
        distilled_parameters,
        execution_options or NO_OPTIONS,
    )
  File "C:\Users\agust\AppData\Roaming\Python\Python314\site-packages\sqlalchemy\sql\elements.py", line 526, in _execute_on_connection
    return connection._execute_clauseelement(
           ~~~~~~~~~~~~~~~~~~~~~~~~~~~~~~~~~^
        self, distilled_params, execution_options
        ^^^^^^^^^^^^^^^^^^^^^^^^^^^^^^^^^^^^^^^^^
    )
    ^
  File "C:\Users\agust\AppData\Roaming\Python\Python314\site-packages\sqlalchemy\engine\base.py", line 1643, in _execute_clauseelement
    ret = self._execute_context(
        dialect,
    ...<8 lines>...
        cache_hit=cache_hit,
    )
  File "C:\Users\agust\AppData\Roaming\Python\Python314\site-packages\sqlalchemy\engine\base.py", line 1848, in _execute_context
    return self._exec_single_context(
           ~~~~~~~~~~~~~~~~~~~~~~~~~^
        dialect, context, statement, parameters
        ^^^^^^^^^^^^^^^^^^^^^^^^^^^^^^^^^^^^^^^
    )
    ^
  File "C:\Users\agust\AppData\Roaming\Python\Python314\site-packages\sqlalchemy\engine\base.py", line 1988, in _exec_single_context
    self._handle_dbapi_exception(
    ~~~~~~~~~~~~~~~~~~~~~~~~~~~~^
        e, str_statement, effective_parameters, cursor, context
        ^^^^^^^^^^^^^^^^^^^^^^^^^^^^^^^^^^^^^^^^^^^^^^^^^^^^^^^
    )
    ^
  File "C:\Users\agust\AppData\Roaming\Python\Python314\site-packages\sqlalchemy\engine\base.py", line 2365, in _handle_dbapi_exception
    raise sqlalchemy_exception.with_traceback(exc_info[2]) from e
  File "C:\Users\agust\AppData\Roaming\Python\Python314\site-packages\sqlalchemy\engine\base.py", line 1969, in _exec_single_context
    self.dialect.do_execute(
    ~~~~~~~~~~~~~~~~~~~~~~~^
        cursor, str_statement, effective_parameters, context
        ^^^^^^^^^^^^^^^^^^^^^^^^^^^^^^^^^^^^^^^^^^^^^^^^^^^^
    )
    ^
  File "C:\Users\agust\AppData\Roaming\Python\Python314\site-packages\sqlalchemy\engine\default.py", line 952, in do_execute
    cursor.execute(statement, parameters)
    ~~~~~~~~~~~~~~^^^^^^^^^^^^^^^^^^^^^^^
  File "C:\Users\agust\AppData\Roaming\Python\Python314\site-packages\sqlalchemy\dialects\postgresql\asyncpg.py", line 585, in execute
    self._adapt_connection.await_(
    ~~~~~~~~~~~~~~~~~~~~~~~~~~~~~^
        self._prepare_and_execute(operation, parameters)
        ^^^^^^^^^^^^^^^^^^^^^^^^^^^^^^^^^^^^^^^^^^^^^^^^
    )
    ^
  File "C:\Users\agust\AppData\Roaming\Python\Python314\site-packages\sqlalchemy\util\_concurrency_py3k.py", line 132, in await_only
    return current.parent.switch(awaitable)  # type: ignore[no-any-return,attr-defined] # noqa: E501
           ~~~~~~~~~~~~~~~~~~~~~^^^^^^^^^^^
  File "C:\Users\agust\AppData\Roaming\Python\Python314\site-packages\sqlalchemy\util\_concurrency_py3k.py", line 196, in greenlet_spawn
    value = await result
            ^^^^^^^^^^^^
  File "C:\Users\agust\AppData\Roaming\Python\Python314\site-packages\sqlalchemy\dialects\postgresql\asyncpg.py", line 563, in _prepare_and_execute
    self._handle_exception(error)
    ~~~~~~~~~~~~~~~~~~~~~~^^^^^^^
  File "C:\Users\agust\AppData\Roaming\Python\Python314\site-packages\sqlalchemy\dialects\postgresql\asyncpg.py", line 513, in _handle_exception
    self._adapt_connection._handle_exception(error)
    ~~~~~~~~~~~~~~~~~~~~~~~~~~~~~~~~~~~~~~~~^^^^^^^
  File "C:\Users\agust\AppData\Roaming\Python\Python314\site-packages\sqlalchemy\dialects\postgresql\asyncpg.py", line 797, in _handle_exception
    raise translated_error from error
sqlalchemy.exc.IntegrityError: (sqlalchemy.dialects.postgresql.asyncpg.IntegrityError) <class 'asyncpg.exceptions.ForeignKeyViolationError'>: update or delete on table "campos" violates foreign key constraint "parcelas_nombre_campo_fkey" on table "parcelas"
DETAIL:  Key (nombre_campo)=(CampoTest2) is still referenced from table "parcelas".
[SQL: DELETE FROM campos WHERE campos.nombre_campo = $1::VARCHAR]
[parameters: ('CampoTest2',)]
(Background on this error at: https://sqlalche.me/e/20/gkpj)
ERROR:    Exception in ASGI application
Traceback (most recent call last):
  File "C:\Users\agust\AppData\Roaming\Python\Python314\site-packages\sqlalchemy\dialects\postgresql\asyncpg.py", line 550, in _prepare_and_execute
    self._rows = deque(await prepared_stmt.fetch(*parameters))
                       ^^^^^^^^^^^^^^^^^^^^^^^^^^^^^^^^^^^^^^
  File "C:\Users\agust\AppData\Roaming\Python\Python314\site-packages\asyncpg\prepared_stmt.py", line 177, in fetch
    data = await self.__bind_execute(args, 0, timeout)
           ^^^^^^^^^^^^^^^^^^^^^^^^^^^^^^^^^^^^^^^^^^^
  File "C:\Users\agust\AppData\Roaming\Python\Python314\site-packages\asyncpg\prepared_stmt.py", line 268, in __bind_execute
    data, status, _ = await self.__do_execute(
                      ^^^^^^^^^^^^^^^^^^^^^^^^
        lambda protocol: protocol.bind_execute(
        ^^^^^^^^^^^^^^^^^^^^^^^^^^^^^^^^^^^^^^^
            self._state, args, '', limit, True, timeout))
            ^^^^^^^^^^^^^^^^^^^^^^^^^^^^^^^^^^^^^^^^^^^^^
  File "C:\Users\agust\AppData\Roaming\Python\Python314\site-packages\asyncpg\prepared_stmt.py", line 257, in __do_execute
    return await executor(protocol)
           ^^^^^^^^^^^^^^^^^^^^^^^^
  File "asyncpg/protocol/protocol.pyx", line 205, in bind_execute
asyncpg.exceptions.ForeignKeyViolationError: update or delete on table "campos" violates foreign key constraint "parcelas_nombre_campo_fkey" on table "parcelas"
DETAIL:  Key (nombre_campo)=(CampoTest2) is still referenced from table "parcelas".

The above exception was the direct cause of the following exception:

Traceback (most recent call last):
  File "C:\Users\agust\AppData\Roaming\Python\Python314\site-packages\sqlalchemy\engine\base.py", line 1969, in _exec_single_context
    self.dialect.do_execute(
    ~~~~~~~~~~~~~~~~~~~~~~~^
        cursor, str_statement, effective_parameters, context
        ^^^^^^^^^^^^^^^^^^^^^^^^^^^^^^^^^^^^^^^^^^^^^^^^^^^^
    )
    ^
  File "C:\Users\agust\AppData\Roaming\Python\Python314\site-packages\sqlalchemy\engine\default.py", line 952, in do_execute
    cursor.execute(statement, parameters)
    ~~~~~~~~~~~~~~^^^^^^^^^^^^^^^^^^^^^^^
  File "C:\Users\agust\AppData\Roaming\Python\Python314\site-packages\sqlalchemy\dialects\postgresql\asyncpg.py", line 585, in execute
    self._adapt_connection.await_(
    ~~~~~~~~~~~~~~~~~~~~~~~~~~~~~^
        self._prepare_and_execute(operation, parameters)
        ^^^^^^^^^^^^^^^^^^^^^^^^^^^^^^^^^^^^^^^^^^^^^^^^
    )
    ^
  File "C:\Users\agust\AppData\Roaming\Python\Python314\site-packages\sqlalchemy\util\_concurrency_py3k.py", line 132, in await_only
    return current.parent.switch(awaitable)  # type: ignore[no-any-return,attr-defined] # noqa: E501
           ~~~~~~~~~~~~~~~~~~~~~^^^^^^^^^^^
  File "C:\Users\agust\AppData\Roaming\Python\Python314\site-packages\sqlalchemy\util\_concurrency_py3k.py", line 196, in greenlet_spawn
    value = await result
            ^^^^^^^^^^^^
  File "C:\Users\agust\AppData\Roaming\Python\Python314\site-packages\sqlalchemy\dialects\postgresql\asyncpg.py", line 563, in _prepare_and_execute
    self._handle_exception(error)
    ~~~~~~~~~~~~~~~~~~~~~~^^^^^^^
  File "C:\Users\agust\AppData\Roaming\Python\Python314\site-packages\sqlalchemy\dialects\postgresql\asyncpg.py", line 513, in _handle_exception
    self._adapt_connection._handle_exception(error)
    ~~~~~~~~~~~~~~~~~~~~~~~~~~~~~~~~~~~~~~~~^^^^^^^
  File "C:\Users\agust\AppData\Roaming\Python\Python314\site-packages\sqlalchemy\dialects\postgresql\asyncpg.py", line 797, in _handle_exception
    raise translated_error from error
sqlalchemy.dialects.postgresql.asyncpg.AsyncAdapt_asyncpg_dbapi.IntegrityError: <class 'asyncpg.exceptions.ForeignKeyViolationError'>: update or delete on table "campos" violates foreign key constraint "parcelas_nombre_campo_fkey" on table "parcelas"
DETAIL:  Key (nombre_campo)=(CampoTest2) is still referenced from table "parcelas".

The above exception was the direct cause of the following exception:

Traceback (most recent call last):
  File "C:\Users\agust\AppData\Roaming\Python\Python314\site-packages\uvicorn\protocols\http\httptools_impl.py", line 421, in run_asgi
    result = await app(  # type: ignore[func-returns-value]
             ^^^^^^^^^^^^^^^^^^^^^^^^^^^^^^^^^^^^^^^^^^^^^^
        self.scope, self.receive, self.send
        ^^^^^^^^^^^^^^^^^^^^^^^^^^^^^^^^^^^
    )
    ^
  File "C:\Users\agust\AppData\Roaming\Python\Python314\site-packages\uvicorn\middleware\proxy_headers.py", line 62, in __call__
    return await self.app(scope, receive, send)
           ^^^^^^^^^^^^^^^^^^^^^^^^^^^^^^^^^^^^
  File "C:\Users\agust\AppData\Roaming\Python\Python314\site-packages\fastapi\applications.py", line 1163, in __call__
    await super().__call__(scope, receive, send)
  File "C:\Users\agust\AppData\Roaming\Python\Python314\site-packages\starlette\applications.py", line 90, in __call__
    await self.middleware_stack(scope, receive, send)
  File "C:\Users\agust\AppData\Roaming\Python\Python314\site-packages\starlette\middleware\errors.py", line 186, in __call__
    raise exc
  File "C:\Users\agust\AppData\Roaming\Python\Python314\site-packages\starlette\middleware\errors.py", line 164, in __call__
    await self.app(scope, receive, _send)
  File "C:\Users\agust\AppData\Roaming\Python\Python314\site-packages\starlette\middleware\exceptions.py", line 63, in __call__
    await wrap_app_handling_exceptions(self.app, conn)(scope, receive, send)
  File "C:\Users\agust\AppData\Roaming\Python\Python314\site-packages\starlette\_exception_handler.py", line 53, in wrapped_app
    raise exc
  File "C:\Users\agust\AppData\Roaming\Python\Python314\site-packages\starlette\_exception_handler.py", line 42, in wrapped_app
    await app(scope, receive, sender)
  File "C:\Users\agust\AppData\Roaming\Python\Python314\site-packages\fastapi\middleware\asyncexitstack.py", line 18, in __call__
    await self.app(scope, receive, send)
  File "C:\Users\agust\AppData\Roaming\Python\Python314\site-packages\starlette\routing.py", line 660, in __call__
    await self.middleware_stack(scope, receive, send)
  File "C:\Users\agust\AppData\Roaming\Python\Python314\site-packages\fastapi\routing.py", line 2531, in app
    await route.handle(scope, receive, send)
  File "C:\Users\agust\AppData\Roaming\Python\Python314\site-packages\fastapi\routing.py", line 1700, in handle
    await self.original_router.handle(scope, receive, send)
  File "C:\Users\agust\AppData\Roaming\Python\Python314\site-packages\fastapi\routing.py", line 2586, in handle
    await included_router._handle_selected(scope, receive, send)
  File "C:\Users\agust\AppData\Roaming\Python\Python314\site-packages\fastapi\routing.py", line 1720, in _handle_selected
    await original_route.handle(scope, receive, send)
  File "C:\Users\agust\AppData\Roaming\Python\Python314\site-packages\fastapi\routing.py", line 1239, in handle
    await app(scope, receive, send)
  File "C:\Users\agust\AppData\Roaming\Python\Python314\site-packages\fastapi\routing.py", line 150, in app
    await wrap_app_handling_exceptions(app, request)(scope, receive, send)
  File "C:\Users\agust\AppData\Roaming\Python\Python314\site-packages\starlette\_exception_handler.py", line 53, in wrapped_app
    raise exc
  File "C:\Users\agust\AppData\Roaming\Python\Python314\site-packages\starlette\_exception_handler.py", line 42, in wrapped_app
    await app(scope, receive, sender)
  File "C:\Users\agust\AppData\Roaming\Python\Python314\site-packages\fastapi\routing.py", line 136, in app
    response = await f(request)
               ^^^^^^^^^^^^^^^^
  File "C:\Users\agust\AppData\Roaming\Python\Python314\site-packages\fastapi\routing.py", line 690, in app
    raw_response = await run_endpoint_function(
                   ^^^^^^^^^^^^^^^^^^^^^^^^^^^^
    ...<3 lines>...
    )
    ^
  File "C:\Users\agust\AppData\Roaming\Python\Python314\site-packages\fastapi\routing.py", line 344, in run_endpoint_function
    return await dependant.call(**values)
           ^^^^^^^^^^^^^^^^^^^^^^^^^^^^^^
  File "X:\Arqui\AgroTech\src\modules\data_api\router.py", line 334, in delete_campo
    async with db.begin():
               ~~~~~~~~^^
  File "C:\Users\agust\AppData\Roaming\Python\Python314\site-packages\sqlalchemy\ext\asyncio\session.py", line 1886, in __aexit__
    await greenlet_spawn(
        self._sync_transaction().__exit__, type_, value, traceback
    )
  File "C:\Users\agust\AppData\Roaming\Python\Python314\site-packages\sqlalchemy\util\_concurrency_py3k.py", line 203, in greenlet_spawn
    result = context.switch(value)
  File "C:\Users\agust\AppData\Roaming\Python\Python314\site-packages\sqlalchemy\engine\util.py", line 147, in __exit__
    with util.safe_reraise():
         ~~~~~~~~~~~~~~~~~^^
  File "C:\Users\agust\AppData\Roaming\Python\Python314\site-packages\sqlalchemy\util\langhelpers.py", line 122, in __exit__
    raise exc_value.with_traceback(exc_tb)
  File "C:\Users\agust\AppData\Roaming\Python\Python314\site-packages\sqlalchemy\engine\util.py", line 145, in __exit__
    self.commit()
    ~~~~~~~~~~~^^
  File "<string>", line 2, in commit
  File "C:\Users\agust\AppData\Roaming\Python\Python314\site-packages\sqlalchemy\orm\state_changes.py", line 137, in _go
    ret_value = fn(self, *arg, **kw)
  File "C:\Users\agust\AppData\Roaming\Python\Python314\site-packages\sqlalchemy\orm\session.py", line 1316, in commit
    self._prepare_impl()
    ~~~~~~~~~~~~~~~~~~^^
  File "<string>", line 2, in _prepare_impl
  File "C:\Users\agust\AppData\Roaming\Python\Python314\site-packages\sqlalchemy\orm\state_changes.py", line 137, in _go
    ret_value = fn(self, *arg, **kw)
  File "C:\Users\agust\AppData\Roaming\Python\Python314\site-packages\sqlalchemy\orm\session.py", line 1290, in _prepare_impl
    self.session.flush()
    ~~~~~~~~~~~~~~~~~~^^
  File "C:\Users\agust\AppData\Roaming\Python\Python314\site-packages\sqlalchemy\orm\session.py", line 4353, in flush
    self._flush(objects)
    ~~~~~~~~~~~^^^^^^^^^
  File "C:\Users\agust\AppData\Roaming\Python\Python314\site-packages\sqlalchemy\orm\session.py", line 4488, in _flush
    with util.safe_reraise():
         ~~~~~~~~~~~~~~~~~^^
  File "C:\Users\agust\AppData\Roaming\Python\Python314\site-packages\sqlalchemy\util\langhelpers.py", line 122, in __exit__
    raise exc_value.with_traceback(exc_tb)
  File "C:\Users\agust\AppData\Roaming\Python\Python314\site-packages\sqlalchemy\orm\session.py", line 4449, in _flush
    flush_context.execute()
    ~~~~~~~~~~~~~~~~~~~~~^^
  File "C:\Users\agust\AppData\Roaming\Python\Python314\site-packages\sqlalchemy\orm\unitofwork.py", line 465, in execute
    rec.execute(self)
    ~~~~~~~~~~~^^^^^^
  File "C:\Users\agust\AppData\Roaming\Python\Python314\site-packages\sqlalchemy\orm\unitofwork.py", line 678, in execute
    util.preloaded.orm_persistence.delete_obj(
    ~~~~~~~~~~~~~~~~~~~~~~~~~~~~~~~~~~~~~~~~~^
        self.mapper,
        ^^^^^^^^^^^^
        uow.states_for_mapper_hierarchy(self.mapper, True, False),
        ^^^^^^^^^^^^^^^^^^^^^^^^^^^^^^^^^^^^^^^^^^^^^^^^^^^^^^^^^^
        uow,
        ^^^^
    )
    ^
  File "C:\Users\agust\AppData\Roaming\Python\Python314\site-packages\sqlalchemy\orm\persistence.py", line 194, in delete_obj
    _emit_delete_statements(
    ~~~~~~~~~~~~~~~~~~~~~~~^
        base_mapper,
        ^^^^^^^^^^^^
    ...<3 lines>...
        delete,
        ^^^^^^^
    )
    ^
  File "C:\Users\agust\AppData\Roaming\Python\Python314\site-packages\sqlalchemy\orm\persistence.py", line 1472, in _emit_delete_statements
    c = connection.execute(
        statement, del_objects, execution_options=execution_options
    )
  File "C:\Users\agust\AppData\Roaming\Python\Python314\site-packages\sqlalchemy\engine\base.py", line 1421, in execute
    return meth(
        self,
        distilled_parameters,
        execution_options or NO_OPTIONS,
    )
  File "C:\Users\agust\AppData\Roaming\Python\Python314\site-packages\sqlalchemy\sql\elements.py", line 526, in _execute_on_connection
    return connection._execute_clauseelement(
           ~~~~~~~~~~~~~~~~~~~~~~~~~~~~~~~~~^
        self, distilled_params, execution_options
        ^^^^^^^^^^^^^^^^^^^^^^^^^^^^^^^^^^^^^^^^^
    )
    ^
  File "C:\Users\agust\AppData\Roaming\Python\Python314\site-packages\sqlalchemy\engine\base.py", line 1643, in _execute_clauseelement
    ret = self._execute_context(
        dialect,
    ...<8 lines>...
        cache_hit=cache_hit,
    )
  File "C:\Users\agust\AppData\Roaming\Python\Python314\site-packages\sqlalchemy\engine\base.py", line 1848, in _execute_context
    return self._exec_single_context(
           ~~~~~~~~~~~~~~~~~~~~~~~~~^
        dialect, context, statement, parameters
        ^^^^^^^^^^^^^^^^^^^^^^^^^^^^^^^^^^^^^^^
    )
    ^
  File "C:\Users\agust\AppData\Roaming\Python\Python314\site-packages\sqlalchemy\engine\base.py", line 1988, in _exec_single_context
    self._handle_dbapi_exception(
    ~~~~~~~~~~~~~~~~~~~~~~~~~~~~^
        e, str_statement, effective_parameters, cursor, context
        ^^^^^^^^^^^^^^^^^^^^^^^^^^^^^^^^^^^^^^^^^^^^^^^^^^^^^^^
    )
    ^
  File "C:\Users\agust\AppData\Roaming\Python\Python314\site-packages\sqlalchemy\engine\base.py", line 2365, in _handle_dbapi_exception
    raise sqlalchemy_exception.with_traceback(exc_info[2]) from e
  File "C:\Users\agust\AppData\Roaming\Python\Python314\site-packages\sqlalchemy\engine\base.py", line 1969, in _exec_single_context
    self.dialect.do_execute(
    ~~~~~~~~~~~~~~~~~~~~~~~^
        cursor, str_statement, effective_parameters, context
        ^^^^^^^^^^^^^^^^^^^^^^^^^^^^^^^^^^^^^^^^^^^^^^^^^^^^
    )
    ^
  File "C:\Users\agust\AppData\Roaming\Python\Python314\site-packages\sqlalchemy\engine\default.py", line 952, in do_execute
    cursor.execute(statement, parameters)
    ~~~~~~~~~~~~~~^^^^^^^^^^^^^^^^^^^^^^^
  File "C:\Users\agust\AppData\Roaming\Python\Python314\site-packages\sqlalchemy\dialects\postgresql\asyncpg.py", line 585, in execute
    self._adapt_connection.await_(
    ~~~~~~~~~~~~~~~~~~~~~~~~~~~~~^
        self._prepare_and_execute(operation, parameters)
        ^^^^^^^^^^^^^^^^^^^^^^^^^^^^^^^^^^^^^^^^^^^^^^^^
    )
    ^
  File "C:\Users\agust\AppData\Roaming\Python\Python314\site-packages\sqlalchemy\util\_concurrency_py3k.py", line 132, in await_only
    return current.parent.switch(awaitable)  # type: ignore[no-any-return,attr-defined] # noqa: E501
           ~~~~~~~~~~~~~~~~~~~~~^^^^^^^^^^^
  File "C:\Users\agust\AppData\Roaming\Python\Python314\site-packages\sqlalchemy\util\_concurrency_py3k.py", line 196, in greenlet_spawn
    value = await result
            ^^^^^^^^^^^^
  File "C:\Users\agust\AppData\Roaming\Python\Python314\site-packages\sqlalchemy\dialects\postgresql\asyncpg.py", line 563, in _prepare_and_execute
    self._handle_exception(error)
    ~~~~~~~~~~~~~~~~~~~~~~^^^^^^^
  File "C:\Users\agust\AppData\Roaming\Python\Python314\site-packages\sqlalchemy\dialects\postgresql\asyncpg.py", line 513, in _handle_exception
    self._adapt_connection._handle_exception(error)
    ~~~~~~~~~~~~~~~~~~~~~~~~~~~~~~~~~~~~~~~~^^^^^^^
  File "C:\Users\agust\AppData\Roaming\Python\Python314\site-packages\sqlalchemy\dialects\postgresql\asyncpg.py", line 797, in _handle_exception
    raise translated_error from error
sqlalchemy.exc.IntegrityError: (sqlalchemy.dialects.postgresql.asyncpg.IntegrityError) <class 'asyncpg.exceptions.ForeignKeyViolationError'>: update or delete on table "campos" violates foreign key constraint "parcelas_nombre_campo_fkey" on table "parcelas"
DETAIL:  Key (nombre_campo)=(CampoTest2) is still referenced from table "parcelas".
[SQL: DELETE FROM campos WHERE campos.nombre_campo = $1::VARCHAR]
[parameters: ('CampoTest2',)]
(Background on this error at: https://sqlalche.me/e/20/gkpj)
Error interno no controlado | path=/api/campos/CampoX | ip=127.0.0.1
Traceback (most recent call last):
  File "C:\Users\agust\AppData\Roaming\Python\Python314\site-packages\sqlalchemy\dialects\postgresql\asyncpg.py", line 550, in _prepare_and_execute
    self._rows = deque(await prepared_stmt.fetch(*parameters))
                       ^^^^^^^^^^^^^^^^^^^^^^^^^^^^^^^^^^^^^^
  File "C:\Users\agust\AppData\Roaming\Python\Python314\site-packages\asyncpg\prepared_stmt.py", line 177, in fetch
    data = await self.__bind_execute(args, 0, timeout)
           ^^^^^^^^^^^^^^^^^^^^^^^^^^^^^^^^^^^^^^^^^^^
  File "C:\Users\agust\AppData\Roaming\Python\Python314\site-packages\asyncpg\prepared_stmt.py", line 268, in __bind_execute
    data, status, _ = await self.__do_execute(
                      ^^^^^^^^^^^^^^^^^^^^^^^^
        lambda protocol: protocol.bind_execute(
        ^^^^^^^^^^^^^^^^^^^^^^^^^^^^^^^^^^^^^^^
            self._state, args, '', limit, True, timeout))
            ^^^^^^^^^^^^^^^^^^^^^^^^^^^^^^^^^^^^^^^^^^^^^
  File "C:\Users\agust\AppData\Roaming\Python\Python314\site-packages\asyncpg\prepared_stmt.py", line 257, in __do_execute
    return await executor(protocol)
           ^^^^^^^^^^^^^^^^^^^^^^^^
  File "asyncpg/protocol/protocol.pyx", line 205, in bind_execute
asyncpg.exceptions.ForeignKeyViolationError: update or delete on table "campos" violates foreign key constraint "parcelas_nombre_campo_fkey" on table "parcelas"
DETAIL:  Key (nombre_campo)=(CampoX) is still referenced from table "parcelas".

The above exception was the direct cause of the following exception:

Traceback (most recent call last):
  File "C:\Users\agust\AppData\Roaming\Python\Python314\site-packages\sqlalchemy\engine\base.py", line 1969, in _exec_single_context
    self.dialect.do_execute(
    ~~~~~~~~~~~~~~~~~~~~~~~^
        cursor, str_statement, effective_parameters, context
        ^^^^^^^^^^^^^^^^^^^^^^^^^^^^^^^^^^^^^^^^^^^^^^^^^^^^
    )
    ^
  File "C:\Users\agust\AppData\Roaming\Python\Python314\site-packages\sqlalchemy\engine\default.py", line 952, in do_execute
    cursor.execute(statement, parameters)
    ~~~~~~~~~~~~~~^^^^^^^^^^^^^^^^^^^^^^^
  File "C:\Users\agust\AppData\Roaming\Python\Python314\site-packages\sqlalchemy\dialects\postgresql\asyncpg.py", line 585, in execute
    self._adapt_connection.await_(
    ~~~~~~~~~~~~~~~~~~~~~~~~~~~~~^
        self._prepare_and_execute(operation, parameters)
        ^^^^^^^^^^^^^^^^^^^^^^^^^^^^^^^^^^^^^^^^^^^^^^^^
    )
    ^
  File "C:\Users\agust\AppData\Roaming\Python\Python314\site-packages\sqlalchemy\util\_concurrency_py3k.py", line 132, in await_only
    return current.parent.switch(awaitable)  # type: ignore[no-any-return,attr-defined] # noqa: E501
           ~~~~~~~~~~~~~~~~~~~~~^^^^^^^^^^^
  File "C:\Users\agust\AppData\Roaming\Python\Python314\site-packages\sqlalchemy\util\_concurrency_py3k.py", line 196, in greenlet_spawn
    value = await result
            ^^^^^^^^^^^^
  File "C:\Users\agust\AppData\Roaming\Python\Python314\site-packages\sqlalchemy\dialects\postgresql\asyncpg.py", line 563, in _prepare_and_execute
    self._handle_exception(error)
    ~~~~~~~~~~~~~~~~~~~~~~^^^^^^^
  File "C:\Users\agust\AppData\Roaming\Python\Python314\site-packages\sqlalchemy\dialects\postgresql\asyncpg.py", line 513, in _handle_exception
    self._adapt_connection._handle_exception(error)
    ~~~~~~~~~~~~~~~~~~~~~~~~~~~~~~~~~~~~~~~~^^^^^^^
  File "C:\Users\agust\AppData\Roaming\Python\Python314\site-packages\sqlalchemy\dialects\postgresql\asyncpg.py", line 797, in _handle_exception
    raise translated_error from error
sqlalchemy.dialects.postgresql.asyncpg.AsyncAdapt_asyncpg_dbapi.IntegrityError: <class 'asyncpg.exceptions.ForeignKeyViolationError'>: update or delete on table "campos" violates foreign key constraint "parcelas_nombre_campo_fkey" on table "parcelas"
DETAIL:  Key (nombre_campo)=(CampoX) is still referenced from table "parcelas".

The above exception was the direct cause of the following exception:

Traceback (most recent call last):
  File "C:\Users\agust\AppData\Roaming\Python\Python314\site-packages\starlette\middleware\errors.py", line 164, in __call__
    await self.app(scope, receive, _send)
  File "C:\Users\agust\AppData\Roaming\Python\Python314\site-packages\starlette\middleware\exceptions.py", line 63, in __call__
    await wrap_app_handling_exceptions(self.app, conn)(scope, receive, send)
  File "C:\Users\agust\AppData\Roaming\Python\Python314\site-packages\starlette\_exception_handler.py", line 53, in wrapped_app
    raise exc
  File "C:\Users\agust\AppData\Roaming\Python\Python314\site-packages\starlette\_exception_handler.py", line 42, in wrapped_app
    await app(scope, receive, sender)
  File "C:\Users\agust\AppData\Roaming\Python\Python314\site-packages\fastapi\middleware\asyncexitstack.py", line 18, in __call__
    await self.app(scope, receive, send)
  File "C:\Users\agust\AppData\Roaming\Python\Python314\site-packages\starlette\routing.py", line 660, in __call__
    await self.middleware_stack(scope, receive, send)
  File "C:\Users\agust\AppData\Roaming\Python\Python314\site-packages\fastapi\routing.py", line 2531, in app
    await route.handle(scope, receive, send)
  File "C:\Users\agust\AppData\Roaming\Python\Python314\site-packages\fastapi\routing.py", line 1700, in handle
    await self.original_router.handle(scope, receive, send)
  File "C:\Users\agust\AppData\Roaming\Python\Python314\site-packages\fastapi\routing.py", line 2586, in handle
    await included_router._handle_selected(scope, receive, send)
  File "C:\Users\agust\AppData\Roaming\Python\Python314\site-packages\fastapi\routing.py", line 1720, in _handle_selected
    await original_route.handle(scope, receive, send)
  File "C:\Users\agust\AppData\Roaming\Python\Python314\site-packages\fastapi\routing.py", line 1239, in handle
    await app(scope, receive, send)
  File "C:\Users\agust\AppData\Roaming\Python\Python314\site-packages\fastapi\routing.py", line 150, in app
    await wrap_app_handling_exceptions(app, request)(scope, receive, send)
  File "C:\Users\agust\AppData\Roaming\Python\Python314\site-packages\starlette\_exception_handler.py", line 53, in wrapped_app
    raise exc
  File "C:\Users\agust\AppData\Roaming\Python\Python314\site-packages\starlette\_exception_handler.py", line 42, in wrapped_app
    await app(scope, receive, sender)
  File "C:\Users\agust\AppData\Roaming\Python\Python314\site-packages\fastapi\routing.py", line 136, in app
    response = await f(request)
               ^^^^^^^^^^^^^^^^
  File "C:\Users\agust\AppData\Roaming\Python\Python314\site-packages\fastapi\routing.py", line 690, in app
    raw_response = await run_endpoint_function(
                   ^^^^^^^^^^^^^^^^^^^^^^^^^^^^
    ...<3 lines>...
    )
    ^
  File "C:\Users\agust\AppData\Roaming\Python\Python314\site-packages\fastapi\routing.py", line 344, in run_endpoint_function
    return await dependant.call(**values)
           ^^^^^^^^^^^^^^^^^^^^^^^^^^^^^^
  File "X:\Arqui\AgroTech\src\modules\data_api\router.py", line 334, in delete_campo
    async with db.begin():
               ~~~~~~~~^^
  File "C:\Users\agust\AppData\Roaming\Python\Python314\site-packages\sqlalchemy\ext\asyncio\session.py", line 1886, in __aexit__
    await greenlet_spawn(
        self._sync_transaction().__exit__, type_, value, traceback
    )
  File "C:\Users\agust\AppData\Roaming\Python\Python314\site-packages\sqlalchemy\util\_concurrency_py3k.py", line 203, in greenlet_spawn
    result = context.switch(value)
  File "C:\Users\agust\AppData\Roaming\Python\Python314\site-packages\sqlalchemy\engine\util.py", line 147, in __exit__
    with util.safe_reraise():
         ~~~~~~~~~~~~~~~~~^^
  File "C:\Users\agust\AppData\Roaming\Python\Python314\site-packages\sqlalchemy\util\langhelpers.py", line 122, in __exit__
    raise exc_value.with_traceback(exc_tb)
  File "C:\Users\agust\AppData\Roaming\Python\Python314\site-packages\sqlalchemy\engine\util.py", line 145, in __exit__
    self.commit()
    ~~~~~~~~~~~^^
  File "<string>", line 2, in commit
  File "C:\Users\agust\AppData\Roaming\Python\Python314\site-packages\sqlalchemy\orm\state_changes.py", line 137, in _go
    ret_value = fn(self, *arg, **kw)
  File "C:\Users\agust\AppData\Roaming\Python\Python314\site-packages\sqlalchemy\orm\session.py", line 1316, in commit
    self._prepare_impl()
    ~~~~~~~~~~~~~~~~~~^^
  File "<string>", line 2, in _prepare_impl
  File "C:\Users\agust\AppData\Roaming\Python\Python314\site-packages\sqlalchemy\orm\state_changes.py", line 137, in _go
    ret_value = fn(self, *arg, **kw)
  File "C:\Users\agust\AppData\Roaming\Python\Python314\site-packages\sqlalchemy\orm\session.py", line 1290, in _prepare_impl
    self.session.flush()
    ~~~~~~~~~~~~~~~~~~^^
  File "C:\Users\agust\AppData\Roaming\Python\Python314\site-packages\sqlalchemy\orm\session.py", line 4353, in flush
    self._flush(objects)
    ~~~~~~~~~~~^^^^^^^^^
  File "C:\Users\agust\AppData\Roaming\Python\Python314\site-packages\sqlalchemy\orm\session.py", line 4488, in _flush
    with util.safe_reraise():
         ~~~~~~~~~~~~~~~~~^^
  File "C:\Users\agust\AppData\Roaming\Python\Python314\site-packages\sqlalchemy\util\langhelpers.py", line 122, in __exit__
    raise exc_value.with_traceback(exc_tb)
  File "C:\Users\agust\AppData\Roaming\Python\Python314\site-packages\sqlalchemy\orm\session.py", line 4449, in _flush
    flush_context.execute()
    ~~~~~~~~~~~~~~~~~~~~~^^
  File "C:\Users\agust\AppData\Roaming\Python\Python314\site-packages\sqlalchemy\orm\unitofwork.py", line 465, in execute
    rec.execute(self)
    ~~~~~~~~~~~^^^^^^
  File "C:\Users\agust\AppData\Roaming\Python\Python314\site-packages\sqlalchemy\orm\unitofwork.py", line 678, in execute
    util.preloaded.orm_persistence.delete_obj(
    ~~~~~~~~~~~~~~~~~~~~~~~~~~~~~~~~~~~~~~~~~^
        self.mapper,
        ^^^^^^^^^^^^
        uow.states_for_mapper_hierarchy(self.mapper, True, False),
        ^^^^^^^^^^^^^^^^^^^^^^^^^^^^^^^^^^^^^^^^^^^^^^^^^^^^^^^^^^
        uow,
        ^^^^
    )
    ^
  File "C:\Users\agust\AppData\Roaming\Python\Python314\site-packages\sqlalchemy\orm\persistence.py", line 194, in delete_obj
    _emit_delete_statements(
    ~~~~~~~~~~~~~~~~~~~~~~~^
        base_mapper,
        ^^^^^^^^^^^^
    ...<3 lines>...
        delete,
        ^^^^^^^
    )
    ^
  File "C:\Users\agust\AppData\Roaming\Python\Python314\site-packages\sqlalchemy\orm\persistence.py", line 1472, in _emit_delete_statements
    c = connection.execute(
        statement, del_objects, execution_options=execution_options
    )
  File "C:\Users\agust\AppData\Roaming\Python\Python314\site-packages\sqlalchemy\engine\base.py", line 1421, in execute
    return meth(
        self,
        distilled_parameters,
        execution_options or NO_OPTIONS,
    )
  File "C:\Users\agust\AppData\Roaming\Python\Python314\site-packages\sqlalchemy\sql\elements.py", line 526, in _execute_on_connection
    return connection._execute_clauseelement(
           ~~~~~~~~~~~~~~~~~~~~~~~~~~~~~~~~~^
        self, distilled_params, execution_options
        ^^^^^^^^^^^^^^^^^^^^^^^^^^^^^^^^^^^^^^^^^
    )
    ^
  File "C:\Users\agust\AppData\Roaming\Python\Python314\site-packages\sqlalchemy\engine\base.py", line 1643, in _execute_clauseelement
    ret = self._execute_context(
        dialect,
    ...<8 lines>...
        cache_hit=cache_hit,
    )
  File "C:\Users\agust\AppData\Roaming\Python\Python314\site-packages\sqlalchemy\engine\base.py", line 1848, in _execute_context
    return self._exec_single_context(
           ~~~~~~~~~~~~~~~~~~~~~~~~~^
        dialect, context, statement, parameters
        ^^^^^^^^^^^^^^^^^^^^^^^^^^^^^^^^^^^^^^^
    )
    ^
  File "C:\Users\agust\AppData\Roaming\Python\Python314\site-packages\sqlalchemy\engine\base.py", line 1988, in _exec_single_context
    self._handle_dbapi_exception(
    ~~~~~~~~~~~~~~~~~~~~~~~~~~~~^
        e, str_statement, effective_parameters, cursor, context
        ^^^^^^^^^^^^^^^^^^^^^^^^^^^^^^^^^^^^^^^^^^^^^^^^^^^^^^^
    )
    ^
  File "C:\Users\agust\AppData\Roaming\Python\Python314\site-packages\sqlalchemy\engine\base.py", line 2365, in _handle_dbapi_exception
    raise sqlalchemy_exception.with_traceback(exc_info[2]) from e
  File "C:\Users\agust\AppData\Roaming\Python\Python314\site-packages\sqlalchemy\engine\base.py", line 1969, in _exec_single_context
    self.dialect.do_execute(
    ~~~~~~~~~~~~~~~~~~~~~~~^
        cursor, str_statement, effective_parameters, context
        ^^^^^^^^^^^^^^^^^^^^^^^^^^^^^^^^^^^^^^^^^^^^^^^^^^^^
    )
    ^
  File "C:\Users\agust\AppData\Roaming\Python\Python314\site-packages\sqlalchemy\engine\default.py", line 952, in do_execute
    cursor.execute(statement, parameters)
    ~~~~~~~~~~~~~~^^^^^^^^^^^^^^^^^^^^^^^
  File "C:\Users\agust\AppData\Roaming\Python\Python314\site-packages\sqlalchemy\dialects\postgresql\asyncpg.py", line 585, in execute
    self._adapt_connection.await_(
    ~~~~~~~~~~~~~~~~~~~~~~~~~~~~~^
        self._prepare_and_execute(operation, parameters)
        ^^^^^^^^^^^^^^^^^^^^^^^^^^^^^^^^^^^^^^^^^^^^^^^^
    )
    ^
  File "C:\Users\agust\AppData\Roaming\Python\Python314\site-packages\sqlalchemy\util\_concurrency_py3k.py", line 132, in await_only
    return current.parent.switch(awaitable)  # type: ignore[no-any-return,attr-defined] # noqa: E501
           ~~~~~~~~~~~~~~~~~~~~~^^^^^^^^^^^
  File "C:\Users\agust\AppData\Roaming\Python\Python314\site-packages\sqlalchemy\util\_concurrency_py3k.py", line 196, in greenlet_spawn
    value = await result
            ^^^^^^^^^^^^
  File "C:\Users\agust\AppData\Roaming\Python\Python314\site-packages\sqlalchemy\dialects\postgresql\asyncpg.py", line 563, in _prepare_and_execute
    self._handle_exception(error)
    ~~~~~~~~~~~~~~~~~~~~~~^^^^^^^
  File "C:\Users\agust\AppData\Roaming\Python\Python314\site-packages\sqlalchemy\dialects\postgresql\asyncpg.py", line 513, in _handle_exception
    self._adapt_connection._handle_exception(error)
    ~~~~~~~~~~~~~~~~~~~~~~~~~~~~~~~~~~~~~~~~^^^^^^^
  File "C:\Users\agust\AppData\Roaming\Python\Python314\site-packages\sqlalchemy\dialects\postgresql\asyncpg.py", line 797, in _handle_exception
    raise translated_error from error
sqlalchemy.exc.IntegrityError: (sqlalchemy.dialects.postgresql.asyncpg.IntegrityError) <class 'asyncpg.exceptions.ForeignKeyViolationError'>: update or delete on table "campos" violates foreign key constraint "parcelas_nombre_campo_fkey" on table "parcelas"
DETAIL:  Key (nombre_campo)=(CampoX) is still referenced from table "parcelas".
[SQL: DELETE FROM campos WHERE campos.nombre_campo = $1::VARCHAR]
[parameters: ('CampoX',)]
(Background on this error at: https://sqlalche.me/e/20/gkpj)
ERROR:    Exception in ASGI application
Traceback (most recent call last):
  File "C:\Users\agust\AppData\Roaming\Python\Python314\site-packages\sqlalchemy\dialects\postgresql\asyncpg.py", line 550, in _prepare_and_execute
    self._rows = deque(await prepared_stmt.fetch(*parameters))
                       ^^^^^^^^^^^^^^^^^^^^^^^^^^^^^^^^^^^^^^
  File "C:\Users\agust\AppData\Roaming\Python\Python314\site-packages\asyncpg\prepared_stmt.py", line 177, in fetch
    data = await self.__bind_execute(args, 0, timeout)
           ^^^^^^^^^^^^^^^^^^^^^^^^^^^^^^^^^^^^^^^^^^^
  File "C:\Users\agust\AppData\Roaming\Python\Python314\site-packages\asyncpg\prepared_stmt.py", line 268, in __bind_execute
    data, status, _ = await self.__do_execute(
                      ^^^^^^^^^^^^^^^^^^^^^^^^
        lambda protocol: protocol.bind_execute(
        ^^^^^^^^^^^^^^^^^^^^^^^^^^^^^^^^^^^^^^^
            self._state, args, '', limit, True, timeout))
            ^^^^^^^^^^^^^^^^^^^^^^^^^^^^^^^^^^^^^^^^^^^^^
  File "C:\Users\agust\AppData\Roaming\Python\Python314\site-packages\asyncpg\prepared_stmt.py", line 257, in __do_execute
    return await executor(protocol)
           ^^^^^^^^^^^^^^^^^^^^^^^^
  File "asyncpg/protocol/protocol.pyx", line 205, in bind_execute
asyncpg.exceptions.ForeignKeyViolationError: update or delete on table "campos" violates foreign key constraint "parcelas_nombre_campo_fkey" on table "parcelas"
DETAIL:  Key (nombre_campo)=(CampoX) is still referenced from table "parcelas".

The above exception was the direct cause of the following exception:

Traceback (most recent call last):
  File "C:\Users\agust\AppData\Roaming\Python\Python314\site-packages\sqlalchemy\engine\base.py", line 1969, in _exec_single_context
    self.dialect.do_execute(
    ~~~~~~~~~~~~~~~~~~~~~~~^
        cursor, str_statement, effective_parameters, context
        ^^^^^^^^^^^^^^^^^^^^^^^^^^^^^^^^^^^^^^^^^^^^^^^^^^^^
    )
    ^
  File "C:\Users\agust\AppData\Roaming\Python\Python314\site-packages\sqlalchemy\engine\default.py", line 952, in do_execute
    cursor.execute(statement, parameters)
    ~~~~~~~~~~~~~~^^^^^^^^^^^^^^^^^^^^^^^
  File "C:\Users\agust\AppData\Roaming\Python\Python314\site-packages\sqlalchemy\dialects\postgresql\asyncpg.py", line 585, in execute
    self._adapt_connection.await_(
    ~~~~~~~~~~~~~~~~~~~~~~~~~~~~~^
        self._prepare_and_execute(operation, parameters)
        ^^^^^^^^^^^^^^^^^^^^^^^^^^^^^^^^^^^^^^^^^^^^^^^^
    )
    ^
  File "C:\Users\agust\AppData\Roaming\Python\Python314\site-packages\sqlalchemy\util\_concurrency_py3k.py", line 132, in await_only
    return current.parent.switch(awaitable)  # type: ignore[no-any-return,attr-defined] # noqa: E501
           ~~~~~~~~~~~~~~~~~~~~~^^^^^^^^^^^
  File "C:\Users\agust\AppData\Roaming\Python\Python314\site-packages\sqlalchemy\util\_concurrency_py3k.py", line 196, in greenlet_spawn
    value = await result
            ^^^^^^^^^^^^
  File "C:\Users\agust\AppData\Roaming\Python\Python314\site-packages\sqlalchemy\dialects\postgresql\asyncpg.py", line 563, in _prepare_and_execute
    self._handle_exception(error)
    ~~~~~~~~~~~~~~~~~~~~~~^^^^^^^
  File "C:\Users\agust\AppData\Roaming\Python\Python314\site-packages\sqlalchemy\dialects\postgresql\asyncpg.py", line 513, in _handle_exception
    self._adapt_connection._handle_exception(error)
    ~~~~~~~~~~~~~~~~~~~~~~~~~~~~~~~~~~~~~~~~^^^^^^^
  File "C:\Users\agust\AppData\Roaming\Python\Python314\site-packages\sqlalchemy\dialects\postgresql\asyncpg.py", line 797, in _handle_exception
    raise translated_error from error
sqlalchemy.dialects.postgresql.asyncpg.AsyncAdapt_asyncpg_dbapi.IntegrityError: <class 'asyncpg.exceptions.ForeignKeyViolationError'>: update or delete on table "campos" violates foreign key constraint "parcelas_nombre_campo_fkey" on table "parcelas"
DETAIL:  Key (nombre_campo)=(CampoX) is still referenced from table "parcelas".

The above exception was the direct cause of the following exception:

Traceback (most recent call last):
  File "C:\Users\agust\AppData\Roaming\Python\Python314\site-packages\uvicorn\protocols\http\httptools_impl.py", line 421, in run_asgi
    result = await app(  # type: ignore[func-returns-value]
             ^^^^^^^^^^^^^^^^^^^^^^^^^^^^^^^^^^^^^^^^^^^^^^
        self.scope, self.receive, self.send
        ^^^^^^^^^^^^^^^^^^^^^^^^^^^^^^^^^^^
    )
    ^
  File "C:\Users\agust\AppData\Roaming\Python\Python314\site-packages\uvicorn\middleware\proxy_headers.py", line 62, in __call__
    return await self.app(scope, receive, send)
           ^^^^^^^^^^^^^^^^^^^^^^^^^^^^^^^^^^^^
  File "C:\Users\agust\AppData\Roaming\Python\Python314\site-packages\fastapi\applications.py", line 1163, in __call__
    await super().__call__(scope, receive, send)
  File "C:\Users\agust\AppData\Roaming\Python\Python314\site-packages\starlette\applications.py", line 90, in __call__
    await self.middleware_stack(scope, receive, send)
  File "C:\Users\agust\AppData\Roaming\Python\Python314\site-packages\starlette\middleware\errors.py", line 186, in __call__
    raise exc
  File "C:\Users\agust\AppData\Roaming\Python\Python314\site-packages\starlette\middleware\errors.py", line 164, in __call__
    await self.app(scope, receive, _send)
  File "C:\Users\agust\AppData\Roaming\Python\Python314\site-packages\starlette\middleware\exceptions.py", line 63, in __call__
    await wrap_app_handling_exceptions(self.app, conn)(scope, receive, send)
  File "C:\Users\agust\AppData\Roaming\Python\Python314\site-packages\starlette\_exception_handler.py", line 53, in wrapped_app
    raise exc
  File "C:\Users\agust\AppData\Roaming\Python\Python314\site-packages\starlette\_exception_handler.py", line 42, in wrapped_app
    await app(scope, receive, sender)
  File "C:\Users\agust\AppData\Roaming\Python\Python314\site-packages\fastapi\middleware\asyncexitstack.py", line 18, in __call__
    await self.app(scope, receive, send)
  File "C:\Users\agust\AppData\Roaming\Python\Python314\site-packages\starlette\routing.py", line 660, in __call__
    await self.middleware_stack(scope, receive, send)
  File "C:\Users\agust\AppData\Roaming\Python\Python314\site-packages\fastapi\routing.py", line 2531, in app
    await route.handle(scope, receive, send)
  File "C:\Users\agust\AppData\Roaming\Python\Python314\site-packages\fastapi\routing.py", line 1700, in handle
    await self.original_router.handle(scope, receive, send)
  File "C:\Users\agust\AppData\Roaming\Python\Python314\site-packages\fastapi\routing.py", line 2586, in handle
    await included_router._handle_selected(scope, receive, send)
  File "C:\Users\agust\AppData\Roaming\Python\Python314\site-packages\fastapi\routing.py", line 1720, in _handle_selected
    await original_route.handle(scope, receive, send)
  File "C:\Users\agust\AppData\Roaming\Python\Python314\site-packages\fastapi\routing.py", line 1239, in handle
    await app(scope, receive, send)
  File "C:\Users\agust\AppData\Roaming\Python\Python314\site-packages\fastapi\routing.py", line 150, in app
    await wrap_app_handling_exceptions(app, request)(scope, receive, send)
  File "C:\Users\agust\AppData\Roaming\Python\Python314\site-packages\starlette\_exception_handler.py", line 53, in wrapped_app
    raise exc
  File "C:\Users\agust\AppData\Roaming\Python\Python314\site-packages\starlette\_exception_handler.py", line 42, in wrapped_app
    await app(scope, receive, sender)
  File "C:\Users\agust\AppData\Roaming\Python\Python314\site-packages\fastapi\routing.py", line 136, in app
    response = await f(request)
               ^^^^^^^^^^^^^^^^
  File "C:\Users\agust\AppData\Roaming\Python\Python314\site-packages\fastapi\routing.py", line 690, in app
    raw_response = await run_endpoint_function(
                   ^^^^^^^^^^^^^^^^^^^^^^^^^^^^
    ...<3 lines>...
    )
    ^
  File "C:\Users\agust\AppData\Roaming\Python\Python314\site-packages\fastapi\routing.py", line 344, in run_endpoint_function
    return await dependant.call(**values)
           ^^^^^^^^^^^^^^^^^^^^^^^^^^^^^^
  File "X:\Arqui\AgroTech\src\modules\data_api\router.py", line 334, in delete_campo
    async with db.begin():
               ~~~~~~~~^^
  File "C:\Users\agust\AppData\Roaming\Python\Python314\site-packages\sqlalchemy\ext\asyncio\session.py", line 1886, in __aexit__
    await greenlet_spawn(
        self._sync_transaction().__exit__, type_, value, traceback
    )
  File "C:\Users\agust\AppData\Roaming\Python\Python314\site-packages\sqlalchemy\util\_concurrency_py3k.py", line 203, in greenlet_spawn
    result = context.switch(value)
  File "C:\Users\agust\AppData\Roaming\Python\Python314\site-packages\sqlalchemy\engine\util.py", line 147, in __exit__
    with util.safe_reraise():
         ~~~~~~~~~~~~~~~~~^^
  File "C:\Users\agust\AppData\Roaming\Python\Python314\site-packages\sqlalchemy\util\langhelpers.py", line 122, in __exit__
    raise exc_value.with_traceback(exc_tb)
  File "C:\Users\agust\AppData\Roaming\Python\Python314\site-packages\sqlalchemy\engine\util.py", line 145, in __exit__
    self.commit()
    ~~~~~~~~~~~^^
  File "<string>", line 2, in commit
  File "C:\Users\agust\AppData\Roaming\Python\Python314\site-packages\sqlalchemy\orm\state_changes.py", line 137, in _go
    ret_value = fn(self, *arg, **kw)
  File "C:\Users\agust\AppData\Roaming\Python\Python314\site-packages\sqlalchemy\orm\session.py", line 1316, in commit
    self._prepare_impl()
    ~~~~~~~~~~~~~~~~~~^^
  File "<string>", line 2, in _prepare_impl
  File "C:\Users\agust\AppData\Roaming\Python\Python314\site-packages\sqlalchemy\orm\state_changes.py", line 137, in _go
    ret_value = fn(self, *arg, **kw)
  File "C:\Users\agust\AppData\Roaming\Python\Python314\site-packages\sqlalchemy\orm\session.py", line 1290, in _prepare_impl
    self.session.flush()
    ~~~~~~~~~~~~~~~~~~^^
  File "C:\Users\agust\AppData\Roaming\Python\Python314\site-packages\sqlalchemy\orm\session.py", line 4353, in flush
    self._flush(objects)
    ~~~~~~~~~~~^^^^^^^^^
  File "C:\Users\agust\AppData\Roaming\Python\Python314\site-packages\sqlalchemy\orm\session.py", line 4488, in _flush
    with util.safe_reraise():
         ~~~~~~~~~~~~~~~~~^^
  File "C:\Users\agust\AppData\Roaming\Python\Python314\site-packages\sqlalchemy\util\langhelpers.py", line 122, in __exit__
    raise exc_value.with_traceback(exc_tb)
  File "C:\Users\agust\AppData\Roaming\Python\Python314\site-packages\sqlalchemy\orm\session.py", line 4449, in _flush
    flush_context.execute()
    ~~~~~~~~~~~~~~~~~~~~~^^
  File "C:\Users\agust\AppData\Roaming\Python\Python314\site-packages\sqlalchemy\orm\unitofwork.py", line 465, in execute
    rec.execute(self)
    ~~~~~~~~~~~^^^^^^
  File "C:\Users\agust\AppData\Roaming\Python\Python314\site-packages\sqlalchemy\orm\unitofwork.py", line 678, in execute
    util.preloaded.orm_persistence.delete_obj(
    ~~~~~~~~~~~~~~~~~~~~~~~~~~~~~~~~~~~~~~~~~^
        self.mapper,
        ^^^^^^^^^^^^
        uow.states_for_mapper_hierarchy(self.mapper, True, False),
        ^^^^^^^^^^^^^^^^^^^^^^^^^^^^^^^^^^^^^^^^^^^^^^^^^^^^^^^^^^
        uow,
        ^^^^
    )
    ^
  File "C:\Users\agust\AppData\Roaming\Python\Python314\site-packages\sqlalchemy\orm\persistence.py", line 194, in delete_obj
    _emit_delete_statements(
    ~~~~~~~~~~~~~~~~~~~~~~~^
        base_mapper,
        ^^^^^^^^^^^^
    ...<3 lines>...
        delete,
        ^^^^^^^
    )
    ^
  File "C:\Users\agust\AppData\Roaming\Python\Python314\site-packages\sqlalchemy\orm\persistence.py", line 1472, in _emit_delete_statements
    c = connection.execute(
        statement, del_objects, execution_options=execution_options
    )
  File "C:\Users\agust\AppData\Roaming\Python\Python314\site-packages\sqlalchemy\engine\base.py", line 1421, in execute
    return meth(
        self,
        distilled_parameters,
        execution_options or NO_OPTIONS,
    )
  File "C:\Users\agust\AppData\Roaming\Python\Python314\site-packages\sqlalchemy\sql\elements.py", line 526, in _execute_on_connection
    return connection._execute_clauseelement(
           ~~~~~~~~~~~~~~~~~~~~~~~~~~~~~~~~~^
        self, distilled_params, execution_options
        ^^^^^^^^^^^^^^^^^^^^^^^^^^^^^^^^^^^^^^^^^
    )
    ^
  File "C:\Users\agust\AppData\Roaming\Python\Python314\site-packages\sqlalchemy\engine\base.py", line 1643, in _execute_clauseelement
    ret = self._execute_context(
        dialect,
    ...<8 lines>...
        cache_hit=cache_hit,
    )
  File "C:\Users\agust\AppData\Roaming\Python\Python314\site-packages\sqlalchemy\engine\base.py", line 1848, in _execute_context
    return self._exec_single_context(
           ~~~~~~~~~~~~~~~~~~~~~~~~~^
        dialect, context, statement, parameters
        ^^^^^^^^^^^^^^^^^^^^^^^^^^^^^^^^^^^^^^^
    )
    ^
  File "C:\Users\agust\AppData\Roaming\Python\Python314\site-packages\sqlalchemy\engine\base.py", line 1988, in _exec_single_context
    self._handle_dbapi_exception(
    ~~~~~~~~~~~~~~~~~~~~~~~~~~~~^
        e, str_statement, effective_parameters, cursor, context
        ^^^^^^^^^^^^^^^^^^^^^^^^^^^^^^^^^^^^^^^^^^^^^^^^^^^^^^^
    )
    ^
  File "C:\Users\agust\AppData\Roaming\Python\Python314\site-packages\sqlalchemy\engine\base.py", line 2365, in _handle_dbapi_exception
    raise sqlalchemy_exception.with_traceback(exc_info[2]) from e
  File "C:\Users\agust\AppData\Roaming\Python\Python314\site-packages\sqlalchemy\engine\base.py", line 1969, in _exec_single_context
    self.dialect.do_execute(
    ~~~~~~~~~~~~~~~~~~~~~~~^
        cursor, str_statement, effective_parameters, context
        ^^^^^^^^^^^^^^^^^^^^^^^^^^^^^^^^^^^^^^^^^^^^^^^^^^^^
    )
    ^
  File "C:\Users\agust\AppData\Roaming\Python\Python314\site-packages\sqlalchemy\engine\default.py", line 952, in do_execute
    cursor.execute(statement, parameters)
    ~~~~~~~~~~~~~~^^^^^^^^^^^^^^^^^^^^^^^
  File "C:\Users\agust\AppData\Roaming\Python\Python314\site-packages\sqlalchemy\dialects\postgresql\asyncpg.py", line 585, in execute
    self._adapt_connection.await_(
    ~~~~~~~~~~~~~~~~~~~~~~~~~~~~~^
        self._prepare_and_execute(operation, parameters)
        ^^^^^^^^^^^^^^^^^^^^^^^^^^^^^^^^^^^^^^^^^^^^^^^^
    )
    ^
  File "C:\Users\agust\AppData\Roaming\Python\Python314\site-packages\sqlalchemy\util\_concurrency_py3k.py", line 132, in await_only
    return current.parent.switch(awaitable)  # type: ignore[no-any-return,attr-defined] # noqa: E501
           ~~~~~~~~~~~~~~~~~~~~~^^^^^^^^^^^
  File "C:\Users\agust\AppData\Roaming\Python\Python314\site-packages\sqlalchemy\util\_concurrency_py3k.py", line 196, in greenlet_spawn
    value = await result
            ^^^^^^^^^^^^
  File "C:\Users\agust\AppData\Roaming\Python\Python314\site-packages\sqlalchemy\dialects\postgresql\asyncpg.py", line 563, in _prepare_and_execute
    self._handle_exception(error)
    ~~~~~~~~~~~~~~~~~~~~~~^^^^^^^
  File "C:\Users\agust\AppData\Roaming\Python\Python314\site-packages\sqlalchemy\dialects\postgresql\asyncpg.py", line 513, in _handle_exception
    self._adapt_connection._handle_exception(error)
    ~~~~~~~~~~~~~~~~~~~~~~~~~~~~~~~~~~~~~~~~^^^^^^^
  File "C:\Users\agust\AppData\Roaming\Python\Python314\site-packages\sqlalchemy\dialects\postgresql\asyncpg.py", line 797, in _handle_exception
    raise translated_error from error
sqlalchemy.exc.IntegrityError: (sqlalchemy.dialects.postgresql.asyncpg.IntegrityError) <class 'asyncpg.exceptions.ForeignKeyViolationError'>: update or delete on table "campos" violates foreign key constraint "parcelas_nombre_campo_fkey" on table "parcelas"
DETAIL:  Key (nombre_campo)=(CampoX) is still referenced from table "parcelas".
[SQL: DELETE FROM campos WHERE campos.nombre_campo = $1::VARCHAR]
[parameters: ('CampoX',)]
(Background on this error at: https://sqlalche.me/e/20/gkpj)
Error interno no controlado | path=/api/campos/CampoY | ip=127.0.0.1
Traceback (most recent call last):
  File "C:\Users\agust\AppData\Roaming\Python\Python314\site-packages\sqlalchemy\dialects\postgresql\asyncpg.py", line 550, in _prepare_and_execute
    self._rows = deque(await prepared_stmt.fetch(*parameters))
                       ^^^^^^^^^^^^^^^^^^^^^^^^^^^^^^^^^^^^^^
  File "C:\Users\agust\AppData\Roaming\Python\Python314\site-packages\asyncpg\prepared_stmt.py", line 177, in fetch
    data = await self.__bind_execute(args, 0, timeout)
           ^^^^^^^^^^^^^^^^^^^^^^^^^^^^^^^^^^^^^^^^^^^
  File "C:\Users\agust\AppData\Roaming\Python\Python314\site-packages\asyncpg\prepared_stmt.py", line 268, in __bind_execute
    data, status, _ = await self.__do_execute(
                      ^^^^^^^^^^^^^^^^^^^^^^^^
        lambda protocol: protocol.bind_execute(
        ^^^^^^^^^^^^^^^^^^^^^^^^^^^^^^^^^^^^^^^
            self._state, args, '', limit, True, timeout))
            ^^^^^^^^^^^^^^^^^^^^^^^^^^^^^^^^^^^^^^^^^^^^^
  File "C:\Users\agust\AppData\Roaming\Python\Python314\site-packages\asyncpg\prepared_stmt.py", line 257, in __do_execute
    return await executor(protocol)
           ^^^^^^^^^^^^^^^^^^^^^^^^
  File "asyncpg/protocol/protocol.pyx", line 205, in bind_execute
asyncpg.exceptions.ForeignKeyViolationError: update or delete on table "campos" violates foreign key constraint "parcelas_nombre_campo_fkey" on table "parcelas"
DETAIL:  Key (nombre_campo)=(CampoY) is still referenced from table "parcelas".

The above exception was the direct cause of the following exception:

Traceback (most recent call last):
  File "C:\Users\agust\AppData\Roaming\Python\Python314\site-packages\sqlalchemy\engine\base.py", line 1969, in _exec_single_context
    self.dialect.do_execute(
    ~~~~~~~~~~~~~~~~~~~~~~~^
        cursor, str_statement, effective_parameters, context
        ^^^^^^^^^^^^^^^^^^^^^^^^^^^^^^^^^^^^^^^^^^^^^^^^^^^^
    )
    ^
  File "C:\Users\agust\AppData\Roaming\Python\Python314\site-packages\sqlalchemy\engine\default.py", line 952, in do_execute
    cursor.execute(statement, parameters)
    ~~~~~~~~~~~~~~^^^^^^^^^^^^^^^^^^^^^^^
  File "C:\Users\agust\AppData\Roaming\Python\Python314\site-packages\sqlalchemy\dialects\postgresql\asyncpg.py", line 585, in execute
    self._adapt_connection.await_(
    ~~~~~~~~~~~~~~~~~~~~~~~~~~~~~^
        self._prepare_and_execute(operation, parameters)
        ^^^^^^^^^^^^^^^^^^^^^^^^^^^^^^^^^^^^^^^^^^^^^^^^
    )
    ^
  File "C:\Users\agust\AppData\Roaming\Python\Python314\site-packages\sqlalchemy\util\_concurrency_py3k.py", line 132, in await_only
    return current.parent.switch(awaitable)  # type: ignore[no-any-return,attr-defined] # noqa: E501
           ~~~~~~~~~~~~~~~~~~~~~^^^^^^^^^^^
  File "C:\Users\agust\AppData\Roaming\Python\Python314\site-packages\sqlalchemy\util\_concurrency_py3k.py", line 196, in greenlet_spawn
    value = await result
            ^^^^^^^^^^^^
  File "C:\Users\agust\AppData\Roaming\Python\Python314\site-packages\sqlalchemy\dialects\postgresql\asyncpg.py", line 563, in _prepare_and_execute
    self._handle_exception(error)
    ~~~~~~~~~~~~~~~~~~~~~~^^^^^^^
  File "C:\Users\agust\AppData\Roaming\Python\Python314\site-packages\sqlalchemy\dialects\postgresql\asyncpg.py", line 513, in _handle_exception
    self._adapt_connection._handle_exception(error)
    ~~~~~~~~~~~~~~~~~~~~~~~~~~~~~~~~~~~~~~~~^^^^^^^
  File "C:\Users\agust\AppData\Roaming\Python\Python314\site-packages\sqlalchemy\dialects\postgresql\asyncpg.py", line 797, in _handle_exception
    raise translated_error from error
sqlalchemy.dialects.postgresql.asyncpg.AsyncAdapt_asyncpg_dbapi.IntegrityError: <class 'asyncpg.exceptions.ForeignKeyViolationError'>: update or delete on table "campos" violates foreign key constraint "parcelas_nombre_campo_fkey" on table "parcelas"
DETAIL:  Key (nombre_campo)=(CampoY) is still referenced from table "parcelas".

The above exception was the direct cause of the following exception:

Traceback (most recent call last):
  File "C:\Users\agust\AppData\Roaming\Python\Python314\site-packages\starlette\middleware\errors.py", line 164, in __call__
    await self.app(scope, receive, _send)
  File "C:\Users\agust\AppData\Roaming\Python\Python314\site-packages\starlette\middleware\exceptions.py", line 63, in __call__
    await wrap_app_handling_exceptions(self.app, conn)(scope, receive, send)
  File "C:\Users\agust\AppData\Roaming\Python\Python314\site-packages\starlette\_exception_handler.py", line 53, in wrapped_app
    raise exc
  File "C:\Users\agust\AppData\Roaming\Python\Python314\site-packages\starlette\_exception_handler.py", line 42, in wrapped_app
    await app(scope, receive, sender)
  File "C:\Users\agust\AppData\Roaming\Python\Python314\site-packages\fastapi\middleware\asyncexitstack.py", line 18, in __call__
    await self.app(scope, receive, send)
  File "C:\Users\agust\AppData\Roaming\Python\Python314\site-packages\starlette\routing.py", line 660, in __call__
    await self.middleware_stack(scope, receive, send)
  File "C:\Users\agust\AppData\Roaming\Python\Python314\site-packages\fastapi\routing.py", line 2531, in app
    await route.handle(scope, receive, send)
  File "C:\Users\agust\AppData\Roaming\Python\Python314\site-packages\fastapi\routing.py", line 1700, in handle
    await self.original_router.handle(scope, receive, send)
  File "C:\Users\agust\AppData\Roaming\Python\Python314\site-packages\fastapi\routing.py", line 2586, in handle
    await included_router._handle_selected(scope, receive, send)
  File "C:\Users\agust\AppData\Roaming\Python\Python314\site-packages\fastapi\routing.py", line 1720, in _handle_selected
    await original_route.handle(scope, receive, send)
  File "C:\Users\agust\AppData\Roaming\Python\Python314\site-packages\fastapi\routing.py", line 1239, in handle
    await app(scope, receive, send)
  File "C:\Users\agust\AppData\Roaming\Python\Python314\site-packages\fastapi\routing.py", line 150, in app
    await wrap_app_handling_exceptions(app, request)(scope, receive, send)
  File "C:\Users\agust\AppData\Roaming\Python\Python314\site-packages\starlette\_exception_handler.py", line 53, in wrapped_app
    raise exc
  File "C:\Users\agust\AppData\Roaming\Python\Python314\site-packages\starlette\_exception_handler.py", line 42, in wrapped_app
    await app(scope, receive, sender)
  File "C:\Users\agust\AppData\Roaming\Python\Python314\site-packages\fastapi\routing.py", line 136, in app
    response = await f(request)
               ^^^^^^^^^^^^^^^^
  File "C:\Users\agust\AppData\Roaming\Python\Python314\site-packages\fastapi\routing.py", line 690, in app
    raw_response = await run_endpoint_function(
                   ^^^^^^^^^^^^^^^^^^^^^^^^^^^^
    ...<3 lines>...
    )
    ^
  File "C:\Users\agust\AppData\Roaming\Python\Python314\site-packages\fastapi\routing.py", line 344, in run_endpoint_function
    return await dependant.call(**values)
           ^^^^^^^^^^^^^^^^^^^^^^^^^^^^^^
  File "X:\Arqui\AgroTech\src\modules\data_api\router.py", line 334, in delete_campo
    async with db.begin():
               ~~~~~~~~^^
  File "C:\Users\agust\AppData\Roaming\Python\Python314\site-packages\sqlalchemy\ext\asyncio\session.py", line 1886, in __aexit__
    await greenlet_spawn(
        self._sync_transaction().__exit__, type_, value, traceback
    )
  File "C:\Users\agust\AppData\Roaming\Python\Python314\site-packages\sqlalchemy\util\_concurrency_py3k.py", line 203, in greenlet_spawn
    result = context.switch(value)
  File "C:\Users\agust\AppData\Roaming\Python\Python314\site-packages\sqlalchemy\engine\util.py", line 147, in __exit__
    with util.safe_reraise():
         ~~~~~~~~~~~~~~~~~^^
  File "C:\Users\agust\AppData\Roaming\Python\Python314\site-packages\sqlalchemy\util\langhelpers.py", line 122, in __exit__
    raise exc_value.with_traceback(exc_tb)
  File "C:\Users\agust\AppData\Roaming\Python\Python314\site-packages\sqlalchemy\engine\util.py", line 145, in __exit__
    self.commit()
    ~~~~~~~~~~~^^
  File "<string>", line 2, in commit
  File "C:\Users\agust\AppData\Roaming\Python\Python314\site-packages\sqlalchemy\orm\state_changes.py", line 137, in _go
    ret_value = fn(self, *arg, **kw)
  File "C:\Users\agust\AppData\Roaming\Python\Python314\site-packages\sqlalchemy\orm\session.py", line 1316, in commit
    self._prepare_impl()
    ~~~~~~~~~~~~~~~~~~^^
  File "<string>", line 2, in _prepare_impl
  File "C:\Users\agust\AppData\Roaming\Python\Python314\site-packages\sqlalchemy\orm\state_changes.py", line 137, in _go
    ret_value = fn(self, *arg, **kw)
  File "C:\Users\agust\AppData\Roaming\Python\Python314\site-packages\sqlalchemy\orm\session.py", line 1290, in _prepare_impl
    self.session.flush()
    ~~~~~~~~~~~~~~~~~~^^
  File "C:\Users\agust\AppData\Roaming\Python\Python314\site-packages\sqlalchemy\orm\session.py", line 4353, in flush
    self._flush(objects)
    ~~~~~~~~~~~^^^^^^^^^
  File "C:\Users\agust\AppData\Roaming\Python\Python314\site-packages\sqlalchemy\orm\session.py", line 4488, in _flush
    with util.safe_reraise():
         ~~~~~~~~~~~~~~~~~^^
  File "C:\Users\agust\AppData\Roaming\Python\Python314\site-packages\sqlalchemy\util\langhelpers.py", line 122, in __exit__
    raise exc_value.with_traceback(exc_tb)
  File "C:\Users\agust\AppData\Roaming\Python\Python314\site-packages\sqlalchemy\orm\session.py", line 4449, in _flush
    flush_context.execute()
    ~~~~~~~~~~~~~~~~~~~~~^^
  File "C:\Users\agust\AppData\Roaming\Python\Python314\site-packages\sqlalchemy\orm\unitofwork.py", line 465, in execute
    rec.execute(self)
    ~~~~~~~~~~~^^^^^^
  File "C:\Users\agust\AppData\Roaming\Python\Python314\site-packages\sqlalchemy\orm\unitofwork.py", line 678, in execute
    util.preloaded.orm_persistence.delete_obj(
    ~~~~~~~~~~~~~~~~~~~~~~~~~~~~~~~~~~~~~~~~~^
        self.mapper,
        ^^^^^^^^^^^^
        uow.states_for_mapper_hierarchy(self.mapper, True, False),
        ^^^^^^^^^^^^^^^^^^^^^^^^^^^^^^^^^^^^^^^^^^^^^^^^^^^^^^^^^^
        uow,
        ^^^^
    )
    ^
  File "C:\Users\agust\AppData\Roaming\Python\Python314\site-packages\sqlalchemy\orm\persistence.py", line 194, in delete_obj
    _emit_delete_statements(
    ~~~~~~~~~~~~~~~~~~~~~~~^
        base_mapper,
        ^^^^^^^^^^^^
    ...<3 lines>...
        delete,
        ^^^^^^^
    )
    ^
  File "C:\Users\agust\AppData\Roaming\Python\Python314\site-packages\sqlalchemy\orm\persistence.py", line 1472, in _emit_delete_statements
    c = connection.execute(
        statement, del_objects, execution_options=execution_options
    )
  File "C:\Users\agust\AppData\Roaming\Python\Python314\site-packages\sqlalchemy\engine\base.py", line 1421, in execute
    return meth(
        self,
        distilled_parameters,
        execution_options or NO_OPTIONS,
    )
  File "C:\Users\agust\AppData\Roaming\Python\Python314\site-packages\sqlalchemy\sql\elements.py", line 526, in _execute_on_connection
    return connection._execute_clauseelement(
           ~~~~~~~~~~~~~~~~~~~~~~~~~~~~~~~~~^
        self, distilled_params, execution_options
        ^^^^^^^^^^^^^^^^^^^^^^^^^^^^^^^^^^^^^^^^^
    )
    ^
  File "C:\Users\agust\AppData\Roaming\Python\Python314\site-packages\sqlalchemy\engine\base.py", line 1643, in _execute_clauseelement
    ret = self._execute_context(
        dialect,
    ...<8 lines>...
        cache_hit=cache_hit,
    )
  File "C:\Users\agust\AppData\Roaming\Python\Python314\site-packages\sqlalchemy\engine\base.py", line 1848, in _execute_context
    return self._exec_single_context(
           ~~~~~~~~~~~~~~~~~~~~~~~~~^
        dialect, context, statement, parameters
        ^^^^^^^^^^^^^^^^^^^^^^^^^^^^^^^^^^^^^^^
    )
    ^
  File "C:\Users\agust\AppData\Roaming\Python\Python314\site-packages\sqlalchemy\engine\base.py", line 1988, in _exec_single_context
    self._handle_dbapi_exception(
    ~~~~~~~~~~~~~~~~~~~~~~~~~~~~^
        e, str_statement, effective_parameters, cursor, context
        ^^^^^^^^^^^^^^^^^^^^^^^^^^^^^^^^^^^^^^^^^^^^^^^^^^^^^^^
    )
    ^
  File "C:\Users\agust\AppData\Roaming\Python\Python314\site-packages\sqlalchemy\engine\base.py", line 2365, in _handle_dbapi_exception
    raise sqlalchemy_exception.with_traceback(exc_info[2]) from e
  File "C:\Users\agust\AppData\Roaming\Python\Python314\site-packages\sqlalchemy\engine\base.py", line 1969, in _exec_single_context
    self.dialect.do_execute(
    ~~~~~~~~~~~~~~~~~~~~~~~^
        cursor, str_statement, effective_parameters, context
        ^^^^^^^^^^^^^^^^^^^^^^^^^^^^^^^^^^^^^^^^^^^^^^^^^^^^
    )
    ^
  File "C:\Users\agust\AppData\Roaming\Python\Python314\site-packages\sqlalchemy\engine\default.py", line 952, in do_execute
    cursor.execute(statement, parameters)
    ~~~~~~~~~~~~~~^^^^^^^^^^^^^^^^^^^^^^^
  File "C:\Users\agust\AppData\Roaming\Python\Python314\site-packages\sqlalchemy\dialects\postgresql\asyncpg.py", line 585, in execute
    self._adapt_connection.await_(
    ~~~~~~~~~~~~~~~~~~~~~~~~~~~~~^
        self._prepare_and_execute(operation, parameters)
        ^^^^^^^^^^^^^^^^^^^^^^^^^^^^^^^^^^^^^^^^^^^^^^^^
    )
    ^
  File "C:\Users\agust\AppData\Roaming\Python\Python314\site-packages\sqlalchemy\util\_concurrency_py3k.py", line 132, in await_only
    return current.parent.switch(awaitable)  # type: ignore[no-any-return,attr-defined] # noqa: E501
           ~~~~~~~~~~~~~~~~~~~~~^^^^^^^^^^^
  File "C:\Users\agust\AppData\Roaming\Python\Python314\site-packages\sqlalchemy\util\_concurrency_py3k.py", line 196, in greenlet_spawn
    value = await result
            ^^^^^^^^^^^^
  File "C:\Users\agust\AppData\Roaming\Python\Python314\site-packages\sqlalchemy\dialects\postgresql\asyncpg.py", line 563, in _prepare_and_execute
    self._handle_exception(error)
    ~~~~~~~~~~~~~~~~~~~~~~^^^^^^^
  File "C:\Users\agust\AppData\Roaming\Python\Python314\site-packages\sqlalchemy\dialects\postgresql\asyncpg.py", line 513, in _handle_exception
    self._adapt_connection._handle_exception(error)
    ~~~~~~~~~~~~~~~~~~~~~~~~~~~~~~~~~~~~~~~~^^^^^^^
  File "C:\Users\agust\AppData\Roaming\Python\Python314\site-packages\sqlalchemy\dialects\postgresql\asyncpg.py", line 797, in _handle_exception
    raise translated_error from error
sqlalchemy.exc.IntegrityError: (sqlalchemy.dialects.postgresql.asyncpg.IntegrityError) <class 'asyncpg.exceptions.ForeignKeyViolationError'>: update or delete on table "campos" violates foreign key constraint "parcelas_nombre_campo_fkey" on table "parcelas"
DETAIL:  Key (nombre_campo)=(CampoY) is still referenced from table "parcelas".
[SQL: DELETE FROM campos WHERE campos.nombre_campo = $1::VARCHAR]
[parameters: ('CampoY',)]
(Background on this error at: https://sqlalche.me/e/20/gkpj)
ERROR:    Exception in ASGI application
Traceback (most recent call last):
  File "C:\Users\agust\AppData\Roaming\Python\Python314\site-packages\sqlalchemy\dialects\postgresql\asyncpg.py", line 550, in _prepare_and_execute
    self._rows = deque(await prepared_stmt.fetch(*parameters))
                       ^^^^^^^^^^^^^^^^^^^^^^^^^^^^^^^^^^^^^^
  File "C:\Users\agust\AppData\Roaming\Python\Python314\site-packages\asyncpg\prepared_stmt.py", line 177, in fetch
    data = await self.__bind_execute(args, 0, timeout)
           ^^^^^^^^^^^^^^^^^^^^^^^^^^^^^^^^^^^^^^^^^^^
  File "C:\Users\agust\AppData\Roaming\Python\Python314\site-packages\asyncpg\prepared_stmt.py", line 268, in __bind_execute
    data, status, _ = await self.__do_execute(
                      ^^^^^^^^^^^^^^^^^^^^^^^^
        lambda protocol: protocol.bind_execute(
        ^^^^^^^^^^^^^^^^^^^^^^^^^^^^^^^^^^^^^^^
            self._state, args, '', limit, True, timeout))
            ^^^^^^^^^^^^^^^^^^^^^^^^^^^^^^^^^^^^^^^^^^^^^
  File "C:\Users\agust\AppData\Roaming\Python\Python314\site-packages\asyncpg\prepared_stmt.py", line 257, in __do_execute
    return await executor(protocol)
           ^^^^^^^^^^^^^^^^^^^^^^^^
  File "asyncpg/protocol/protocol.pyx", line 205, in bind_execute
asyncpg.exceptions.ForeignKeyViolationError: update or delete on table "campos" violates foreign key constraint "parcelas_nombre_campo_fkey" on table "parcelas"
DETAIL:  Key (nombre_campo)=(CampoY) is still referenced from table "parcelas".

The above exception was the direct cause of the following exception:

Traceback (most recent call last):
  File "C:\Users\agust\AppData\Roaming\Python\Python314\site-packages\sqlalchemy\engine\base.py", line 1969, in _exec_single_context
    self.dialect.do_execute(
    ~~~~~~~~~~~~~~~~~~~~~~~^
        cursor, str_statement, effective_parameters, context
        ^^^^^^^^^^^^^^^^^^^^^^^^^^^^^^^^^^^^^^^^^^^^^^^^^^^^
    )
    ^
  File "C:\Users\agust\AppData\Roaming\Python\Python314\site-packages\sqlalchemy\engine\default.py", line 952, in do_execute
    cursor.execute(statement, parameters)
    ~~~~~~~~~~~~~~^^^^^^^^^^^^^^^^^^^^^^^
  File "C:\Users\agust\AppData\Roaming\Python\Python314\site-packages\sqlalchemy\dialects\postgresql\asyncpg.py", line 585, in execute
    self._adapt_connection.await_(
    ~~~~~~~~~~~~~~~~~~~~~~~~~~~~~^
        self._prepare_and_execute(operation, parameters)
        ^^^^^^^^^^^^^^^^^^^^^^^^^^^^^^^^^^^^^^^^^^^^^^^^
    )
    ^
  File "C:\Users\agust\AppData\Roaming\Python\Python314\site-packages\sqlalchemy\util\_concurrency_py3k.py", line 132, in await_only
    return current.parent.switch(awaitable)  # type: ignore[no-any-return,attr-defined] # noqa: E501
           ~~~~~~~~~~~~~~~~~~~~~^^^^^^^^^^^
  File "C:\Users\agust\AppData\Roaming\Python\Python314\site-packages\sqlalchemy\util\_concurrency_py3k.py", line 196, in greenlet_spawn
    value = await result
            ^^^^^^^^^^^^
  File "C:\Users\agust\AppData\Roaming\Python\Python314\site-packages\sqlalchemy\dialects\postgresql\asyncpg.py", line 563, in _prepare_and_execute
    self._handle_exception(error)
    ~~~~~~~~~~~~~~~~~~~~~~^^^^^^^
  File "C:\Users\agust\AppData\Roaming\Python\Python314\site-packages\sqlalchemy\dialects\postgresql\asyncpg.py", line 513, in _handle_exception
    self._adapt_connection._handle_exception(error)
    ~~~~~~~~~~~~~~~~~~~~~~~~~~~~~~~~~~~~~~~~^^^^^^^
  File "C:\Users\agust\AppData\Roaming\Python\Python314\site-packages\sqlalchemy\dialects\postgresql\asyncpg.py", line 797, in _handle_exception
    raise translated_error from error
sqlalchemy.dialects.postgresql.asyncpg.AsyncAdapt_asyncpg_dbapi.IntegrityError: <class 'asyncpg.exceptions.ForeignKeyViolationError'>: update or delete on table "campos" violates foreign key constraint "parcelas_nombre_campo_fkey" on table "parcelas"
DETAIL:  Key (nombre_campo)=(CampoY) is still referenced from table "parcelas".

The above exception was the direct cause of the following exception:

Traceback (most recent call last):
  File "C:\Users\agust\AppData\Roaming\Python\Python314\site-packages\uvicorn\protocols\http\httptools_impl.py", line 421, in run_asgi
    result = await app(  # type: ignore[func-returns-value]
             ^^^^^^^^^^^^^^^^^^^^^^^^^^^^^^^^^^^^^^^^^^^^^^
        self.scope, self.receive, self.send
        ^^^^^^^^^^^^^^^^^^^^^^^^^^^^^^^^^^^
    )
    ^
  File "C:\Users\agust\AppData\Roaming\Python\Python314\site-packages\uvicorn\middleware\proxy_headers.py", line 62, in __call__
    return await self.app(scope, receive, send)
           ^^^^^^^^^^^^^^^^^^^^^^^^^^^^^^^^^^^^
  File "C:\Users\agust\AppData\Roaming\Python\Python314\site-packages\fastapi\applications.py", line 1163, in __call__
    await super().__call__(scope, receive, send)
  File "C:\Users\agust\AppData\Roaming\Python\Python314\site-packages\starlette\applications.py", line 90, in __call__
    await self.middleware_stack(scope, receive, send)
  File "C:\Users\agust\AppData\Roaming\Python\Python314\site-packages\starlette\middleware\errors.py", line 186, in __call__
    raise exc
  File "C:\Users\agust\AppData\Roaming\Python\Python314\site-packages\starlette\middleware\errors.py", line 164, in __call__
    await self.app(scope, receive, _send)
  File "C:\Users\agust\AppData\Roaming\Python\Python314\site-packages\starlette\middleware\exceptions.py", line 63, in __call__
    await wrap_app_handling_exceptions(self.app, conn)(scope, receive, send)
  File "C:\Users\agust\AppData\Roaming\Python\Python314\site-packages\starlette\_exception_handler.py", line 53, in wrapped_app
    raise exc
  File "C:\Users\agust\AppData\Roaming\Python\Python314\site-packages\starlette\_exception_handler.py", line 42, in wrapped_app
    await app(scope, receive, sender)
  File "C:\Users\agust\AppData\Roaming\Python\Python314\site-packages\fastapi\middleware\asyncexitstack.py", line 18, in __call__
    await self.app(scope, receive, send)
  File "C:\Users\agust\AppData\Roaming\Python\Python314\site-packages\starlette\routing.py", line 660, in __call__
    await self.middleware_stack(scope, receive, send)
  File "C:\Users\agust\AppData\Roaming\Python\Python314\site-packages\fastapi\routing.py", line 2531, in app
    await route.handle(scope, receive, send)
  File "C:\Users\agust\AppData\Roaming\Python\Python314\site-packages\fastapi\routing.py", line 1700, in handle
    await self.original_router.handle(scope, receive, send)
  File "C:\Users\agust\AppData\Roaming\Python\Python314\site-packages\fastapi\routing.py", line 2586, in handle
    await included_router._handle_selected(scope, receive, send)
  File "C:\Users\agust\AppData\Roaming\Python\Python314\site-packages\fastapi\routing.py", line 1720, in _handle_selected
    await original_route.handle(scope, receive, send)
  File "C:\Users\agust\AppData\Roaming\Python\Python314\site-packages\fastapi\routing.py", line 1239, in handle
    await app(scope, receive, send)
  File "C:\Users\agust\AppData\Roaming\Python\Python314\site-packages\fastapi\routing.py", line 150, in app
    await wrap_app_handling_exceptions(app, request)(scope, receive, send)
  File "C:\Users\agust\AppData\Roaming\Python\Python314\site-packages\starlette\_exception_handler.py", line 53, in wrapped_app
    raise exc
  File "C:\Users\agust\AppData\Roaming\Python\Python314\site-packages\starlette\_exception_handler.py", line 42, in wrapped_app
    await app(scope, receive, sender)
  File "C:\Users\agust\AppData\Roaming\Python\Python314\site-packages\fastapi\routing.py", line 136, in app
    response = await f(request)
               ^^^^^^^^^^^^^^^^
  File "C:\Users\agust\AppData\Roaming\Python\Python314\site-packages\fastapi\routing.py", line 690, in app
    raw_response = await run_endpoint_function(
                   ^^^^^^^^^^^^^^^^^^^^^^^^^^^^
    ...<3 lines>...
    )
    ^
  File "C:\Users\agust\AppData\Roaming\Python\Python314\site-packages\fastapi\routing.py", line 344, in run_endpoint_function
    return await dependant.call(**values)
           ^^^^^^^^^^^^^^^^^^^^^^^^^^^^^^
  File "X:\Arqui\AgroTech\src\modules\data_api\router.py", line 334, in delete_campo
    async with db.begin():
               ~~~~~~~~^^
  File "C:\Users\agust\AppData\Roaming\Python\Python314\site-packages\sqlalchemy\ext\asyncio\session.py", line 1886, in __aexit__
    await greenlet_spawn(
        self._sync_transaction().__exit__, type_, value, traceback
    )
  File "C:\Users\agust\AppData\Roaming\Python\Python314\site-packages\sqlalchemy\util\_concurrency_py3k.py", line 203, in greenlet_spawn
    result = context.switch(value)
  File "C:\Users\agust\AppData\Roaming\Python\Python314\site-packages\sqlalchemy\engine\util.py", line 147, in __exit__
    with util.safe_reraise():
         ~~~~~~~~~~~~~~~~~^^
  File "C:\Users\agust\AppData\Roaming\Python\Python314\site-packages\sqlalchemy\util\langhelpers.py", line 122, in __exit__
    raise exc_value.with_traceback(exc_tb)
  File "C:\Users\agust\AppData\Roaming\Python\Python314\site-packages\sqlalchemy\engine\util.py", line 145, in __exit__
    self.commit()
    ~~~~~~~~~~~^^
  File "<string>", line 2, in commit
  File "C:\Users\agust\AppData\Roaming\Python\Python314\site-packages\sqlalchemy\orm\state_changes.py", line 137, in _go
    ret_value = fn(self, *arg, **kw)
  File "C:\Users\agust\AppData\Roaming\Python\Python314\site-packages\sqlalchemy\orm\session.py", line 1316, in commit
    self._prepare_impl()
    ~~~~~~~~~~~~~~~~~~^^
  File "<string>", line 2, in _prepare_impl
  File "C:\Users\agust\AppData\Roaming\Python\Python314\site-packages\sqlalchemy\orm\state_changes.py", line 137, in _go
    ret_value = fn(self, *arg, **kw)
  File "C:\Users\agust\AppData\Roaming\Python\Python314\site-packages\sqlalchemy\orm\session.py", line 1290, in _prepare_impl
    self.session.flush()
    ~~~~~~~~~~~~~~~~~~^^
  File "C:\Users\agust\AppData\Roaming\Python\Python314\site-packages\sqlalchemy\orm\session.py", line 4353, in flush
    self._flush(objects)
    ~~~~~~~~~~~^^^^^^^^^
  File "C:\Users\agust\AppData\Roaming\Python\Python314\site-packages\sqlalchemy\orm\session.py", line 4488, in _flush
    with util.safe_reraise():
         ~~~~~~~~~~~~~~~~~^^
  File "C:\Users\agust\AppData\Roaming\Python\Python314\site-packages\sqlalchemy\util\langhelpers.py", line 122, in __exit__
    raise exc_value.with_traceback(exc_tb)
  File "C:\Users\agust\AppData\Roaming\Python\Python314\site-packages\sqlalchemy\orm\session.py", line 4449, in _flush
    flush_context.execute()
    ~~~~~~~~~~~~~~~~~~~~~^^
  File "C:\Users\agust\AppData\Roaming\Python\Python314\site-packages\sqlalchemy\orm\unitofwork.py", line 465, in execute
    rec.execute(self)
    ~~~~~~~~~~~^^^^^^
  File "C:\Users\agust\AppData\Roaming\Python\Python314\site-packages\sqlalchemy\orm\unitofwork.py", line 678, in execute
    util.preloaded.orm_persistence.delete_obj(
    ~~~~~~~~~~~~~~~~~~~~~~~~~~~~~~~~~~~~~~~~~^
        self.mapper,
        ^^^^^^^^^^^^
        uow.states_for_mapper_hierarchy(self.mapper, True, False),
        ^^^^^^^^^^^^^^^^^^^^^^^^^^^^^^^^^^^^^^^^^^^^^^^^^^^^^^^^^^
        uow,
        ^^^^
    )
    ^
  File "C:\Users\agust\AppData\Roaming\Python\Python314\site-packages\sqlalchemy\orm\persistence.py", line 194, in delete_obj
    _emit_delete_statements(
    ~~~~~~~~~~~~~~~~~~~~~~~^
        base_mapper,
        ^^^^^^^^^^^^
    ...<3 lines>...
        delete,
        ^^^^^^^
    )
    ^
  File "C:\Users\agust\AppData\Roaming\Python\Python314\site-packages\sqlalchemy\orm\persistence.py", line 1472, in _emit_delete_statements
    c = connection.execute(
        statement, del_objects, execution_options=execution_options
    )
  File "C:\Users\agust\AppData\Roaming\Python\Python314\site-packages\sqlalchemy\engine\base.py", line 1421, in execute
    return meth(
        self,
        distilled_parameters,
        execution_options or NO_OPTIONS,
    )
  File "C:\Users\agust\AppData\Roaming\Python\Python314\site-packages\sqlalchemy\sql\elements.py", line 526, in _execute_on_connection
    return connection._execute_clauseelement(
           ~~~~~~~~~~~~~~~~~~~~~~~~~~~~~~~~~^
        self, distilled_params, execution_options
        ^^^^^^^^^^^^^^^^^^^^^^^^^^^^^^^^^^^^^^^^^
    )
    ^
  File "C:\Users\agust\AppData\Roaming\Python\Python314\site-packages\sqlalchemy\engine\base.py", line 1643, in _execute_clauseelement
    ret = self._execute_context(
        dialect,
    ...<8 lines>...
        cache_hit=cache_hit,
    )
  File "C:\Users\agust\AppData\Roaming\Python\Python314\site-packages\sqlalchemy\engine\base.py", line 1848, in _execute_context
    return self._exec_single_context(
           ~~~~~~~~~~~~~~~~~~~~~~~~~^
        dialect, context, statement, parameters
        ^^^^^^^^^^^^^^^^^^^^^^^^^^^^^^^^^^^^^^^
    )
    ^
  File "C:\Users\agust\AppData\Roaming\Python\Python314\site-packages\sqlalchemy\engine\base.py", line 1988, in _exec_single_context
    self._handle_dbapi_exception(
    ~~~~~~~~~~~~~~~~~~~~~~~~~~~~^
        e, str_statement, effective_parameters, cursor, context
        ^^^^^^^^^^^^^^^^^^^^^^^^^^^^^^^^^^^^^^^^^^^^^^^^^^^^^^^
    )
    ^
  File "C:\Users\agust\AppData\Roaming\Python\Python314\site-packages\sqlalchemy\engine\base.py", line 2365, in _handle_dbapi_exception
    raise sqlalchemy_exception.with_traceback(exc_info[2]) from e
  File "C:\Users\agust\AppData\Roaming\Python\Python314\site-packages\sqlalchemy\engine\base.py", line 1969, in _exec_single_context
    self.dialect.do_execute(
    ~~~~~~~~~~~~~~~~~~~~~~~^
        cursor, str_statement, effective_parameters, context
        ^^^^^^^^^^^^^^^^^^^^^^^^^^^^^^^^^^^^^^^^^^^^^^^^^^^^
    )
    ^
  File "C:\Users\agust\AppData\Roaming\Python\Python314\site-packages\sqlalchemy\engine\default.py", line 952, in do_execute
    cursor.execute(statement, parameters)
    ~~~~~~~~~~~~~~^^^^^^^^^^^^^^^^^^^^^^^
  File "C:\Users\agust\AppData\Roaming\Python\Python314\site-packages\sqlalchemy\dialects\postgresql\asyncpg.py", line 585, in execute
    self._adapt_connection.await_(
    ~~~~~~~~~~~~~~~~~~~~~~~~~~~~~^
        self._prepare_and_execute(operation, parameters)
        ^^^^^^^^^^^^^^^^^^^^^^^^^^^^^^^^^^^^^^^^^^^^^^^^
    )
    ^
  File "C:\Users\agust\AppData\Roaming\Python\Python314\site-packages\sqlalchemy\util\_concurrency_py3k.py", line 132, in await_only
    return current.parent.switch(awaitable)  # type: ignore[no-any-return,attr-defined] # noqa: E501
           ~~~~~~~~~~~~~~~~~~~~~^^^^^^^^^^^
  File "C:\Users\agust\AppData\Roaming\Python\Python314\site-packages\sqlalchemy\util\_concurrency_py3k.py", line 196, in greenlet_spawn
    value = await result
            ^^^^^^^^^^^^
  File "C:\Users\agust\AppData\Roaming\Python\Python314\site-packages\sqlalchemy\dialects\postgresql\asyncpg.py", line 563, in _prepare_and_execute
    self._handle_exception(error)
    ~~~~~~~~~~~~~~~~~~~~~~^^^^^^^
  File "C:\Users\agust\AppData\Roaming\Python\Python314\site-packages\sqlalchemy\dialects\postgresql\asyncpg.py", line 513, in _handle_exception
    self._adapt_connection._handle_exception(error)
    ~~~~~~~~~~~~~~~~~~~~~~~~~~~~~~~~~~~~~~~~^^^^^^^
  File "C:\Users\agust\AppData\Roaming\Python\Python314\site-packages\sqlalchemy\dialects\postgresql\asyncpg.py", line 797, in _handle_exception
    raise translated_error from error
sqlalchemy.exc.IntegrityError: (sqlalchemy.dialects.postgresql.asyncpg.IntegrityError) <class 'asyncpg.exceptions.ForeignKeyViolationError'>: update or delete on table "campos" violates foreign key constraint "parcelas_nombre_campo_fkey" on table "parcelas"
DETAIL:  Key (nombre_campo)=(CampoY) is still referenced from table "parcelas".
[SQL: DELETE FROM campos WHERE campos.nombre_campo = $1::VARCHAR]
[parameters: ('CampoY',)]
(Background on this error at: https://sqlalche.me/e/20/gkpj)
Error interno no controlado | path=/api/campos/CampoTest2 | ip=127.0.0.1
Traceback (most recent call last):
  File "C:\Users\agust\AppData\Roaming\Python\Python314\site-packages\sqlalchemy\dialects\postgresql\asyncpg.py", line 550, in _prepare_and_execute
    self._rows = deque(await prepared_stmt.fetch(*parameters))
                       ^^^^^^^^^^^^^^^^^^^^^^^^^^^^^^^^^^^^^^
  File "C:\Users\agust\AppData\Roaming\Python\Python314\site-packages\asyncpg\prepared_stmt.py", line 177, in fetch
    data = await self.__bind_execute(args, 0, timeout)
           ^^^^^^^^^^^^^^^^^^^^^^^^^^^^^^^^^^^^^^^^^^^
  File "C:\Users\agust\AppData\Roaming\Python\Python314\site-packages\asyncpg\prepared_stmt.py", line 268, in __bind_execute
    data, status, _ = await self.__do_execute(
                      ^^^^^^^^^^^^^^^^^^^^^^^^
        lambda protocol: protocol.bind_execute(
        ^^^^^^^^^^^^^^^^^^^^^^^^^^^^^^^^^^^^^^^
            self._state, args, '', limit, True, timeout))
            ^^^^^^^^^^^^^^^^^^^^^^^^^^^^^^^^^^^^^^^^^^^^^
  File "C:\Users\agust\AppData\Roaming\Python\Python314\site-packages\asyncpg\prepared_stmt.py", line 257, in __do_execute
    return await executor(protocol)
           ^^^^^^^^^^^^^^^^^^^^^^^^
  File "asyncpg/protocol/protocol.pyx", line 205, in bind_execute
asyncpg.exceptions.ForeignKeyViolationError: update or delete on table "campos" violates foreign key constraint "parcelas_nombre_campo_fkey" on table "parcelas"
DETAIL:  Key (nombre_campo)=(CampoTest2) is still referenced from table "parcelas".

The above exception was the direct cause of the following exception:

Traceback (most recent call last):
  File "C:\Users\agust\AppData\Roaming\Python\Python314\site-packages\sqlalchemy\engine\base.py", line 1969, in _exec_single_context
    self.dialect.do_execute(
    ~~~~~~~~~~~~~~~~~~~~~~~^
        cursor, str_statement, effective_parameters, context
        ^^^^^^^^^^^^^^^^^^^^^^^^^^^^^^^^^^^^^^^^^^^^^^^^^^^^
    )
    ^
  File "C:\Users\agust\AppData\Roaming\Python\Python314\site-packages\sqlalchemy\engine\default.py", line 952, in do_execute
    cursor.execute(statement, parameters)
    ~~~~~~~~~~~~~~^^^^^^^^^^^^^^^^^^^^^^^
  File "C:\Users\agust\AppData\Roaming\Python\Python314\site-packages\sqlalchemy\dialects\postgresql\asyncpg.py", line 585, in execute
    self._adapt_connection.await_(
    ~~~~~~~~~~~~~~~~~~~~~~~~~~~~~^
        self._prepare_and_execute(operation, parameters)
        ^^^^^^^^^^^^^^^^^^^^^^^^^^^^^^^^^^^^^^^^^^^^^^^^
    )
    ^
  File "C:\Users\agust\AppData\Roaming\Python\Python314\site-packages\sqlalchemy\util\_concurrency_py3k.py", line 132, in await_only
    return current.parent.switch(awaitable)  # type: ignore[no-any-return,attr-defined] # noqa: E501
           ~~~~~~~~~~~~~~~~~~~~~^^^^^^^^^^^
  File "C:\Users\agust\AppData\Roaming\Python\Python314\site-packages\sqlalchemy\util\_concurrency_py3k.py", line 196, in greenlet_spawn
    value = await result
            ^^^^^^^^^^^^
  File "C:\Users\agust\AppData\Roaming\Python\Python314\site-packages\sqlalchemy\dialects\postgresql\asyncpg.py", line 563, in _prepare_and_execute
    self._handle_exception(error)
    ~~~~~~~~~~~~~~~~~~~~~~^^^^^^^
  File "C:\Users\agust\AppData\Roaming\Python\Python314\site-packages\sqlalchemy\dialects\postgresql\asyncpg.py", line 513, in _handle_exception
    self._adapt_connection._handle_exception(error)
    ~~~~~~~~~~~~~~~~~~~~~~~~~~~~~~~~~~~~~~~~^^^^^^^
  File "C:\Users\agust\AppData\Roaming\Python\Python314\site-packages\sqlalchemy\dialects\postgresql\asyncpg.py", line 797, in _handle_exception
    raise translated_error from error
sqlalchemy.dialects.postgresql.asyncpg.AsyncAdapt_asyncpg_dbapi.IntegrityError: <class 'asyncpg.exceptions.ForeignKeyViolationError'>: update or delete on table "campos" violates foreign key constraint "parcelas_nombre_campo_fkey" on table "parcelas"
DETAIL:  Key (nombre_campo)=(CampoTest2) is still referenced from table "parcelas".

The above exception was the direct cause of the following exception:

Traceback (most recent call last):
  File "C:\Users\agust\AppData\Roaming\Python\Python314\site-packages\starlette\middleware\errors.py", line 164, in __call__
    await self.app(scope, receive, _send)
  File "C:\Users\agust\AppData\Roaming\Python\Python314\site-packages\starlette\middleware\exceptions.py", line 63, in __call__
    await wrap_app_handling_exceptions(self.app, conn)(scope, receive, send)
  File "C:\Users\agust\AppData\Roaming\Python\Python314\site-packages\starlette\_exception_handler.py", line 53, in wrapped_app
    raise exc
  File "C:\Users\agust\AppData\Roaming\Python\Python314\site-packages\starlette\_exception_handler.py", line 42, in wrapped_app
    await app(scope, receive, sender)
  File "C:\Users\agust\AppData\Roaming\Python\Python314\site-packages\fastapi\middleware\asyncexitstack.py", line 18, in __call__
    await self.app(scope, receive, send)
  File "C:\Users\agust\AppData\Roaming\Python\Python314\site-packages\starlette\routing.py", line 660, in __call__
    await self.middleware_stack(scope, receive, send)
  File "C:\Users\agust\AppData\Roaming\Python\Python314\site-packages\fastapi\routing.py", line 2531, in app
    await route.handle(scope, receive, send)
  File "C:\Users\agust\AppData\Roaming\Python\Python314\site-packages\fastapi\routing.py", line 1700, in handle
    await self.original_router.handle(scope, receive, send)
  File "C:\Users\agust\AppData\Roaming\Python\Python314\site-packages\fastapi\routing.py", line 2586, in handle
    await included_router._handle_selected(scope, receive, send)
  File "C:\Users\agust\AppData\Roaming\Python\Python314\site-packages\fastapi\routing.py", line 1720, in _handle_selected
    await original_route.handle(scope, receive, send)
  File "C:\Users\agust\AppData\Roaming\Python\Python314\site-packages\fastapi\routing.py", line 1239, in handle
    await app(scope, receive, send)
  File "C:\Users\agust\AppData\Roaming\Python\Python314\site-packages\fastapi\routing.py", line 150, in app
    await wrap_app_handling_exceptions(app, request)(scope, receive, send)
  File "C:\Users\agust\AppData\Roaming\Python\Python314\site-packages\starlette\_exception_handler.py", line 53, in wrapped_app
    raise exc
  File "C:\Users\agust\AppData\Roaming\Python\Python314\site-packages\starlette\_exception_handler.py", line 42, in wrapped_app
    await app(scope, receive, sender)
  File "C:\Users\agust\AppData\Roaming\Python\Python314\site-packages\fastapi\routing.py", line 136, in app
    response = await f(request)
               ^^^^^^^^^^^^^^^^
  File "C:\Users\agust\AppData\Roaming\Python\Python314\site-packages\fastapi\routing.py", line 690, in app
    raw_response = await run_endpoint_function(
                   ^^^^^^^^^^^^^^^^^^^^^^^^^^^^
    ...<3 lines>...
    )
    ^
  File "C:\Users\agust\AppData\Roaming\Python\Python314\site-packages\fastapi\routing.py", line 344, in run_endpoint_function
    return await dependant.call(**values)
           ^^^^^^^^^^^^^^^^^^^^^^^^^^^^^^
  File "X:\Arqui\AgroTech\src\modules\data_api\router.py", line 334, in delete_campo
    async with db.begin():
               ~~~~~~~~^^
  File "C:\Users\agust\AppData\Roaming\Python\Python314\site-packages\sqlalchemy\ext\asyncio\session.py", line 1886, in __aexit__
    await greenlet_spawn(
        self._sync_transaction().__exit__, type_, value, traceback
    )
  File "C:\Users\agust\AppData\Roaming\Python\Python314\site-packages\sqlalchemy\util\_concurrency_py3k.py", line 203, in greenlet_spawn
    result = context.switch(value)
  File "C:\Users\agust\AppData\Roaming\Python\Python314\site-packages\sqlalchemy\engine\util.py", line 147, in __exit__
    with util.safe_reraise():
         ~~~~~~~~~~~~~~~~~^^
  File "C:\Users\agust\AppData\Roaming\Python\Python314\site-packages\sqlalchemy\util\langhelpers.py", line 122, in __exit__
    raise exc_value.with_traceback(exc_tb)
  File "C:\Users\agust\AppData\Roaming\Python\Python314\site-packages\sqlalchemy\engine\util.py", line 145, in __exit__
    self.commit()
    ~~~~~~~~~~~^^
  File "<string>", line 2, in commit
  File "C:\Users\agust\AppData\Roaming\Python\Python314\site-packages\sqlalchemy\orm\state_changes.py", line 137, in _go
    ret_value = fn(self, *arg, **kw)
  File "C:\Users\agust\AppData\Roaming\Python\Python314\site-packages\sqlalchemy\orm\session.py", line 1316, in commit
    self._prepare_impl()
    ~~~~~~~~~~~~~~~~~~^^
  File "<string>", line 2, in _prepare_impl
  File "C:\Users\agust\AppData\Roaming\Python\Python314\site-packages\sqlalchemy\orm\state_changes.py", line 137, in _go
    ret_value = fn(self, *arg, **kw)
  File "C:\Users\agust\AppData\Roaming\Python\Python314\site-packages\sqlalchemy\orm\session.py", line 1290, in _prepare_impl
    self.session.flush()
    ~~~~~~~~~~~~~~~~~~^^
  File "C:\Users\agust\AppData\Roaming\Python\Python314\site-packages\sqlalchemy\orm\session.py", line 4353, in flush
    self._flush(objects)
    ~~~~~~~~~~~^^^^^^^^^
  File "C:\Users\agust\AppData\Roaming\Python\Python314\site-packages\sqlalchemy\orm\session.py", line 4488, in _flush
    with util.safe_reraise():
         ~~~~~~~~~~~~~~~~~^^
  File "C:\Users\agust\AppData\Roaming\Python\Python314\site-packages\sqlalchemy\util\langhelpers.py", line 122, in __exit__
    raise exc_value.with_traceback(exc_tb)
  File "C:\Users\agust\AppData\Roaming\Python\Python314\site-packages\sqlalchemy\orm\session.py", line 4449, in _flush
    flush_context.execute()
    ~~~~~~~~~~~~~~~~~~~~~^^
  File "C:\Users\agust\AppData\Roaming\Python\Python314\site-packages\sqlalchemy\orm\unitofwork.py", line 465, in execute
    rec.execute(self)
    ~~~~~~~~~~~^^^^^^
  File "C:\Users\agust\AppData\Roaming\Python\Python314\site-packages\sqlalchemy\orm\unitofwork.py", line 678, in execute
    util.preloaded.orm_persistence.delete_obj(
    ~~~~~~~~~~~~~~~~~~~~~~~~~~~~~~~~~~~~~~~~~^
        self.mapper,
        ^^^^^^^^^^^^
        uow.states_for_mapper_hierarchy(self.mapper, True, False),
        ^^^^^^^^^^^^^^^^^^^^^^^^^^^^^^^^^^^^^^^^^^^^^^^^^^^^^^^^^^
        uow,
        ^^^^
    )
    ^
  File "C:\Users\agust\AppData\Roaming\Python\Python314\site-packages\sqlalchemy\orm\persistence.py", line 194, in delete_obj
    _emit_delete_statements(
    ~~~~~~~~~~~~~~~~~~~~~~~^
        base_mapper,
        ^^^^^^^^^^^^
    ...<3 lines>...
        delete,
        ^^^^^^^
    )
    ^
  File "C:\Users\agust\AppData\Roaming\Python\Python314\site-packages\sqlalchemy\orm\persistence.py", line 1472, in _emit_delete_statements
    c = connection.execute(
        statement, del_objects, execution_options=execution_options
    )
  File "C:\Users\agust\AppData\Roaming\Python\Python314\site-packages\sqlalchemy\engine\base.py", line 1421, in execute
    return meth(
        self,
        distilled_parameters,
        execution_options or NO_OPTIONS,
    )
  File "C:\Users\agust\AppData\Roaming\Python\Python314\site-packages\sqlalchemy\sql\elements.py", line 526, in _execute_on_connection
    return connection._execute_clauseelement(
           ~~~~~~~~~~~~~~~~~~~~~~~~~~~~~~~~~^
        self, distilled_params, execution_options
        ^^^^^^^^^^^^^^^^^^^^^^^^^^^^^^^^^^^^^^^^^
    )
    ^
  File "C:\Users\agust\AppData\Roaming\Python\Python314\site-packages\sqlalchemy\engine\base.py", line 1643, in _execute_clauseelement
    ret = self._execute_context(
        dialect,
    ...<8 lines>...
        cache_hit=cache_hit,
    )
  File "C:\Users\agust\AppData\Roaming\Python\Python314\site-packages\sqlalchemy\engine\base.py", line 1848, in _execute_context
    return self._exec_single_context(
           ~~~~~~~~~~~~~~~~~~~~~~~~~^
        dialect, context, statement, parameters
        ^^^^^^^^^^^^^^^^^^^^^^^^^^^^^^^^^^^^^^^
    )
    ^
  File "C:\Users\agust\AppData\Roaming\Python\Python314\site-packages\sqlalchemy\engine\base.py", line 1988, in _exec_single_context
    self._handle_dbapi_exception(
    ~~~~~~~~~~~~~~~~~~~~~~~~~~~~^
        e, str_statement, effective_parameters, cursor, context
        ^^^^^^^^^^^^^^^^^^^^^^^^^^^^^^^^^^^^^^^^^^^^^^^^^^^^^^^
    )
    ^
  File "C:\Users\agust\AppData\Roaming\Python\Python314\site-packages\sqlalchemy\engine\base.py", line 2365, in _handle_dbapi_exception
    raise sqlalchemy_exception.with_traceback(exc_info[2]) from e
  File "C:\Users\agust\AppData\Roaming\Python\Python314\site-packages\sqlalchemy\engine\base.py", line 1969, in _exec_single_context
    self.dialect.do_execute(
    ~~~~~~~~~~~~~~~~~~~~~~~^
        cursor, str_statement, effective_parameters, context
        ^^^^^^^^^^^^^^^^^^^^^^^^^^^^^^^^^^^^^^^^^^^^^^^^^^^^
    )
    ^
  File "C:\Users\agust\AppData\Roaming\Python\Python314\site-packages\sqlalchemy\engine\default.py", line 952, in do_execute
    cursor.execute(statement, parameters)
    ~~~~~~~~~~~~~~^^^^^^^^^^^^^^^^^^^^^^^
  File "C:\Users\agust\AppData\Roaming\Python\Python314\site-packages\sqlalchemy\dialects\postgresql\asyncpg.py", line 585, in execute
    self._adapt_connection.await_(
    ~~~~~~~~~~~~~~~~~~~~~~~~~~~~~^
        self._prepare_and_execute(operation, parameters)
        ^^^^^^^^^^^^^^^^^^^^^^^^^^^^^^^^^^^^^^^^^^^^^^^^
    )
    ^
  File "C:\Users\agust\AppData\Roaming\Python\Python314\site-packages\sqlalchemy\util\_concurrency_py3k.py", line 132, in await_only
    return current.parent.switch(awaitable)  # type: ignore[no-any-return,attr-defined] # noqa: E501
           ~~~~~~~~~~~~~~~~~~~~~^^^^^^^^^^^
  File "C:\Users\agust\AppData\Roaming\Python\Python314\site-packages\sqlalchemy\util\_concurrency_py3k.py", line 196, in greenlet_spawn
    value = await result
            ^^^^^^^^^^^^
  File "C:\Users\agust\AppData\Roaming\Python\Python314\site-packages\sqlalchemy\dialects\postgresql\asyncpg.py", line 563, in _prepare_and_execute
    self._handle_exception(error)
    ~~~~~~~~~~~~~~~~~~~~~~^^^^^^^
  File "C:\Users\agust\AppData\Roaming\Python\Python314\site-packages\sqlalchemy\dialects\postgresql\asyncpg.py", line 513, in _handle_exception
    self._adapt_connection._handle_exception(error)
    ~~~~~~~~~~~~~~~~~~~~~~~~~~~~~~~~~~~~~~~~^^^^^^^
  File "C:\Users\agust\AppData\Roaming\Python\Python314\site-packages\sqlalchemy\dialects\postgresql\asyncpg.py", line 797, in _handle_exception
    raise translated_error from error
sqlalchemy.exc.IntegrityError: (sqlalchemy.dialects.postgresql.asyncpg.IntegrityError) <class 'asyncpg.exceptions.ForeignKeyViolationError'>: update or delete on table "campos" violates foreign key constraint "parcelas_nombre_campo_fkey" on table "parcelas"
DETAIL:  Key (nombre_campo)=(CampoTest2) is still referenced from table "parcelas".
[SQL: DELETE FROM campos WHERE campos.nombre_campo = $1::VARCHAR]
[parameters: ('CampoTest2',)]
(Background on this error at: https://sqlalche.me/e/20/gkpj)
ERROR:    Exception in ASGI application
Traceback (most recent call last):
  File "C:\Users\agust\AppData\Roaming\Python\Python314\site-packages\sqlalchemy\dialects\postgresql\asyncpg.py", line 550, in _prepare_and_execute
    self._rows = deque(await prepared_stmt.fetch(*parameters))
                       ^^^^^^^^^^^^^^^^^^^^^^^^^^^^^^^^^^^^^^
  File "C:\Users\agust\AppData\Roaming\Python\Python314\site-packages\asyncpg\prepared_stmt.py", line 177, in fetch
    data = await self.__bind_execute(args, 0, timeout)
           ^^^^^^^^^^^^^^^^^^^^^^^^^^^^^^^^^^^^^^^^^^^
  File "C:\Users\agust\AppData\Roaming\Python\Python314\site-packages\asyncpg\prepared_stmt.py", line 268, in __bind_execute
    data, status, _ = await self.__do_execute(
                      ^^^^^^^^^^^^^^^^^^^^^^^^
        lambda protocol: protocol.bind_execute(
        ^^^^^^^^^^^^^^^^^^^^^^^^^^^^^^^^^^^^^^^
            self._state, args, '', limit, True, timeout))
            ^^^^^^^^^^^^^^^^^^^^^^^^^^^^^^^^^^^^^^^^^^^^^
  File "C:\Users\agust\AppData\Roaming\Python\Python314\site-packages\asyncpg\prepared_stmt.py", line 257, in __do_execute
    return await executor(protocol)
           ^^^^^^^^^^^^^^^^^^^^^^^^
  File "asyncpg/protocol/protocol.pyx", line 205, in bind_execute
asyncpg.exceptions.ForeignKeyViolationError: update or delete on table "campos" violates foreign key constraint "parcelas_nombre_campo_fkey" on table "parcelas"
DETAIL:  Key (nombre_campo)=(CampoTest2) is still referenced from table "parcelas".

The above exception was the direct cause of the following exception:

Traceback (most recent call last):
  File "C:\Users\agust\AppData\Roaming\Python\Python314\site-packages\sqlalchemy\engine\base.py", line 1969, in _exec_single_context
    self.dialect.do_execute(
    ~~~~~~~~~~~~~~~~~~~~~~~^
        cursor, str_statement, effective_parameters, context
        ^^^^^^^^^^^^^^^^^^^^^^^^^^^^^^^^^^^^^^^^^^^^^^^^^^^^
    )
    ^
  File "C:\Users\agust\AppData\Roaming\Python\Python314\site-packages\sqlalchemy\engine\default.py", line 952, in do_execute
    cursor.execute(statement, parameters)
    ~~~~~~~~~~~~~~^^^^^^^^^^^^^^^^^^^^^^^
  File "C:\Users\agust\AppData\Roaming\Python\Python314\site-packages\sqlalchemy\dialects\postgresql\asyncpg.py", line 585, in execute
    self._adapt_connection.await_(
    ~~~~~~~~~~~~~~~~~~~~~~~~~~~~~^
        self._prepare_and_execute(operation, parameters)
        ^^^^^^^^^^^^^^^^^^^^^^^^^^^^^^^^^^^^^^^^^^^^^^^^
    )
    ^
  File "C:\Users\agust\AppData\Roaming\Python\Python314\site-packages\sqlalchemy\util\_concurrency_py3k.py", line 132, in await_only
    return current.parent.switch(awaitable)  # type: ignore[no-any-return,attr-defined] # noqa: E501
           ~~~~~~~~~~~~~~~~~~~~~^^^^^^^^^^^
  File "C:\Users\agust\AppData\Roaming\Python\Python314\site-packages\sqlalchemy\util\_concurrency_py3k.py", line 196, in greenlet_spawn
    value = await result
            ^^^^^^^^^^^^
  File "C:\Users\agust\AppData\Roaming\Python\Python314\site-packages\sqlalchemy\dialects\postgresql\asyncpg.py", line 563, in _prepare_and_execute
    self._handle_exception(error)
    ~~~~~~~~~~~~~~~~~~~~~~^^^^^^^
  File "C:\Users\agust\AppData\Roaming\Python\Python314\site-packages\sqlalchemy\dialects\postgresql\asyncpg.py", line 513, in _handle_exception
    self._adapt_connection._handle_exception(error)
    ~~~~~~~~~~~~~~~~~~~~~~~~~~~~~~~~~~~~~~~~^^^^^^^
  File "C:\Users\agust\AppData\Roaming\Python\Python314\site-packages\sqlalchemy\dialects\postgresql\asyncpg.py", line 797, in _handle_exception
    raise translated_error from error
sqlalchemy.dialects.postgresql.asyncpg.AsyncAdapt_asyncpg_dbapi.IntegrityError: <class 'asyncpg.exceptions.ForeignKeyViolationError'>: update or delete on table "campos" violates foreign key constraint "parcelas_nombre_campo_fkey" on table "parcelas"
DETAIL:  Key (nombre_campo)=(CampoTest2) is still referenced from table "parcelas".

The above exception was the direct cause of the following exception:

Traceback (most recent call last):
  File "C:\Users\agust\AppData\Roaming\Python\Python314\site-packages\uvicorn\protocols\http\httptools_impl.py", line 421, in run_asgi
    result = await app(  # type: ignore[func-returns-value]
             ^^^^^^^^^^^^^^^^^^^^^^^^^^^^^^^^^^^^^^^^^^^^^^
        self.scope, self.receive, self.send
        ^^^^^^^^^^^^^^^^^^^^^^^^^^^^^^^^^^^
    )
    ^
  File "C:\Users\agust\AppData\Roaming\Python\Python314\site-packages\uvicorn\middleware\proxy_headers.py", line 62, in __call__
    return await self.app(scope, receive, send)
           ^^^^^^^^^^^^^^^^^^^^^^^^^^^^^^^^^^^^
  File "C:\Users\agust\AppData\Roaming\Python\Python314\site-packages\fastapi\applications.py", line 1163, in __call__
    await super().__call__(scope, receive, send)
  File "C:\Users\agust\AppData\Roaming\Python\Python314\site-packages\starlette\applications.py", line 90, in __call__
    await self.middleware_stack(scope, receive, send)
  File "C:\Users\agust\AppData\Roaming\Python\Python314\site-packages\starlette\middleware\errors.py", line 186, in __call__
    raise exc
  File "C:\Users\agust\AppData\Roaming\Python\Python314\site-packages\starlette\middleware\errors.py", line 164, in __call__
    await self.app(scope, receive, _send)
  File "C:\Users\agust\AppData\Roaming\Python\Python314\site-packages\starlette\middleware\exceptions.py", line 63, in __call__
    await wrap_app_handling_exceptions(self.app, conn)(scope, receive, send)
  File "C:\Users\agust\AppData\Roaming\Python\Python314\site-packages\starlette\_exception_handler.py", line 53, in wrapped_app
    raise exc
  File "C:\Users\agust\AppData\Roaming\Python\Python314\site-packages\starlette\_exception_handler.py", line 42, in wrapped_app
    await app(scope, receive, sender)
  File "C:\Users\agust\AppData\Roaming\Python\Python314\site-packages\fastapi\middleware\asyncexitstack.py", line 18, in __call__
    await self.app(scope, receive, send)
  File "C:\Users\agust\AppData\Roaming\Python\Python314\site-packages\starlette\routing.py", line 660, in __call__
    await self.middleware_stack(scope, receive, send)
  File "C:\Users\agust\AppData\Roaming\Python\Python314\site-packages\fastapi\routing.py", line 2531, in app
    await route.handle(scope, receive, send)
  File "C:\Users\agust\AppData\Roaming\Python\Python314\site-packages\fastapi\routing.py", line 1700, in handle
    await self.original_router.handle(scope, receive, send)
  File "C:\Users\agust\AppData\Roaming\Python\Python314\site-packages\fastapi\routing.py", line 2586, in handle
    await included_router._handle_selected(scope, receive, send)
  File "C:\Users\agust\AppData\Roaming\Python\Python314\site-packages\fastapi\routing.py", line 1720, in _handle_selected
    await original_route.handle(scope, receive, send)
  File "C:\Users\agust\AppData\Roaming\Python\Python314\site-packages\fastapi\routing.py", line 1239, in handle
    await app(scope, receive, send)
  File "C:\Users\agust\AppData\Roaming\Python\Python314\site-packages\fastapi\routing.py", line 150, in app
    await wrap_app_handling_exceptions(app, request)(scope, receive, send)
  File "C:\Users\agust\AppData\Roaming\Python\Python314\site-packages\starlette\_exception_handler.py", line 53, in wrapped_app
    raise exc
  File "C:\Users\agust\AppData\Roaming\Python\Python314\site-packages\starlette\_exception_handler.py", line 42, in wrapped_app
    await app(scope, receive, sender)
  File "C:\Users\agust\AppData\Roaming\Python\Python314\site-packages\fastapi\routing.py", line 136, in app
    response = await f(request)
               ^^^^^^^^^^^^^^^^
  File "C:\Users\agust\AppData\Roaming\Python\Python314\site-packages\fastapi\routing.py", line 690, in app
    raw_response = await run_endpoint_function(
                   ^^^^^^^^^^^^^^^^^^^^^^^^^^^^
    ...<3 lines>...
    )
    ^
  File "C:\Users\agust\AppData\Roaming\Python\Python314\site-packages\fastapi\routing.py", line 344, in run_endpoint_function
    return await dependant.call(**values)
           ^^^^^^^^^^^^^^^^^^^^^^^^^^^^^^
  File "X:\Arqui\AgroTech\src\modules\data_api\router.py", line 334, in delete_campo
    async with db.begin():
               ~~~~~~~~^^
  File "C:\Users\agust\AppData\Roaming\Python\Python314\site-packages\sqlalchemy\ext\asyncio\session.py", line 1886, in __aexit__
    await greenlet_spawn(
        self._sync_transaction().__exit__, type_, value, traceback
    )
  File "C:\Users\agust\AppData\Roaming\Python\Python314\site-packages\sqlalchemy\util\_concurrency_py3k.py", line 203, in greenlet_spawn
    result = context.switch(value)
  File "C:\Users\agust\AppData\Roaming\Python\Python314\site-packages\sqlalchemy\engine\util.py", line 147, in __exit__
    with util.safe_reraise():
         ~~~~~~~~~~~~~~~~~^^
  File "C:\Users\agust\AppData\Roaming\Python\Python314\site-packages\sqlalchemy\util\langhelpers.py", line 122, in __exit__
    raise exc_value.with_traceback(exc_tb)
  File "C:\Users\agust\AppData\Roaming\Python\Python314\site-packages\sqlalchemy\engine\util.py", line 145, in __exit__
    self.commit()
    ~~~~~~~~~~~^^
  File "<string>", line 2, in commit
  File "C:\Users\agust\AppData\Roaming\Python\Python314\site-packages\sqlalchemy\orm\state_changes.py", line 137, in _go
    ret_value = fn(self, *arg, **kw)
  File "C:\Users\agust\AppData\Roaming\Python\Python314\site-packages\sqlalchemy\orm\session.py", line 1316, in commit
    self._prepare_impl()
    ~~~~~~~~~~~~~~~~~~^^
  File "<string>", line 2, in _prepare_impl
  File "C:\Users\agust\AppData\Roaming\Python\Python314\site-packages\sqlalchemy\orm\state_changes.py", line 137, in _go
    ret_value = fn(self, *arg, **kw)
  File "C:\Users\agust\AppData\Roaming\Python\Python314\site-packages\sqlalchemy\orm\session.py", line 1290, in _prepare_impl
    self.session.flush()
    ~~~~~~~~~~~~~~~~~~^^
  File "C:\Users\agust\AppData\Roaming\Python\Python314\site-packages\sqlalchemy\orm\session.py", line 4353, in flush
    self._flush(objects)
    ~~~~~~~~~~~^^^^^^^^^
  File "C:\Users\agust\AppData\Roaming\Python\Python314\site-packages\sqlalchemy\orm\session.py", line 4488, in _flush
    with util.safe_reraise():
         ~~~~~~~~~~~~~~~~~^^
  File "C:\Users\agust\AppData\Roaming\Python\Python314\site-packages\sqlalchemy\util\langhelpers.py", line 122, in __exit__
    raise exc_value.with_traceback(exc_tb)
  File "C:\Users\agust\AppData\Roaming\Python\Python314\site-packages\sqlalchemy\orm\session.py", line 4449, in _flush
    flush_context.execute()
    ~~~~~~~~~~~~~~~~~~~~~^^
  File "C:\Users\agust\AppData\Roaming\Python\Python314\site-packages\sqlalchemy\orm\unitofwork.py", line 465, in execute
    rec.execute(self)
    ~~~~~~~~~~~^^^^^^
  File "C:\Users\agust\AppData\Roaming\Python\Python314\site-packages\sqlalchemy\orm\unitofwork.py", line 678, in execute
    util.preloaded.orm_persistence.delete_obj(
    ~~~~~~~~~~~~~~~~~~~~~~~~~~~~~~~~~~~~~~~~~^
        self.mapper,
        ^^^^^^^^^^^^
        uow.states_for_mapper_hierarchy(self.mapper, True, False),
        ^^^^^^^^^^^^^^^^^^^^^^^^^^^^^^^^^^^^^^^^^^^^^^^^^^^^^^^^^^
        uow,
        ^^^^
    )
    ^
  File "C:\Users\agust\AppData\Roaming\Python\Python314\site-packages\sqlalchemy\orm\persistence.py", line 194, in delete_obj
    _emit_delete_statements(
    ~~~~~~~~~~~~~~~~~~~~~~~^
        base_mapper,
        ^^^^^^^^^^^^
    ...<3 lines>...
        delete,
        ^^^^^^^
    )
    ^
  File "C:\Users\agust\AppData\Roaming\Python\Python314\site-packages\sqlalchemy\orm\persistence.py", line 1472, in _emit_delete_statements
    c = connection.execute(
        statement, del_objects, execution_options=execution_options
    )
  File "C:\Users\agust\AppData\Roaming\Python\Python314\site-packages\sqlalchemy\engine\base.py", line 1421, in execute
    return meth(
        self,
        distilled_parameters,
        execution_options or NO_OPTIONS,
    )
  File "C:\Users\agust\AppData\Roaming\Python\Python314\site-packages\sqlalchemy\sql\elements.py", line 526, in _execute_on_connection
    return connection._execute_clauseelement(
           ~~~~~~~~~~~~~~~~~~~~~~~~~~~~~~~~~^
        self, distilled_params, execution_options
        ^^^^^^^^^^^^^^^^^^^^^^^^^^^^^^^^^^^^^^^^^
    )
    ^
  File "C:\Users\agust\AppData\Roaming\Python\Python314\site-packages\sqlalchemy\engine\base.py", line 1643, in _execute_clauseelement
    ret = self._execute_context(
        dialect,
    ...<8 lines>...
        cache_hit=cache_hit,
    )
  File "C:\Users\agust\AppData\Roaming\Python\Python314\site-packages\sqlalchemy\engine\base.py", line 1848, in _execute_context
    return self._exec_single_context(
           ~~~~~~~~~~~~~~~~~~~~~~~~~^
        dialect, context, statement, parameters
        ^^^^^^^^^^^^^^^^^^^^^^^^^^^^^^^^^^^^^^^
    )
    ^
  File "C:\Users\agust\AppData\Roaming\Python\Python314\site-packages\sqlalchemy\engine\base.py", line 1988, in _exec_single_context
    self._handle_dbapi_exception(
    ~~~~~~~~~~~~~~~~~~~~~~~~~~~~^
        e, str_statement, effective_parameters, cursor, context
        ^^^^^^^^^^^^^^^^^^^^^^^^^^^^^^^^^^^^^^^^^^^^^^^^^^^^^^^
    )
    ^
  File "C:\Users\agust\AppData\Roaming\Python\Python314\site-packages\sqlalchemy\engine\base.py", line 2365, in _handle_dbapi_exception
    raise sqlalchemy_exception.with_traceback(exc_info[2]) from e
  File "C:\Users\agust\AppData\Roaming\Python\Python314\site-packages\sqlalchemy\engine\base.py", line 1969, in _exec_single_context
    self.dialect.do_execute(
    ~~~~~~~~~~~~~~~~~~~~~~~^
        cursor, str_statement, effective_parameters, context
        ^^^^^^^^^^^^^^^^^^^^^^^^^^^^^^^^^^^^^^^^^^^^^^^^^^^^
    )
    ^
  File "C:\Users\agust\AppData\Roaming\Python\Python314\site-packages\sqlalchemy\engine\default.py", line 952, in do_execute
    cursor.execute(statement, parameters)
    ~~~~~~~~~~~~~~^^^^^^^^^^^^^^^^^^^^^^^
  File "C:\Users\agust\AppData\Roaming\Python\Python314\site-packages\sqlalchemy\dialects\postgresql\asyncpg.py", line 585, in execute
    self._adapt_connection.await_(
    ~~~~~~~~~~~~~~~~~~~~~~~~~~~~~^
        self._prepare_and_execute(operation, parameters)
        ^^^^^^^^^^^^^^^^^^^^^^^^^^^^^^^^^^^^^^^^^^^^^^^^
    )
    ^
  File "C:\Users\agust\AppData\Roaming\Python\Python314\site-packages\sqlalchemy\util\_concurrency_py3k.py", line 132, in await_only
    return current.parent.switch(awaitable)  # type: ignore[no-any-return,attr-defined] # noqa: E501
           ~~~~~~~~~~~~~~~~~~~~~^^^^^^^^^^^
  File "C:\Users\agust\AppData\Roaming\Python\Python314\site-packages\sqlalchemy\util\_concurrency_py3k.py", line 196, in greenlet_spawn
    value = await result
            ^^^^^^^^^^^^
  File "C:\Users\agust\AppData\Roaming\Python\Python314\site-packages\sqlalchemy\dialects\postgresql\asyncpg.py", line 563, in _prepare_and_execute
    self._handle_exception(error)
    ~~~~~~~~~~~~~~~~~~~~~~^^^^^^^
  File "C:\Users\agust\AppData\Roaming\Python\Python314\site-packages\sqlalchemy\dialects\postgresql\asyncpg.py", line 513, in _handle_exception
    self._adapt_connection._handle_exception(error)
    ~~~~~~~~~~~~~~~~~~~~~~~~~~~~~~~~~~~~~~~~^^^^^^^
  File "C:\Users\agust\AppData\Roaming\Python\Python314\site-packages\sqlalchemy\dialects\postgresql\asyncpg.py", line 797, in _handle_exception
    raise translated_error from error
sqlalchemy.exc.IntegrityError: (sqlalchemy.dialects.postgresql.asyncpg.IntegrityError) <class 'asyncpg.exceptions.ForeignKeyViolationError'>: update or delete on table "campos" violates foreign key constraint "parcelas_nombre_campo_fkey" on table "parcelas"
DETAIL:  Key (nombre_campo)=(CampoTest2) is still referenced from table "parcelas".
[SQL: DELETE FROM campos WHERE campos.nombre_campo = $1::VARCHAR]
[parameters: ('CampoTest2',)]
(Background on this error at: https://sqlalche.me/e/20/gkpj)
Error interno no controlado | path=/api/campos/CampoX | ip=127.0.0.1
Traceback (most recent call last):
  File "C:\Users\agust\AppData\Roaming\Python\Python314\site-packages\sqlalchemy\dialects\postgresql\asyncpg.py", line 550, in _prepare_and_execute
    self._rows = deque(await prepared_stmt.fetch(*parameters))
                       ^^^^^^^^^^^^^^^^^^^^^^^^^^^^^^^^^^^^^^
  File "C:\Users\agust\AppData\Roaming\Python\Python314\site-packages\asyncpg\prepared_stmt.py", line 177, in fetch
    data = await self.__bind_execute(args, 0, timeout)
           ^^^^^^^^^^^^^^^^^^^^^^^^^^^^^^^^^^^^^^^^^^^
  File "C:\Users\agust\AppData\Roaming\Python\Python314\site-packages\asyncpg\prepared_stmt.py", line 268, in __bind_execute
    data, status, _ = await self.__do_execute(
                      ^^^^^^^^^^^^^^^^^^^^^^^^
        lambda protocol: protocol.bind_execute(
        ^^^^^^^^^^^^^^^^^^^^^^^^^^^^^^^^^^^^^^^
            self._state, args, '', limit, True, timeout))
            ^^^^^^^^^^^^^^^^^^^^^^^^^^^^^^^^^^^^^^^^^^^^^
  File "C:\Users\agust\AppData\Roaming\Python\Python314\site-packages\asyncpg\prepared_stmt.py", line 257, in __do_execute
    return await executor(protocol)
           ^^^^^^^^^^^^^^^^^^^^^^^^
  File "asyncpg/protocol/protocol.pyx", line 205, in bind_execute
asyncpg.exceptions.ForeignKeyViolationError: update or delete on table "campos" violates foreign key constraint "parcelas_nombre_campo_fkey" on table "parcelas"
DETAIL:  Key (nombre_campo)=(CampoX) is still referenced from table "parcelas".

The above exception was the direct cause of the following exception:

Traceback (most recent call last):
  File "C:\Users\agust\AppData\Roaming\Python\Python314\site-packages\sqlalchemy\engine\base.py", line 1969, in _exec_single_context
    self.dialect.do_execute(
    ~~~~~~~~~~~~~~~~~~~~~~~^
        cursor, str_statement, effective_parameters, context
        ^^^^^^^^^^^^^^^^^^^^^^^^^^^^^^^^^^^^^^^^^^^^^^^^^^^^
    )
    ^
  File "C:\Users\agust\AppData\Roaming\Python\Python314\site-packages\sqlalchemy\engine\default.py", line 952, in do_execute
    cursor.execute(statement, parameters)
    ~~~~~~~~~~~~~~^^^^^^^^^^^^^^^^^^^^^^^
  File "C:\Users\agust\AppData\Roaming\Python\Python314\site-packages\sqlalchemy\dialects\postgresql\asyncpg.py", line 585, in execute
    self._adapt_connection.await_(
    ~~~~~~~~~~~~~~~~~~~~~~~~~~~~~^
        self._prepare_and_execute(operation, parameters)
        ^^^^^^^^^^^^^^^^^^^^^^^^^^^^^^^^^^^^^^^^^^^^^^^^
    )
    ^
  File "C:\Users\agust\AppData\Roaming\Python\Python314\site-packages\sqlalchemy\util\_concurrency_py3k.py", line 132, in await_only
    return current.parent.switch(awaitable)  # type: ignore[no-any-return,attr-defined] # noqa: E501
           ~~~~~~~~~~~~~~~~~~~~~^^^^^^^^^^^
  File "C:\Users\agust\AppData\Roaming\Python\Python314\site-packages\sqlalchemy\util\_concurrency_py3k.py", line 196, in greenlet_spawn
    value = await result
            ^^^^^^^^^^^^
  File "C:\Users\agust\AppData\Roaming\Python\Python314\site-packages\sqlalchemy\dialects\postgresql\asyncpg.py", line 563, in _prepare_and_execute
    self._handle_exception(error)
    ~~~~~~~~~~~~~~~~~~~~~~^^^^^^^
  File "C:\Users\agust\AppData\Roaming\Python\Python314\site-packages\sqlalchemy\dialects\postgresql\asyncpg.py", line 513, in _handle_exception
    self._adapt_connection._handle_exception(error)
    ~~~~~~~~~~~~~~~~~~~~~~~~~~~~~~~~~~~~~~~~^^^^^^^
  File "C:\Users\agust\AppData\Roaming\Python\Python314\site-packages\sqlalchemy\dialects\postgresql\asyncpg.py", line 797, in _handle_exception
    raise translated_error from error
sqlalchemy.dialects.postgresql.asyncpg.AsyncAdapt_asyncpg_dbapi.IntegrityError: <class 'asyncpg.exceptions.ForeignKeyViolationError'>: update or delete on table "campos" violates foreign key constraint "parcelas_nombre_campo_fkey" on table "parcelas"
DETAIL:  Key (nombre_campo)=(CampoX) is still referenced from table "parcelas".

The above exception was the direct cause of the following exception:

Traceback (most recent call last):
  File "C:\Users\agust\AppData\Roaming\Python\Python314\site-packages\starlette\middleware\errors.py", line 164, in __call__
    await self.app(scope, receive, _send)
  File "C:\Users\agust\AppData\Roaming\Python\Python314\site-packages\starlette\middleware\exceptions.py", line 63, in __call__
    await wrap_app_handling_exceptions(self.app, conn)(scope, receive, send)
  File "C:\Users\agust\AppData\Roaming\Python\Python314\site-packages\starlette\_exception_handler.py", line 53, in wrapped_app
    raise exc
  File "C:\Users\agust\AppData\Roaming\Python\Python314\site-packages\starlette\_exception_handler.py", line 42, in wrapped_app
    await app(scope, receive, sender)
  File "C:\Users\agust\AppData\Roaming\Python\Python314\site-packages\fastapi\middleware\asyncexitstack.py", line 18, in __call__
    await self.app(scope, receive, send)
  File "C:\Users\agust\AppData\Roaming\Python\Python314\site-packages\starlette\routing.py", line 660, in __call__
    await self.middleware_stack(scope, receive, send)
  File "C:\Users\agust\AppData\Roaming\Python\Python314\site-packages\fastapi\routing.py", line 2531, in app
    await route.handle(scope, receive, send)
  File "C:\Users\agust\AppData\Roaming\Python\Python314\site-packages\fastapi\routing.py", line 1700, in handle
    await self.original_router.handle(scope, receive, send)
  File "C:\Users\agust\AppData\Roaming\Python\Python314\site-packages\fastapi\routing.py", line 2586, in handle
    await included_router._handle_selected(scope, receive, send)
  File "C:\Users\agust\AppData\Roaming\Python\Python314\site-packages\fastapi\routing.py", line 1720, in _handle_selected
    await original_route.handle(scope, receive, send)
  File "C:\Users\agust\AppData\Roaming\Python\Python314\site-packages\fastapi\routing.py", line 1239, in handle
    await app(scope, receive, send)
  File "C:\Users\agust\AppData\Roaming\Python\Python314\site-packages\fastapi\routing.py", line 150, in app
    await wrap_app_handling_exceptions(app, request)(scope, receive, send)
  File "C:\Users\agust\AppData\Roaming\Python\Python314\site-packages\starlette\_exception_handler.py", line 53, in wrapped_app
    raise exc
  File "C:\Users\agust\AppData\Roaming\Python\Python314\site-packages\starlette\_exception_handler.py", line 42, in wrapped_app
    await app(scope, receive, sender)
  File "C:\Users\agust\AppData\Roaming\Python\Python314\site-packages\fastapi\routing.py", line 136, in app
    response = await f(request)
               ^^^^^^^^^^^^^^^^
  File "C:\Users\agust\AppData\Roaming\Python\Python314\site-packages\fastapi\routing.py", line 690, in app
    raw_response = await run_endpoint_function(
                   ^^^^^^^^^^^^^^^^^^^^^^^^^^^^
    ...<3 lines>...
    )
    ^
  File "C:\Users\agust\AppData\Roaming\Python\Python314\site-packages\fastapi\routing.py", line 344, in run_endpoint_function
    return await dependant.call(**values)
           ^^^^^^^^^^^^^^^^^^^^^^^^^^^^^^
  File "X:\Arqui\AgroTech\src\modules\data_api\router.py", line 334, in delete_campo
    async with db.begin():
               ~~~~~~~~^^
  File "C:\Users\agust\AppData\Roaming\Python\Python314\site-packages\sqlalchemy\ext\asyncio\session.py", line 1886, in __aexit__
    await greenlet_spawn(
        self._sync_transaction().__exit__, type_, value, traceback
    )
  File "C:\Users\agust\AppData\Roaming\Python\Python314\site-packages\sqlalchemy\util\_concurrency_py3k.py", line 203, in greenlet_spawn
    result = context.switch(value)
  File "C:\Users\agust\AppData\Roaming\Python\Python314\site-packages\sqlalchemy\engine\util.py", line 147, in __exit__
    with util.safe_reraise():
         ~~~~~~~~~~~~~~~~~^^
  File "C:\Users\agust\AppData\Roaming\Python\Python314\site-packages\sqlalchemy\util\langhelpers.py", line 122, in __exit__
    raise exc_value.with_traceback(exc_tb)
  File "C:\Users\agust\AppData\Roaming\Python\Python314\site-packages\sqlalchemy\engine\util.py", line 145, in __exit__
    self.commit()
    ~~~~~~~~~~~^^
  File "<string>", line 2, in commit
  File "C:\Users\agust\AppData\Roaming\Python\Python314\site-packages\sqlalchemy\orm\state_changes.py", line 137, in _go
    ret_value = fn(self, *arg, **kw)
  File "C:\Users\agust\AppData\Roaming\Python\Python314\site-packages\sqlalchemy\orm\session.py", line 1316, in commit
    self._prepare_impl()
    ~~~~~~~~~~~~~~~~~~^^
  File "<string>", line 2, in _prepare_impl
  File "C:\Users\agust\AppData\Roaming\Python\Python314\site-packages\sqlalchemy\orm\state_changes.py", line 137, in _go
    ret_value = fn(self, *arg, **kw)
  File "C:\Users\agust\AppData\Roaming\Python\Python314\site-packages\sqlalchemy\orm\session.py", line 1290, in _prepare_impl
    self.session.flush()
    ~~~~~~~~~~~~~~~~~~^^
  File "C:\Users\agust\AppData\Roaming\Python\Python314\site-packages\sqlalchemy\orm\session.py", line 4353, in flush
    self._flush(objects)
    ~~~~~~~~~~~^^^^^^^^^
  File "C:\Users\agust\AppData\Roaming\Python\Python314\site-packages\sqlalchemy\orm\session.py", line 4488, in _flush
    with util.safe_reraise():
         ~~~~~~~~~~~~~~~~~^^
  File "C:\Users\agust\AppData\Roaming\Python\Python314\site-packages\sqlalchemy\util\langhelpers.py", line 122, in __exit__
    raise exc_value.with_traceback(exc_tb)
  File "C:\Users\agust\AppData\Roaming\Python\Python314\site-packages\sqlalchemy\orm\session.py", line 4449, in _flush
    flush_context.execute()
    ~~~~~~~~~~~~~~~~~~~~~^^
  File "C:\Users\agust\AppData\Roaming\Python\Python314\site-packages\sqlalchemy\orm\unitofwork.py", line 465, in execute
    rec.execute(self)
    ~~~~~~~~~~~^^^^^^
  File "C:\Users\agust\AppData\Roaming\Python\Python314\site-packages\sqlalchemy\orm\unitofwork.py", line 678, in execute
    util.preloaded.orm_persistence.delete_obj(
    ~~~~~~~~~~~~~~~~~~~~~~~~~~~~~~~~~~~~~~~~~^
        self.mapper,
        ^^^^^^^^^^^^
        uow.states_for_mapper_hierarchy(self.mapper, True, False),
        ^^^^^^^^^^^^^^^^^^^^^^^^^^^^^^^^^^^^^^^^^^^^^^^^^^^^^^^^^^
        uow,
        ^^^^
    )
    ^
  File "C:\Users\agust\AppData\Roaming\Python\Python314\site-packages\sqlalchemy\orm\persistence.py", line 194, in delete_obj
    _emit_delete_statements(
    ~~~~~~~~~~~~~~~~~~~~~~~^
        base_mapper,
        ^^^^^^^^^^^^
    ...<3 lines>...
        delete,
        ^^^^^^^
    )
    ^
  File "C:\Users\agust\AppData\Roaming\Python\Python314\site-packages\sqlalchemy\orm\persistence.py", line 1472, in _emit_delete_statements
    c = connection.execute(
        statement, del_objects, execution_options=execution_options
    )
  File "C:\Users\agust\AppData\Roaming\Python\Python314\site-packages\sqlalchemy\engine\base.py", line 1421, in execute
    return meth(
        self,
        distilled_parameters,
        execution_options or NO_OPTIONS,
    )
  File "C:\Users\agust\AppData\Roaming\Python\Python314\site-packages\sqlalchemy\sql\elements.py", line 526, in _execute_on_connection
    return connection._execute_clauseelement(
           ~~~~~~~~~~~~~~~~~~~~~~~~~~~~~~~~~^
        self, distilled_params, execution_options
        ^^^^^^^^^^^^^^^^^^^^^^^^^^^^^^^^^^^^^^^^^
    )
    ^
  File "C:\Users\agust\AppData\Roaming\Python\Python314\site-packages\sqlalchemy\engine\base.py", line 1643, in _execute_clauseelement
    ret = self._execute_context(
        dialect,
    ...<8 lines>...
        cache_hit=cache_hit,
    )
  File "C:\Users\agust\AppData\Roaming\Python\Python314\site-packages\sqlalchemy\engine\base.py", line 1848, in _execute_context
    return self._exec_single_context(
           ~~~~~~~~~~~~~~~~~~~~~~~~~^
        dialect, context, statement, parameters
        ^^^^^^^^^^^^^^^^^^^^^^^^^^^^^^^^^^^^^^^
    )
    ^
  File "C:\Users\agust\AppData\Roaming\Python\Python314\site-packages\sqlalchemy\engine\base.py", line 1988, in _exec_single_context
    self._handle_dbapi_exception(
    ~~~~~~~~~~~~~~~~~~~~~~~~~~~~^
        e, str_statement, effective_parameters, cursor, context
        ^^^^^^^^^^^^^^^^^^^^^^^^^^^^^^^^^^^^^^^^^^^^^^^^^^^^^^^
    )
    ^
  File "C:\Users\agust\AppData\Roaming\Python\Python314\site-packages\sqlalchemy\engine\base.py", line 2365, in _handle_dbapi_exception
    raise sqlalchemy_exception.with_traceback(exc_info[2]) from e
  File "C:\Users\agust\AppData\Roaming\Python\Python314\site-packages\sqlalchemy\engine\base.py", line 1969, in _exec_single_context
    self.dialect.do_execute(
    ~~~~~~~~~~~~~~~~~~~~~~~^
        cursor, str_statement, effective_parameters, context
        ^^^^^^^^^^^^^^^^^^^^^^^^^^^^^^^^^^^^^^^^^^^^^^^^^^^^
    )
    ^
  File "C:\Users\agust\AppData\Roaming\Python\Python314\site-packages\sqlalchemy\engine\default.py", line 952, in do_execute
    cursor.execute(statement, parameters)
    ~~~~~~~~~~~~~~^^^^^^^^^^^^^^^^^^^^^^^
  File "C:\Users\agust\AppData\Roaming\Python\Python314\site-packages\sqlalchemy\dialects\postgresql\asyncpg.py", line 585, in execute
    self._adapt_connection.await_(
    ~~~~~~~~~~~~~~~~~~~~~~~~~~~~~^
        self._prepare_and_execute(operation, parameters)
        ^^^^^^^^^^^^^^^^^^^^^^^^^^^^^^^^^^^^^^^^^^^^^^^^
    )
    ^
  File "C:\Users\agust\AppData\Roaming\Python\Python314\site-packages\sqlalchemy\util\_concurrency_py3k.py", line 132, in await_only
    return current.parent.switch(awaitable)  # type: ignore[no-any-return,attr-defined] # noqa: E501
           ~~~~~~~~~~~~~~~~~~~~~^^^^^^^^^^^
  File "C:\Users\agust\AppData\Roaming\Python\Python314\site-packages\sqlalchemy\util\_concurrency_py3k.py", line 196, in greenlet_spawn
    value = await result
            ^^^^^^^^^^^^
  File "C:\Users\agust\AppData\Roaming\Python\Python314\site-packages\sqlalchemy\dialects\postgresql\asyncpg.py", line 563, in _prepare_and_execute
    self._handle_exception(error)
    ~~~~~~~~~~~~~~~~~~~~~~^^^^^^^
  File "C:\Users\agust\AppData\Roaming\Python\Python314\site-packages\sqlalchemy\dialects\postgresql\asyncpg.py", line 513, in _handle_exception
    self._adapt_connection._handle_exception(error)
    ~~~~~~~~~~~~~~~~~~~~~~~~~~~~~~~~~~~~~~~~^^^^^^^
  File "C:\Users\agust\AppData\Roaming\Python\Python314\site-packages\sqlalchemy\dialects\postgresql\asyncpg.py", line 797, in _handle_exception
    raise translated_error from error
sqlalchemy.exc.IntegrityError: (sqlalchemy.dialects.postgresql.asyncpg.IntegrityError) <class 'asyncpg.exceptions.ForeignKeyViolationError'>: update or delete on table "campos" violates foreign key constraint "parcelas_nombre_campo_fkey" on table "parcelas"
DETAIL:  Key (nombre_campo)=(CampoX) is still referenced from table "parcelas".
[SQL: DELETE FROM campos WHERE campos.nombre_campo = $1::VARCHAR]
[parameters: ('CampoX',)]
(Background on this error at: https://sqlalche.me/e/20/gkpj)
ERROR:    Exception in ASGI application
Traceback (most recent call last):
  File "C:\Users\agust\AppData\Roaming\Python\Python314\site-packages\sqlalchemy\dialects\postgresql\asyncpg.py", line 550, in _prepare_and_execute
    self._rows = deque(await prepared_stmt.fetch(*parameters))
                       ^^^^^^^^^^^^^^^^^^^^^^^^^^^^^^^^^^^^^^
  File "C:\Users\agust\AppData\Roaming\Python\Python314\site-packages\asyncpg\prepared_stmt.py", line 177, in fetch
    data = await self.__bind_execute(args, 0, timeout)
           ^^^^^^^^^^^^^^^^^^^^^^^^^^^^^^^^^^^^^^^^^^^
  File "C:\Users\agust\AppData\Roaming\Python\Python314\site-packages\asyncpg\prepared_stmt.py", line 268, in __bind_execute
    data, status, _ = await self.__do_execute(
                      ^^^^^^^^^^^^^^^^^^^^^^^^
        lambda protocol: protocol.bind_execute(
        ^^^^^^^^^^^^^^^^^^^^^^^^^^^^^^^^^^^^^^^
            self._state, args, '', limit, True, timeout))
            ^^^^^^^^^^^^^^^^^^^^^^^^^^^^^^^^^^^^^^^^^^^^^
  File "C:\Users\agust\AppData\Roaming\Python\Python314\site-packages\asyncpg\prepared_stmt.py", line 257, in __do_execute
    return await executor(protocol)
           ^^^^^^^^^^^^^^^^^^^^^^^^
  File "asyncpg/protocol/protocol.pyx", line 205, in bind_execute
asyncpg.exceptions.ForeignKeyViolationError: update or delete on table "campos" violates foreign key constraint "parcelas_nombre_campo_fkey" on table "parcelas"
DETAIL:  Key (nombre_campo)=(CampoX) is still referenced from table "parcelas".

The above exception was the direct cause of the following exception:

Traceback (most recent call last):
  File "C:\Users\agust\AppData\Roaming\Python\Python314\site-packages\sqlalchemy\engine\base.py", line 1969, in _exec_single_context
    self.dialect.do_execute(
    ~~~~~~~~~~~~~~~~~~~~~~~^
        cursor, str_statement, effective_parameters, context
        ^^^^^^^^^^^^^^^^^^^^^^^^^^^^^^^^^^^^^^^^^^^^^^^^^^^^
    )
    ^
  File "C:\Users\agust\AppData\Roaming\Python\Python314\site-packages\sqlalchemy\engine\default.py", line 952, in do_execute
    cursor.execute(statement, parameters)
    ~~~~~~~~~~~~~~^^^^^^^^^^^^^^^^^^^^^^^
  File "C:\Users\agust\AppData\Roaming\Python\Python314\site-packages\sqlalchemy\dialects\postgresql\asyncpg.py", line 585, in execute
    self._adapt_connection.await_(
    ~~~~~~~~~~~~~~~~~~~~~~~~~~~~~^
        self._prepare_and_execute(operation, parameters)
        ^^^^^^^^^^^^^^^^^^^^^^^^^^^^^^^^^^^^^^^^^^^^^^^^
    )
    ^
  File "C:\Users\agust\AppData\Roaming\Python\Python314\site-packages\sqlalchemy\util\_concurrency_py3k.py", line 132, in await_only
    return current.parent.switch(awaitable)  # type: ignore[no-any-return,attr-defined] # noqa: E501
           ~~~~~~~~~~~~~~~~~~~~~^^^^^^^^^^^
  File "C:\Users\agust\AppData\Roaming\Python\Python314\site-packages\sqlalchemy\util\_concurrency_py3k.py", line 196, in greenlet_spawn
    value = await result
            ^^^^^^^^^^^^
  File "C:\Users\agust\AppData\Roaming\Python\Python314\site-packages\sqlalchemy\dialects\postgresql\asyncpg.py", line 563, in _prepare_and_execute
    self._handle_exception(error)
    ~~~~~~~~~~~~~~~~~~~~~~^^^^^^^
  File "C:\Users\agust\AppData\Roaming\Python\Python314\site-packages\sqlalchemy\dialects\postgresql\asyncpg.py", line 513, in _handle_exception
    self._adapt_connection._handle_exception(error)
    ~~~~~~~~~~~~~~~~~~~~~~~~~~~~~~~~~~~~~~~~^^^^^^^
  File "C:\Users\agust\AppData\Roaming\Python\Python314\site-packages\sqlalchemy\dialects\postgresql\asyncpg.py", line 797, in _handle_exception
    raise translated_error from error
sqlalchemy.dialects.postgresql.asyncpg.AsyncAdapt_asyncpg_dbapi.IntegrityError: <class 'asyncpg.exceptions.ForeignKeyViolationError'>: update or delete on table "campos" violates foreign key constraint "parcelas_nombre_campo_fkey" on table "parcelas"
DETAIL:  Key (nombre_campo)=(CampoX) is still referenced from table "parcelas".

The above exception was the direct cause of the following exception:

Traceback (most recent call last):
  File "C:\Users\agust\AppData\Roaming\Python\Python314\site-packages\uvicorn\protocols\http\httptools_impl.py", line 421, in run_asgi
    result = await app(  # type: ignore[func-returns-value]
             ^^^^^^^^^^^^^^^^^^^^^^^^^^^^^^^^^^^^^^^^^^^^^^
        self.scope, self.receive, self.send
        ^^^^^^^^^^^^^^^^^^^^^^^^^^^^^^^^^^^
    )
    ^
  File "C:\Users\agust\AppData\Roaming\Python\Python314\site-packages\uvicorn\middleware\proxy_headers.py", line 62, in __call__
    return await self.app(scope, receive, send)
           ^^^^^^^^^^^^^^^^^^^^^^^^^^^^^^^^^^^^
  File "C:\Users\agust\AppData\Roaming\Python\Python314\site-packages\fastapi\applications.py", line 1163, in __call__
    await super().__call__(scope, receive, send)
  File "C:\Users\agust\AppData\Roaming\Python\Python314\site-packages\starlette\applications.py", line 90, in __call__
    await self.middleware_stack(scope, receive, send)
  File "C:\Users\agust\AppData\Roaming\Python\Python314\site-packages\starlette\middleware\errors.py", line 186, in __call__
    raise exc
  File "C:\Users\agust\AppData\Roaming\Python\Python314\site-packages\starlette\middleware\errors.py", line 164, in __call__
    await self.app(scope, receive, _send)
  File "C:\Users\agust\AppData\Roaming\Python\Python314\site-packages\starlette\middleware\exceptions.py", line 63, in __call__
    await wrap_app_handling_exceptions(self.app, conn)(scope, receive, send)
  File "C:\Users\agust\AppData\Roaming\Python\Python314\site-packages\starlette\_exception_handler.py", line 53, in wrapped_app
    raise exc
  File "C:\Users\agust\AppData\Roaming\Python\Python314\site-packages\starlette\_exception_handler.py", line 42, in wrapped_app
    await app(scope, receive, sender)
  File "C:\Users\agust\AppData\Roaming\Python\Python314\site-packages\fastapi\middleware\asyncexitstack.py", line 18, in __call__
    await self.app(scope, receive, send)
  File "C:\Users\agust\AppData\Roaming\Python\Python314\site-packages\starlette\routing.py", line 660, in __call__
    await self.middleware_stack(scope, receive, send)
  File "C:\Users\agust\AppData\Roaming\Python\Python314\site-packages\fastapi\routing.py", line 2531, in app
    await route.handle(scope, receive, send)
  File "C:\Users\agust\AppData\Roaming\Python\Python314\site-packages\fastapi\routing.py", line 1700, in handle
    await self.original_router.handle(scope, receive, send)
  File "C:\Users\agust\AppData\Roaming\Python\Python314\site-packages\fastapi\routing.py", line 2586, in handle
    await included_router._handle_selected(scope, receive, send)
  File "C:\Users\agust\AppData\Roaming\Python\Python314\site-packages\fastapi\routing.py", line 1720, in _handle_selected
    await original_route.handle(scope, receive, send)
  File "C:\Users\agust\AppData\Roaming\Python\Python314\site-packages\fastapi\routing.py", line 1239, in handle
    await app(scope, receive, send)
  File "C:\Users\agust\AppData\Roaming\Python\Python314\site-packages\fastapi\routing.py", line 150, in app
    await wrap_app_handling_exceptions(app, request)(scope, receive, send)
  File "C:\Users\agust\AppData\Roaming\Python\Python314\site-packages\starlette\_exception_handler.py", line 53, in wrapped_app
    raise exc
  File "C:\Users\agust\AppData\Roaming\Python\Python314\site-packages\starlette\_exception_handler.py", line 42, in wrapped_app
    await app(scope, receive, sender)
  File "C:\Users\agust\AppData\Roaming\Python\Python314\site-packages\fastapi\routing.py", line 136, in app
    response = await f(request)
               ^^^^^^^^^^^^^^^^
  File "C:\Users\agust\AppData\Roaming\Python\Python314\site-packages\fastapi\routing.py", line 690, in app
    raw_response = await run_endpoint_function(
                   ^^^^^^^^^^^^^^^^^^^^^^^^^^^^
    ...<3 lines>...
    )
    ^
  File "C:\Users\agust\AppData\Roaming\Python\Python314\site-packages\fastapi\routing.py", line 344, in run_endpoint_function
    return await dependant.call(**values)
           ^^^^^^^^^^^^^^^^^^^^^^^^^^^^^^
  File "X:\Arqui\AgroTech\src\modules\data_api\router.py", line 334, in delete_campo
    async with db.begin():
               ~~~~~~~~^^
  File "C:\Users\agust\AppData\Roaming\Python\Python314\site-packages\sqlalchemy\ext\asyncio\session.py", line 1886, in __aexit__
    await greenlet_spawn(
        self._sync_transaction().__exit__, type_, value, traceback
    )
  File "C:\Users\agust\AppData\Roaming\Python\Python314\site-packages\sqlalchemy\util\_concurrency_py3k.py", line 203, in greenlet_spawn
    result = context.switch(value)
  File "C:\Users\agust\AppData\Roaming\Python\Python314\site-packages\sqlalchemy\engine\util.py", line 147, in __exit__
    with util.safe_reraise():
         ~~~~~~~~~~~~~~~~~^^
  File "C:\Users\agust\AppData\Roaming\Python\Python314\site-packages\sqlalchemy\util\langhelpers.py", line 122, in __exit__
    raise exc_value.with_traceback(exc_tb)
  File "C:\Users\agust\AppData\Roaming\Python\Python314\site-packages\sqlalchemy\engine\util.py", line 145, in __exit__
    self.commit()
    ~~~~~~~~~~~^^
  File "<string>", line 2, in commit
  File "C:\Users\agust\AppData\Roaming\Python\Python314\site-packages\sqlalchemy\orm\state_changes.py", line 137, in _go
    ret_value = fn(self, *arg, **kw)
  File "C:\Users\agust\AppData\Roaming\Python\Python314\site-packages\sqlalchemy\orm\session.py", line 1316, in commit
    self._prepare_impl()
    ~~~~~~~~~~~~~~~~~~^^
  File "<string>", line 2, in _prepare_impl
  File "C:\Users\agust\AppData\Roaming\Python\Python314\site-packages\sqlalchemy\orm\state_changes.py", line 137, in _go
    ret_value = fn(self, *arg, **kw)
  File "C:\Users\agust\AppData\Roaming\Python\Python314\site-packages\sqlalchemy\orm\session.py", line 1290, in _prepare_impl
    self.session.flush()
    ~~~~~~~~~~~~~~~~~~^^
  File "C:\Users\agust\AppData\Roaming\Python\Python314\site-packages\sqlalchemy\orm\session.py", line 4353, in flush
    self._flush(objects)
    ~~~~~~~~~~~^^^^^^^^^
  File "C:\Users\agust\AppData\Roaming\Python\Python314\site-packages\sqlalchemy\orm\session.py", line 4488, in _flush
    with util.safe_reraise():
         ~~~~~~~~~~~~~~~~~^^
  File "C:\Users\agust\AppData\Roaming\Python\Python314\site-packages\sqlalchemy\util\langhelpers.py", line 122, in __exit__
    raise exc_value.with_traceback(exc_tb)
  File "C:\Users\agust\AppData\Roaming\Python\Python314\site-packages\sqlalchemy\orm\session.py", line 4449, in _flush
    flush_context.execute()
    ~~~~~~~~~~~~~~~~~~~~~^^
  File "C:\Users\agust\AppData\Roaming\Python\Python314\site-packages\sqlalchemy\orm\unitofwork.py", line 465, in execute
    rec.execute(self)
    ~~~~~~~~~~~^^^^^^
  File "C:\Users\agust\AppData\Roaming\Python\Python314\site-packages\sqlalchemy\orm\unitofwork.py", line 678, in execute
    util.preloaded.orm_persistence.delete_obj(
    ~~~~~~~~~~~~~~~~~~~~~~~~~~~~~~~~~~~~~~~~~^
        self.mapper,
        ^^^^^^^^^^^^
        uow.states_for_mapper_hierarchy(self.mapper, True, False),
        ^^^^^^^^^^^^^^^^^^^^^^^^^^^^^^^^^^^^^^^^^^^^^^^^^^^^^^^^^^
        uow,
        ^^^^
    )
    ^
  File "C:\Users\agust\AppData\Roaming\Python\Python314\site-packages\sqlalchemy\orm\persistence.py", line 194, in delete_obj
    _emit_delete_statements(
    ~~~~~~~~~~~~~~~~~~~~~~~^
        base_mapper,
        ^^^^^^^^^^^^
    ...<3 lines>...
        delete,
        ^^^^^^^
    )
    ^
  File "C:\Users\agust\AppData\Roaming\Python\Python314\site-packages\sqlalchemy\orm\persistence.py", line 1472, in _emit_delete_statements
    c = connection.execute(
        statement, del_objects, execution_options=execution_options
    )
  File "C:\Users\agust\AppData\Roaming\Python\Python314\site-packages\sqlalchemy\engine\base.py", line 1421, in execute
    return meth(
        self,
        distilled_parameters,
        execution_options or NO_OPTIONS,
    )
  File "C:\Users\agust\AppData\Roaming\Python\Python314\site-packages\sqlalchemy\sql\elements.py", line 526, in _execute_on_connection
    return connection._execute_clauseelement(
           ~~~~~~~~~~~~~~~~~~~~~~~~~~~~~~~~~^
        self, distilled_params, execution_options
        ^^^^^^^^^^^^^^^^^^^^^^^^^^^^^^^^^^^^^^^^^
    )
    ^
  File "C:\Users\agust\AppData\Roaming\Python\Python314\site-packages\sqlalchemy\engine\base.py", line 1643, in _execute_clauseelement
    ret = self._execute_context(
        dialect,
    ...<8 lines>...
        cache_hit=cache_hit,
    )
  File "C:\Users\agust\AppData\Roaming\Python\Python314\site-packages\sqlalchemy\engine\base.py", line 1848, in _execute_context
    return self._exec_single_context(
           ~~~~~~~~~~~~~~~~~~~~~~~~~^
        dialect, context, statement, parameters
        ^^^^^^^^^^^^^^^^^^^^^^^^^^^^^^^^^^^^^^^
    )
    ^
  File "C:\Users\agust\AppData\Roaming\Python\Python314\site-packages\sqlalchemy\engine\base.py", line 1988, in _exec_single_context
    self._handle_dbapi_exception(
    ~~~~~~~~~~~~~~~~~~~~~~~~~~~~^
        e, str_statement, effective_parameters, cursor, context
        ^^^^^^^^^^^^^^^^^^^^^^^^^^^^^^^^^^^^^^^^^^^^^^^^^^^^^^^
    )
    ^
  File "C:\Users\agust\AppData\Roaming\Python\Python314\site-packages\sqlalchemy\engine\base.py", line 2365, in _handle_dbapi_exception
    raise sqlalchemy_exception.with_traceback(exc_info[2]) from e
  File "C:\Users\agust\AppData\Roaming\Python\Python314\site-packages\sqlalchemy\engine\base.py", line 1969, in _exec_single_context
    self.dialect.do_execute(
    ~~~~~~~~~~~~~~~~~~~~~~~^
        cursor, str_statement, effective_parameters, context
        ^^^^^^^^^^^^^^^^^^^^^^^^^^^^^^^^^^^^^^^^^^^^^^^^^^^^
    )
    ^
  File "C:\Users\agust\AppData\Roaming\Python\Python314\site-packages\sqlalchemy\engine\default.py", line 952, in do_execute
    cursor.execute(statement, parameters)
    ~~~~~~~~~~~~~~^^^^^^^^^^^^^^^^^^^^^^^
  File "C:\Users\agust\AppData\Roaming\Python\Python314\site-packages\sqlalchemy\dialects\postgresql\asyncpg.py", line 585, in execute
    self._adapt_connection.await_(
    ~~~~~~~~~~~~~~~~~~~~~~~~~~~~~^
        self._prepare_and_execute(operation, parameters)
        ^^^^^^^^^^^^^^^^^^^^^^^^^^^^^^^^^^^^^^^^^^^^^^^^
    )
    ^
  File "C:\Users\agust\AppData\Roaming\Python\Python314\site-packages\sqlalchemy\util\_concurrency_py3k.py", line 132, in await_only
    return current.parent.switch(awaitable)  # type: ignore[no-any-return,attr-defined] # noqa: E501
           ~~~~~~~~~~~~~~~~~~~~~^^^^^^^^^^^
  File "C:\Users\agust\AppData\Roaming\Python\Python314\site-packages\sqlalchemy\util\_concurrency_py3k.py", line 196, in greenlet_spawn
    value = await result
            ^^^^^^^^^^^^
  File "C:\Users\agust\AppData\Roaming\Python\Python314\site-packages\sqlalchemy\dialects\postgresql\asyncpg.py", line 563, in _prepare_and_execute
    self._handle_exception(error)
    ~~~~~~~~~~~~~~~~~~~~~~^^^^^^^
  File "C:\Users\agust\AppData\Roaming\Python\Python314\site-packages\sqlalchemy\dialects\postgresql\asyncpg.py", line 513, in _handle_exception
    self._adapt_connection._handle_exception(error)
    ~~~~~~~~~~~~~~~~~~~~~~~~~~~~~~~~~~~~~~~~^^^^^^^
  File "C:\Users\agust\AppData\Roaming\Python\Python314\site-packages\sqlalchemy\dialects\postgresql\asyncpg.py", line 797, in _handle_exception
    raise translated_error from error
sqlalchemy.exc.IntegrityError: (sqlalchemy.dialects.postgresql.asyncpg.IntegrityError) <class 'asyncpg.exceptions.ForeignKeyViolationError'>: update or delete on table "campos" violates foreign key constraint "parcelas_nombre_campo_fkey" on table "parcelas"
DETAIL:  Key (nombre_campo)=(CampoX) is still referenced from table "parcelas".
[SQL: DELETE FROM campos WHERE campos.nombre_campo = $1::VARCHAR]
[parameters: ('CampoX',)]
(Background on this error at: https://sqlalche.me/e/20/gkpj)
Error interno no controlado | path=/api/campos/CampoY | ip=127.0.0.1
Traceback (most recent call last):
  File "C:\Users\agust\AppData\Roaming\Python\Python314\site-packages\sqlalchemy\dialects\postgresql\asyncpg.py", line 550, in _prepare_and_execute
    self._rows = deque(await prepared_stmt.fetch(*parameters))
                       ^^^^^^^^^^^^^^^^^^^^^^^^^^^^^^^^^^^^^^
  File "C:\Users\agust\AppData\Roaming\Python\Python314\site-packages\asyncpg\prepared_stmt.py", line 177, in fetch
    data = await self.__bind_execute(args, 0, timeout)
           ^^^^^^^^^^^^^^^^^^^^^^^^^^^^^^^^^^^^^^^^^^^
  File "C:\Users\agust\AppData\Roaming\Python\Python314\site-packages\asyncpg\prepared_stmt.py", line 268, in __bind_execute
    data, status, _ = await self.__do_execute(
                      ^^^^^^^^^^^^^^^^^^^^^^^^
        lambda protocol: protocol.bind_execute(
        ^^^^^^^^^^^^^^^^^^^^^^^^^^^^^^^^^^^^^^^
            self._state, args, '', limit, True, timeout))
            ^^^^^^^^^^^^^^^^^^^^^^^^^^^^^^^^^^^^^^^^^^^^^
  File "C:\Users\agust\AppData\Roaming\Python\Python314\site-packages\asyncpg\prepared_stmt.py", line 257, in __do_execute
    return await executor(protocol)
           ^^^^^^^^^^^^^^^^^^^^^^^^
  File "asyncpg/protocol/protocol.pyx", line 205, in bind_execute
asyncpg.exceptions.ForeignKeyViolationError: update or delete on table "campos" violates foreign key constraint "parcelas_nombre_campo_fkey" on table "parcelas"
DETAIL:  Key (nombre_campo)=(CampoY) is still referenced from table "parcelas".

The above exception was the direct cause of the following exception:

Traceback (most recent call last):
  File "C:\Users\agust\AppData\Roaming\Python\Python314\site-packages\sqlalchemy\engine\base.py", line 1969, in _exec_single_context
    self.dialect.do_execute(
    ~~~~~~~~~~~~~~~~~~~~~~~^
        cursor, str_statement, effective_parameters, context
        ^^^^^^^^^^^^^^^^^^^^^^^^^^^^^^^^^^^^^^^^^^^^^^^^^^^^
    )
    ^
  File "C:\Users\agust\AppData\Roaming\Python\Python314\site-packages\sqlalchemy\engine\default.py", line 952, in do_execute
    cursor.execute(statement, parameters)
    ~~~~~~~~~~~~~~^^^^^^^^^^^^^^^^^^^^^^^
  File "C:\Users\agust\AppData\Roaming\Python\Python314\site-packages\sqlalchemy\dialects\postgresql\asyncpg.py", line 585, in execute
    self._adapt_connection.await_(
    ~~~~~~~~~~~~~~~~~~~~~~~~~~~~~^
        self._prepare_and_execute(operation, parameters)
        ^^^^^^^^^^^^^^^^^^^^^^^^^^^^^^^^^^^^^^^^^^^^^^^^
    )
    ^
  File "C:\Users\agust\AppData\Roaming\Python\Python314\site-packages\sqlalchemy\util\_concurrency_py3k.py", line 132, in await_only
    return current.parent.switch(awaitable)  # type: ignore[no-any-return,attr-defined] # noqa: E501
           ~~~~~~~~~~~~~~~~~~~~~^^^^^^^^^^^
  File "C:\Users\agust\AppData\Roaming\Python\Python314\site-packages\sqlalchemy\util\_concurrency_py3k.py", line 196, in greenlet_spawn
    value = await result
            ^^^^^^^^^^^^
  File "C:\Users\agust\AppData\Roaming\Python\Python314\site-packages\sqlalchemy\dialects\postgresql\asyncpg.py", line 563, in _prepare_and_execute
    self._handle_exception(error)
    ~~~~~~~~~~~~~~~~~~~~~~^^^^^^^
  File "C:\Users\agust\AppData\Roaming\Python\Python314\site-packages\sqlalchemy\dialects\postgresql\asyncpg.py", line 513, in _handle_exception
    self._adapt_connection._handle_exception(error)
    ~~~~~~~~~~~~~~~~~~~~~~~~~~~~~~~~~~~~~~~~^^^^^^^
  File "C:\Users\agust\AppData\Roaming\Python\Python314\site-packages\sqlalchemy\dialects\postgresql\asyncpg.py", line 797, in _handle_exception
    raise translated_error from error
sqlalchemy.dialects.postgresql.asyncpg.AsyncAdapt_asyncpg_dbapi.IntegrityError: <class 'asyncpg.exceptions.ForeignKeyViolationError'>: update or delete on table "campos" violates foreign key constraint "parcelas_nombre_campo_fkey" on table "parcelas"
DETAIL:  Key (nombre_campo)=(CampoY) is still referenced from table "parcelas".

The above exception was the direct cause of the following exception:

Traceback (most recent call last):
  File "C:\Users\agust\AppData\Roaming\Python\Python314\site-packages\starlette\middleware\errors.py", line 164, in __call__
    await self.app(scope, receive, _send)
  File "C:\Users\agust\AppData\Roaming\Python\Python314\site-packages\starlette\middleware\exceptions.py", line 63, in __call__
    await wrap_app_handling_exceptions(self.app, conn)(scope, receive, send)
  File "C:\Users\agust\AppData\Roaming\Python\Python314\site-packages\starlette\_exception_handler.py", line 53, in wrapped_app
    raise exc
  File "C:\Users\agust\AppData\Roaming\Python\Python314\site-packages\starlette\_exception_handler.py", line 42, in wrapped_app
    await app(scope, receive, sender)
  File "C:\Users\agust\AppData\Roaming\Python\Python314\site-packages\fastapi\middleware\asyncexitstack.py", line 18, in __call__
    await self.app(scope, receive, send)
  File "C:\Users\agust\AppData\Roaming\Python\Python314\site-packages\starlette\routing.py", line 660, in __call__
    await self.middleware_stack(scope, receive, send)
  File "C:\Users\agust\AppData\Roaming\Python\Python314\site-packages\fastapi\routing.py", line 2531, in app
    await route.handle(scope, receive, send)
  File "C:\Users\agust\AppData\Roaming\Python\Python314\site-packages\fastapi\routing.py", line 1700, in handle
    await self.original_router.handle(scope, receive, send)
  File "C:\Users\agust\AppData\Roaming\Python\Python314\site-packages\fastapi\routing.py", line 2586, in handle
    await included_router._handle_selected(scope, receive, send)
  File "C:\Users\agust\AppData\Roaming\Python\Python314\site-packages\fastapi\routing.py", line 1720, in _handle_selected
    await original_route.handle(scope, receive, send)
  File "C:\Users\agust\AppData\Roaming\Python\Python314\site-packages\fastapi\routing.py", line 1239, in handle
    await app(scope, receive, send)
  File "C:\Users\agust\AppData\Roaming\Python\Python314\site-packages\fastapi\routing.py", line 150, in app
    await wrap_app_handling_exceptions(app, request)(scope, receive, send)
  File "C:\Users\agust\AppData\Roaming\Python\Python314\site-packages\starlette\_exception_handler.py", line 53, in wrapped_app
    raise exc
  File "C:\Users\agust\AppData\Roaming\Python\Python314\site-packages\starlette\_exception_handler.py", line 42, in wrapped_app
    await app(scope, receive, sender)
  File "C:\Users\agust\AppData\Roaming\Python\Python314\site-packages\fastapi\routing.py", line 136, in app
    response = await f(request)
               ^^^^^^^^^^^^^^^^
  File "C:\Users\agust\AppData\Roaming\Python\Python314\site-packages\fastapi\routing.py", line 690, in app
    raw_response = await run_endpoint_function(
                   ^^^^^^^^^^^^^^^^^^^^^^^^^^^^
    ...<3 lines>...
    )
    ^
  File "C:\Users\agust\AppData\Roaming\Python\Python314\site-packages\fastapi\routing.py", line 344, in run_endpoint_function
    return await dependant.call(**values)
           ^^^^^^^^^^^^^^^^^^^^^^^^^^^^^^
  File "X:\Arqui\AgroTech\src\modules\data_api\router.py", line 334, in delete_campo
    async with db.begin():
               ~~~~~~~~^^
  File "C:\Users\agust\AppData\Roaming\Python\Python314\site-packages\sqlalchemy\ext\asyncio\session.py", line 1886, in __aexit__
    await greenlet_spawn(
        self._sync_transaction().__exit__, type_, value, traceback
    )
  File "C:\Users\agust\AppData\Roaming\Python\Python314\site-packages\sqlalchemy\util\_concurrency_py3k.py", line 203, in greenlet_spawn
    result = context.switch(value)
  File "C:\Users\agust\AppData\Roaming\Python\Python314\site-packages\sqlalchemy\engine\util.py", line 147, in __exit__
    with util.safe_reraise():
         ~~~~~~~~~~~~~~~~~^^
  File "C:\Users\agust\AppData\Roaming\Python\Python314\site-packages\sqlalchemy\util\langhelpers.py", line 122, in __exit__
    raise exc_value.with_traceback(exc_tb)
  File "C:\Users\agust\AppData\Roaming\Python\Python314\site-packages\sqlalchemy\engine\util.py", line 145, in __exit__
    self.commit()
    ~~~~~~~~~~~^^
  File "<string>", line 2, in commit
  File "C:\Users\agust\AppData\Roaming\Python\Python314\site-packages\sqlalchemy\orm\state_changes.py", line 137, in _go
    ret_value = fn(self, *arg, **kw)
  File "C:\Users\agust\AppData\Roaming\Python\Python314\site-packages\sqlalchemy\orm\session.py", line 1316, in commit
    self._prepare_impl()
    ~~~~~~~~~~~~~~~~~~^^
  File "<string>", line 2, in _prepare_impl
  File "C:\Users\agust\AppData\Roaming\Python\Python314\site-packages\sqlalchemy\orm\state_changes.py", line 137, in _go
    ret_value = fn(self, *arg, **kw)
  File "C:\Users\agust\AppData\Roaming\Python\Python314\site-packages\sqlalchemy\orm\session.py", line 1290, in _prepare_impl
    self.session.flush()
    ~~~~~~~~~~~~~~~~~~^^
  File "C:\Users\agust\AppData\Roaming\Python\Python314\site-packages\sqlalchemy\orm\session.py", line 4353, in flush
    self._flush(objects)
    ~~~~~~~~~~~^^^^^^^^^
  File "C:\Users\agust\AppData\Roaming\Python\Python314\site-packages\sqlalchemy\orm\session.py", line 4488, in _flush
    with util.safe_reraise():
         ~~~~~~~~~~~~~~~~~^^
  File "C:\Users\agust\AppData\Roaming\Python\Python314\site-packages\sqlalchemy\util\langhelpers.py", line 122, in __exit__
    raise exc_value.with_traceback(exc_tb)
  File "C:\Users\agust\AppData\Roaming\Python\Python314\site-packages\sqlalchemy\orm\session.py", line 4449, in _flush
    flush_context.execute()
    ~~~~~~~~~~~~~~~~~~~~~^^
  File "C:\Users\agust\AppData\Roaming\Python\Python314\site-packages\sqlalchemy\orm\unitofwork.py", line 465, in execute
    rec.execute(self)
    ~~~~~~~~~~~^^^^^^
  File "C:\Users\agust\AppData\Roaming\Python\Python314\site-packages\sqlalchemy\orm\unitofwork.py", line 678, in execute
    util.preloaded.orm_persistence.delete_obj(
    ~~~~~~~~~~~~~~~~~~~~~~~~~~~~~~~~~~~~~~~~~^
        self.mapper,
        ^^^^^^^^^^^^
        uow.states_for_mapper_hierarchy(self.mapper, True, False),
        ^^^^^^^^^^^^^^^^^^^^^^^^^^^^^^^^^^^^^^^^^^^^^^^^^^^^^^^^^^
        uow,
        ^^^^
    )
    ^
  File "C:\Users\agust\AppData\Roaming\Python\Python314\site-packages\sqlalchemy\orm\persistence.py", line 194, in delete_obj
    _emit_delete_statements(
    ~~~~~~~~~~~~~~~~~~~~~~~^
        base_mapper,
        ^^^^^^^^^^^^
    ...<3 lines>...
        delete,
        ^^^^^^^
    )
    ^
  File "C:\Users\agust\AppData\Roaming\Python\Python314\site-packages\sqlalchemy\orm\persistence.py", line 1472, in _emit_delete_statements
    c = connection.execute(
        statement, del_objects, execution_options=execution_options
    )
  File "C:\Users\agust\AppData\Roaming\Python\Python314\site-packages\sqlalchemy\engine\base.py", line 1421, in execute
    return meth(
        self,
        distilled_parameters,
        execution_options or NO_OPTIONS,
    )
  File "C:\Users\agust\AppData\Roaming\Python\Python314\site-packages\sqlalchemy\sql\elements.py", line 526, in _execute_on_connection
    return connection._execute_clauseelement(
           ~~~~~~~~~~~~~~~~~~~~~~~~~~~~~~~~~^
        self, distilled_params, execution_options
        ^^^^^^^^^^^^^^^^^^^^^^^^^^^^^^^^^^^^^^^^^
    )
    ^
  File "C:\Users\agust\AppData\Roaming\Python\Python314\site-packages\sqlalchemy\engine\base.py", line 1643, in _execute_clauseelement
    ret = self._execute_context(
        dialect,
    ...<8 lines>...
        cache_hit=cache_hit,
    )
  File "C:\Users\agust\AppData\Roaming\Python\Python314\site-packages\sqlalchemy\engine\base.py", line 1848, in _execute_context
    return self._exec_single_context(
           ~~~~~~~~~~~~~~~~~~~~~~~~~^
        dialect, context, statement, parameters
        ^^^^^^^^^^^^^^^^^^^^^^^^^^^^^^^^^^^^^^^
    )
    ^
  File "C:\Users\agust\AppData\Roaming\Python\Python314\site-packages\sqlalchemy\engine\base.py", line 1988, in _exec_single_context
    self._handle_dbapi_exception(
    ~~~~~~~~~~~~~~~~~~~~~~~~~~~~^
        e, str_statement, effective_parameters, cursor, context
        ^^^^^^^^^^^^^^^^^^^^^^^^^^^^^^^^^^^^^^^^^^^^^^^^^^^^^^^
    )
    ^
  File "C:\Users\agust\AppData\Roaming\Python\Python314\site-packages\sqlalchemy\engine\base.py", line 2365, in _handle_dbapi_exception
    raise sqlalchemy_exception.with_traceback(exc_info[2]) from e
  File "C:\Users\agust\AppData\Roaming\Python\Python314\site-packages\sqlalchemy\engine\base.py", line 1969, in _exec_single_context
    self.dialect.do_execute(
    ~~~~~~~~~~~~~~~~~~~~~~~^
        cursor, str_statement, effective_parameters, context
        ^^^^^^^^^^^^^^^^^^^^^^^^^^^^^^^^^^^^^^^^^^^^^^^^^^^^
    )
    ^
  File "C:\Users\agust\AppData\Roaming\Python\Python314\site-packages\sqlalchemy\engine\default.py", line 952, in do_execute
    cursor.execute(statement, parameters)
    ~~~~~~~~~~~~~~^^^^^^^^^^^^^^^^^^^^^^^
  File "C:\Users\agust\AppData\Roaming\Python\Python314\site-packages\sqlalchemy\dialects\postgresql\asyncpg.py", line 585, in execute
    self._adapt_connection.await_(
    ~~~~~~~~~~~~~~~~~~~~~~~~~~~~~^
        self._prepare_and_execute(operation, parameters)
        ^^^^^^^^^^^^^^^^^^^^^^^^^^^^^^^^^^^^^^^^^^^^^^^^
    )
    ^
  File "C:\Users\agust\AppData\Roaming\Python\Python314\site-packages\sqlalchemy\util\_concurrency_py3k.py", line 132, in await_only
    return current.parent.switch(awaitable)  # type: ignore[no-any-return,attr-defined] # noqa: E501
           ~~~~~~~~~~~~~~~~~~~~~^^^^^^^^^^^
  File "C:\Users\agust\AppData\Roaming\Python\Python314\site-packages\sqlalchemy\util\_concurrency_py3k.py", line 196, in greenlet_spawn
    value = await result
            ^^^^^^^^^^^^
  File "C:\Users\agust\AppData\Roaming\Python\Python314\site-packages\sqlalchemy\dialects\postgresql\asyncpg.py", line 563, in _prepare_and_execute
    self._handle_exception(error)
    ~~~~~~~~~~~~~~~~~~~~~~^^^^^^^
  File "C:\Users\agust\AppData\Roaming\Python\Python314\site-packages\sqlalchemy\dialects\postgresql\asyncpg.py", line 513, in _handle_exception
    self._adapt_connection._handle_exception(error)
    ~~~~~~~~~~~~~~~~~~~~~~~~~~~~~~~~~~~~~~~~^^^^^^^
  File "C:\Users\agust\AppData\Roaming\Python\Python314\site-packages\sqlalchemy\dialects\postgresql\asyncpg.py", line 797, in _handle_exception
    raise translated_error from error
sqlalchemy.exc.IntegrityError: (sqlalchemy.dialects.postgresql.asyncpg.IntegrityError) <class 'asyncpg.exceptions.ForeignKeyViolationError'>: update or delete on table "campos" violates foreign key constraint "parcelas_nombre_campo_fkey" on table "parcelas"
DETAIL:  Key (nombre_campo)=(CampoY) is still referenced from table "parcelas".
[SQL: DELETE FROM campos WHERE campos.nombre_campo = $1::VARCHAR]
[parameters: ('CampoY',)]
(Background on this error at: https://sqlalche.me/e/20/gkpj)
ERROR:    Exception in ASGI application
Traceback (most recent call last):
  File "C:\Users\agust\AppData\Roaming\Python\Python314\site-packages\sqlalchemy\dialects\postgresql\asyncpg.py", line 550, in _prepare_and_execute
    self._rows = deque(await prepared_stmt.fetch(*parameters))
                       ^^^^^^^^^^^^^^^^^^^^^^^^^^^^^^^^^^^^^^
  File "C:\Users\agust\AppData\Roaming\Python\Python314\site-packages\asyncpg\prepared_stmt.py", line 177, in fetch
    data = await self.__bind_execute(args, 0, timeout)
           ^^^^^^^^^^^^^^^^^^^^^^^^^^^^^^^^^^^^^^^^^^^
  File "C:\Users\agust\AppData\Roaming\Python\Python314\site-packages\asyncpg\prepared_stmt.py", line 268, in __bind_execute
    data, status, _ = await self.__do_execute(
                      ^^^^^^^^^^^^^^^^^^^^^^^^
        lambda protocol: protocol.bind_execute(
        ^^^^^^^^^^^^^^^^^^^^^^^^^^^^^^^^^^^^^^^
            self._state, args, '', limit, True, timeout))
            ^^^^^^^^^^^^^^^^^^^^^^^^^^^^^^^^^^^^^^^^^^^^^
  File "C:\Users\agust\AppData\Roaming\Python\Python314\site-packages\asyncpg\prepared_stmt.py", line 257, in __do_execute
    return await executor(protocol)
           ^^^^^^^^^^^^^^^^^^^^^^^^
  File "asyncpg/protocol/protocol.pyx", line 205, in bind_execute
asyncpg.exceptions.ForeignKeyViolationError: update or delete on table "campos" violates foreign key constraint "parcelas_nombre_campo_fkey" on table "parcelas"
DETAIL:  Key (nombre_campo)=(CampoY) is still referenced from table "parcelas".

The above exception was the direct cause of the following exception:

Traceback (most recent call last):
  File "C:\Users\agust\AppData\Roaming\Python\Python314\site-packages\sqlalchemy\engine\base.py", line 1969, in _exec_single_context
    self.dialect.do_execute(
    ~~~~~~~~~~~~~~~~~~~~~~~^
        cursor, str_statement, effective_parameters, context
        ^^^^^^^^^^^^^^^^^^^^^^^^^^^^^^^^^^^^^^^^^^^^^^^^^^^^
    )
    ^
  File "C:\Users\agust\AppData\Roaming\Python\Python314\site-packages\sqlalchemy\engine\default.py", line 952, in do_execute
    cursor.execute(statement, parameters)
    ~~~~~~~~~~~~~~^^^^^^^^^^^^^^^^^^^^^^^
  File "C:\Users\agust\AppData\Roaming\Python\Python314\site-packages\sqlalchemy\dialects\postgresql\asyncpg.py", line 585, in execute
    self._adapt_connection.await_(
    ~~~~~~~~~~~~~~~~~~~~~~~~~~~~~^
        self._prepare_and_execute(operation, parameters)
        ^^^^^^^^^^^^^^^^^^^^^^^^^^^^^^^^^^^^^^^^^^^^^^^^
    )
    ^
  File "C:\Users\agust\AppData\Roaming\Python\Python314\site-packages\sqlalchemy\util\_concurrency_py3k.py", line 132, in await_only
    return current.parent.switch(awaitable)  # type: ignore[no-any-return,attr-defined] # noqa: E501
           ~~~~~~~~~~~~~~~~~~~~~^^^^^^^^^^^
  File "C:\Users\agust\AppData\Roaming\Python\Python314\site-packages\sqlalchemy\util\_concurrency_py3k.py", line 196, in greenlet_spawn
    value = await result
            ^^^^^^^^^^^^
  File "C:\Users\agust\AppData\Roaming\Python\Python314\site-packages\sqlalchemy\dialects\postgresql\asyncpg.py", line 563, in _prepare_and_execute
    self._handle_exception(error)
    ~~~~~~~~~~~~~~~~~~~~~~^^^^^^^
  File "C:\Users\agust\AppData\Roaming\Python\Python314\site-packages\sqlalchemy\dialects\postgresql\asyncpg.py", line 513, in _handle_exception
    self._adapt_connection._handle_exception(error)
    ~~~~~~~~~~~~~~~~~~~~~~~~~~~~~~~~~~~~~~~~^^^^^^^
  File "C:\Users\agust\AppData\Roaming\Python\Python314\site-packages\sqlalchemy\dialects\postgresql\asyncpg.py", line 797, in _handle_exception
    raise translated_error from error
sqlalchemy.dialects.postgresql.asyncpg.AsyncAdapt_asyncpg_dbapi.IntegrityError: <class 'asyncpg.exceptions.ForeignKeyViolationError'>: update or delete on table "campos" violates foreign key constraint "parcelas_nombre_campo_fkey" on table "parcelas"
DETAIL:  Key (nombre_campo)=(CampoY) is still referenced from table "parcelas".

The above exception was the direct cause of the following exception:

Traceback (most recent call last):
  File "C:\Users\agust\AppData\Roaming\Python\Python314\site-packages\uvicorn\protocols\http\httptools_impl.py", line 421, in run_asgi
    result = await app(  # type: ignore[func-returns-value]
             ^^^^^^^^^^^^^^^^^^^^^^^^^^^^^^^^^^^^^^^^^^^^^^
        self.scope, self.receive, self.send
        ^^^^^^^^^^^^^^^^^^^^^^^^^^^^^^^^^^^
    )
    ^
  File "C:\Users\agust\AppData\Roaming\Python\Python314\site-packages\uvicorn\middleware\proxy_headers.py", line 62, in __call__
    return await self.app(scope, receive, send)
           ^^^^^^^^^^^^^^^^^^^^^^^^^^^^^^^^^^^^
  File "C:\Users\agust\AppData\Roaming\Python\Python314\site-packages\fastapi\applications.py", line 1163, in __call__
    await super().__call__(scope, receive, send)
  File "C:\Users\agust\AppData\Roaming\Python\Python314\site-packages\starlette\applications.py", line 90, in __call__
    await self.middleware_stack(scope, receive, send)
  File "C:\Users\agust\AppData\Roaming\Python\Python314\site-packages\starlette\middleware\errors.py", line 186, in __call__
    raise exc
  File "C:\Users\agust\AppData\Roaming\Python\Python314\site-packages\starlette\middleware\errors.py", line 164, in __call__
    await self.app(scope, receive, _send)
  File "C:\Users\agust\AppData\Roaming\Python\Python314\site-packages\starlette\middleware\exceptions.py", line 63, in __call__
    await wrap_app_handling_exceptions(self.app, conn)(scope, receive, send)
  File "C:\Users\agust\AppData\Roaming\Python\Python314\site-packages\starlette\_exception_handler.py", line 53, in wrapped_app
    raise exc
  File "C:\Users\agust\AppData\Roaming\Python\Python314\site-packages\starlette\_exception_handler.py", line 42, in wrapped_app
    await app(scope, receive, sender)
  File "C:\Users\agust\AppData\Roaming\Python\Python314\site-packages\fastapi\middleware\asyncexitstack.py", line 18, in __call__
    await self.app(scope, receive, send)
  File "C:\Users\agust\AppData\Roaming\Python\Python314\site-packages\starlette\routing.py", line 660, in __call__
    await self.middleware_stack(scope, receive, send)
  File "C:\Users\agust\AppData\Roaming\Python\Python314\site-packages\fastapi\routing.py", line 2531, in app
    await route.handle(scope, receive, send)
  File "C:\Users\agust\AppData\Roaming\Python\Python314\site-packages\fastapi\routing.py", line 1700, in handle
    await self.original_router.handle(scope, receive, send)
  File "C:\Users\agust\AppData\Roaming\Python\Python314\site-packages\fastapi\routing.py", line 2586, in handle
    await included_router._handle_selected(scope, receive, send)
  File "C:\Users\agust\AppData\Roaming\Python\Python314\site-packages\fastapi\routing.py", line 1720, in _handle_selected
    await original_route.handle(scope, receive, send)
  File "C:\Users\agust\AppData\Roaming\Python\Python314\site-packages\fastapi\routing.py", line 1239, in handle
    await app(scope, receive, send)
  File "C:\Users\agust\AppData\Roaming\Python\Python314\site-packages\fastapi\routing.py", line 150, in app
    await wrap_app_handling_exceptions(app, request)(scope, receive, send)
  File "C:\Users\agust\AppData\Roaming\Python\Python314\site-packages\starlette\_exception_handler.py", line 53, in wrapped_app
    raise exc
  File "C:\Users\agust\AppData\Roaming\Python\Python314\site-packages\starlette\_exception_handler.py", line 42, in wrapped_app
    await app(scope, receive, sender)
  File "C:\Users\agust\AppData\Roaming\Python\Python314\site-packages\fastapi\routing.py", line 136, in app
    response = await f(request)
               ^^^^^^^^^^^^^^^^
  File "C:\Users\agust\AppData\Roaming\Python\Python314\site-packages\fastapi\routing.py", line 690, in app
    raw_response = await run_endpoint_function(
                   ^^^^^^^^^^^^^^^^^^^^^^^^^^^^
    ...<3 lines>...
    )
    ^
  File "C:\Users\agust\AppData\Roaming\Python\Python314\site-packages\fastapi\routing.py", line 344, in run_endpoint_function
    return await dependant.call(**values)
           ^^^^^^^^^^^^^^^^^^^^^^^^^^^^^^
  File "X:\Arqui\AgroTech\src\modules\data_api\router.py", line 334, in delete_campo
    async with db.begin():
               ~~~~~~~~^^
  File "C:\Users\agust\AppData\Roaming\Python\Python314\site-packages\sqlalchemy\ext\asyncio\session.py", line 1886, in __aexit__
    await greenlet_spawn(
        self._sync_transaction().__exit__, type_, value, traceback
    )
  File "C:\Users\agust\AppData\Roaming\Python\Python314\site-packages\sqlalchemy\util\_concurrency_py3k.py", line 203, in greenlet_spawn
    result = context.switch(value)
  File "C:\Users\agust\AppData\Roaming\Python\Python314\site-packages\sqlalchemy\engine\util.py", line 147, in __exit__
    with util.safe_reraise():
         ~~~~~~~~~~~~~~~~~^^
  File "C:\Users\agust\AppData\Roaming\Python\Python314\site-packages\sqlalchemy\util\langhelpers.py", line 122, in __exit__
    raise exc_value.with_traceback(exc_tb)
  File "C:\Users\agust\AppData\Roaming\Python\Python314\site-packages\sqlalchemy\engine\util.py", line 145, in __exit__
    self.commit()
    ~~~~~~~~~~~^^
  File "<string>", line 2, in commit
  File "C:\Users\agust\AppData\Roaming\Python\Python314\site-packages\sqlalchemy\orm\state_changes.py", line 137, in _go
    ret_value = fn(self, *arg, **kw)
  File "C:\Users\agust\AppData\Roaming\Python\Python314\site-packages\sqlalchemy\orm\session.py", line 1316, in commit
    self._prepare_impl()
    ~~~~~~~~~~~~~~~~~~^^
  File "<string>", line 2, in _prepare_impl
  File "C:\Users\agust\AppData\Roaming\Python\Python314\site-packages\sqlalchemy\orm\state_changes.py", line 137, in _go
    ret_value = fn(self, *arg, **kw)
  File "C:\Users\agust\AppData\Roaming\Python\Python314\site-packages\sqlalchemy\orm\session.py", line 1290, in _prepare_impl
    self.session.flush()
    ~~~~~~~~~~~~~~~~~~^^
  File "C:\Users\agust\AppData\Roaming\Python\Python314\site-packages\sqlalchemy\orm\session.py", line 4353, in flush
    self._flush(objects)
    ~~~~~~~~~~~^^^^^^^^^
  File "C:\Users\agust\AppData\Roaming\Python\Python314\site-packages\sqlalchemy\orm\session.py", line 4488, in _flush
    with util.safe_reraise():
         ~~~~~~~~~~~~~~~~~^^
  File "C:\Users\agust\AppData\Roaming\Python\Python314\site-packages\sqlalchemy\util\langhelpers.py", line 122, in __exit__
    raise exc_value.with_traceback(exc_tb)
  File "C:\Users\agust\AppData\Roaming\Python\Python314\site-packages\sqlalchemy\orm\session.py", line 4449, in _flush
    flush_context.execute()
    ~~~~~~~~~~~~~~~~~~~~~^^
  File "C:\Users\agust\AppData\Roaming\Python\Python314\site-packages\sqlalchemy\orm\unitofwork.py", line 465, in execute
    rec.execute(self)
    ~~~~~~~~~~~^^^^^^
  File "C:\Users\agust\AppData\Roaming\Python\Python314\site-packages\sqlalchemy\orm\unitofwork.py", line 678, in execute
    util.preloaded.orm_persistence.delete_obj(
    ~~~~~~~~~~~~~~~~~~~~~~~~~~~~~~~~~~~~~~~~~^
        self.mapper,
        ^^^^^^^^^^^^
        uow.states_for_mapper_hierarchy(self.mapper, True, False),
        ^^^^^^^^^^^^^^^^^^^^^^^^^^^^^^^^^^^^^^^^^^^^^^^^^^^^^^^^^^
        uow,
        ^^^^
    )
    ^
  File "C:\Users\agust\AppData\Roaming\Python\Python314\site-packages\sqlalchemy\orm\persistence.py", line 194, in delete_obj
    _emit_delete_statements(
    ~~~~~~~~~~~~~~~~~~~~~~~^
        base_mapper,
        ^^^^^^^^^^^^
    ...<3 lines>...
        delete,
        ^^^^^^^
    )
    ^
  File "C:\Users\agust\AppData\Roaming\Python\Python314\site-packages\sqlalchemy\orm\persistence.py", line 1472, in _emit_delete_statements
    c = connection.execute(
        statement, del_objects, execution_options=execution_options
    )
  File "C:\Users\agust\AppData\Roaming\Python\Python314\site-packages\sqlalchemy\engine\base.py", line 1421, in execute
    return meth(
        self,
        distilled_parameters,
        execution_options or NO_OPTIONS,
    )
  File "C:\Users\agust\AppData\Roaming\Python\Python314\site-packages\sqlalchemy\sql\elements.py", line 526, in _execute_on_connection
    return connection._execute_clauseelement(
           ~~~~~~~~~~~~~~~~~~~~~~~~~~~~~~~~~^
        self, distilled_params, execution_options
        ^^^^^^^^^^^^^^^^^^^^^^^^^^^^^^^^^^^^^^^^^
    )
    ^
  File "C:\Users\agust\AppData\Roaming\Python\Python314\site-packages\sqlalchemy\engine\base.py", line 1643, in _execute_clauseelement
    ret = self._execute_context(
        dialect,
    ...<8 lines>...
        cache_hit=cache_hit,
    )
  File "C:\Users\agust\AppData\Roaming\Python\Python314\site-packages\sqlalchemy\engine\base.py", line 1848, in _execute_context
    return self._exec_single_context(
           ~~~~~~~~~~~~~~~~~~~~~~~~~^
        dialect, context, statement, parameters
        ^^^^^^^^^^^^^^^^^^^^^^^^^^^^^^^^^^^^^^^
    )
    ^
  File "C:\Users\agust\AppData\Roaming\Python\Python314\site-packages\sqlalchemy\engine\base.py", line 1988, in _exec_single_context
    self._handle_dbapi_exception(
    ~~~~~~~~~~~~~~~~~~~~~~~~~~~~^
        e, str_statement, effective_parameters, cursor, context
        ^^^^^^^^^^^^^^^^^^^^^^^^^^^^^^^^^^^^^^^^^^^^^^^^^^^^^^^
    )
    ^
  File "C:\Users\agust\AppData\Roaming\Python\Python314\site-packages\sqlalchemy\engine\base.py", line 2365, in _handle_dbapi_exception
    raise sqlalchemy_exception.with_traceback(exc_info[2]) from e
  File "C:\Users\agust\AppData\Roaming\Python\Python314\site-packages\sqlalchemy\engine\base.py", line 1969, in _exec_single_context
    self.dialect.do_execute(
    ~~~~~~~~~~~~~~~~~~~~~~~^
        cursor, str_statement, effective_parameters, context
        ^^^^^^^^^^^^^^^^^^^^^^^^^^^^^^^^^^^^^^^^^^^^^^^^^^^^
    )
    ^
  File "C:\Users\agust\AppData\Roaming\Python\Python314\site-packages\sqlalchemy\engine\default.py", line 952, in do_execute
    cursor.execute(statement, parameters)
    ~~~~~~~~~~~~~~^^^^^^^^^^^^^^^^^^^^^^^
  File "C:\Users\agust\AppData\Roaming\Python\Python314\site-packages\sqlalchemy\dialects\postgresql\asyncpg.py", line 585, in execute
    self._adapt_connection.await_(
    ~~~~~~~~~~~~~~~~~~~~~~~~~~~~~^
        self._prepare_and_execute(operation, parameters)
        ^^^^^^^^^^^^^^^^^^^^^^^^^^^^^^^^^^^^^^^^^^^^^^^^
    )
    ^
  File "C:\Users\agust\AppData\Roaming\Python\Python314\site-packages\sqlalchemy\util\_concurrency_py3k.py", line 132, in await_only
    return current.parent.switch(awaitable)  # type: ignore[no-any-return,attr-defined] # noqa: E501
           ~~~~~~~~~~~~~~~~~~~~~^^^^^^^^^^^
  File "C:\Users\agust\AppData\Roaming\Python\Python314\site-packages\sqlalchemy\util\_concurrency_py3k.py", line 196, in greenlet_spawn
    value = await result
            ^^^^^^^^^^^^
  File "C:\Users\agust\AppData\Roaming\Python\Python314\site-packages\sqlalchemy\dialects\postgresql\asyncpg.py", line 563, in _prepare_and_execute
    self._handle_exception(error)
    ~~~~~~~~~~~~~~~~~~~~~~^^^^^^^
  File "C:\Users\agust\AppData\Roaming\Python\Python314\site-packages\sqlalchemy\dialects\postgresql\asyncpg.py", line 513, in _handle_exception
    self._adapt_connection._handle_exception(error)
    ~~~~~~~~~~~~~~~~~~~~~~~~~~~~~~~~~~~~~~~~^^^^^^^
  File "C:\Users\agust\AppData\Roaming\Python\Python314\site-packages\sqlalchemy\dialects\postgresql\asyncpg.py", line 797, in _handle_exception
    raise translated_error from error
sqlalchemy.exc.IntegrityError: (sqlalchemy.dialects.postgresql.asyncpg.IntegrityError) <class 'asyncpg.exceptions.ForeignKeyViolationError'>: update or delete on table "campos" violates foreign key constraint "parcelas_nombre_campo_fkey" on table "parcelas"
DETAIL:  Key (nombre_campo)=(CampoY) is still referenced from table "parcelas".
[SQL: DELETE FROM campos WHERE campos.nombre_campo = $1::VARCHAR]
[parameters: ('CampoY',)]
(Background on this error at: https://sqlalche.me/e/20/gkpj)
Error interno no controlado | path=/api/campos/CampoY | ip=127.0.0.1
Traceback (most recent call last):
  File "C:\Users\agust\AppData\Roaming\Python\Python314\site-packages\sqlalchemy\dialects\postgresql\asyncpg.py", line 550, in _prepare_and_execute
    self._rows = deque(await prepared_stmt.fetch(*parameters))
                       ^^^^^^^^^^^^^^^^^^^^^^^^^^^^^^^^^^^^^^
  File "C:\Users\agust\AppData\Roaming\Python\Python314\site-packages\asyncpg\prepared_stmt.py", line 177, in fetch
    data = await self.__bind_execute(args, 0, timeout)
           ^^^^^^^^^^^^^^^^^^^^^^^^^^^^^^^^^^^^^^^^^^^
  File "C:\Users\agust\AppData\Roaming\Python\Python314\site-packages\asyncpg\prepared_stmt.py", line 268, in __bind_execute
    data, status, _ = await self.__do_execute(
                      ^^^^^^^^^^^^^^^^^^^^^^^^
        lambda protocol: protocol.bind_execute(
        ^^^^^^^^^^^^^^^^^^^^^^^^^^^^^^^^^^^^^^^
            self._state, args, '', limit, True, timeout))
            ^^^^^^^^^^^^^^^^^^^^^^^^^^^^^^^^^^^^^^^^^^^^^
  File "C:\Users\agust\AppData\Roaming\Python\Python314\site-packages\asyncpg\prepared_stmt.py", line 257, in __do_execute
    return await executor(protocol)
           ^^^^^^^^^^^^^^^^^^^^^^^^
  File "asyncpg/protocol/protocol.pyx", line 205, in bind_execute
asyncpg.exceptions.ForeignKeyViolationError: update or delete on table "campos" violates foreign key constraint "parcelas_nombre_campo_fkey" on table "parcelas"
DETAIL:  Key (nombre_campo)=(CampoY) is still referenced from table "parcelas".

The above exception was the direct cause of the following exception:

Traceback (most recent call last):
  File "C:\Users\agust\AppData\Roaming\Python\Python314\site-packages\sqlalchemy\engine\base.py", line 1969, in _exec_single_context
    self.dialect.do_execute(
    ~~~~~~~~~~~~~~~~~~~~~~~^
        cursor, str_statement, effective_parameters, context
        ^^^^^^^^^^^^^^^^^^^^^^^^^^^^^^^^^^^^^^^^^^^^^^^^^^^^
    )
    ^
  File "C:\Users\agust\AppData\Roaming\Python\Python314\site-packages\sqlalchemy\engine\default.py", line 952, in do_execute
    cursor.execute(statement, parameters)
    ~~~~~~~~~~~~~~^^^^^^^^^^^^^^^^^^^^^^^
  File "C:\Users\agust\AppData\Roaming\Python\Python314\site-packages\sqlalchemy\dialects\postgresql\asyncpg.py", line 585, in execute
    self._adapt_connection.await_(
    ~~~~~~~~~~~~~~~~~~~~~~~~~~~~~^
        self._prepare_and_execute(operation, parameters)
        ^^^^^^^^^^^^^^^^^^^^^^^^^^^^^^^^^^^^^^^^^^^^^^^^
    )
    ^
  File "C:\Users\agust\AppData\Roaming\Python\Python314\site-packages\sqlalchemy\util\_concurrency_py3k.py", line 132, in await_only
    return current.parent.switch(awaitable)  # type: ignore[no-any-return,attr-defined] # noqa: E501
           ~~~~~~~~~~~~~~~~~~~~~^^^^^^^^^^^
  File "C:\Users\agust\AppData\Roaming\Python\Python314\site-packages\sqlalchemy\util\_concurrency_py3k.py", line 196, in greenlet_spawn
    value = await result
            ^^^^^^^^^^^^
  File "C:\Users\agust\AppData\Roaming\Python\Python314\site-packages\sqlalchemy\dialects\postgresql\asyncpg.py", line 563, in _prepare_and_execute
    self._handle_exception(error)
    ~~~~~~~~~~~~~~~~~~~~~~^^^^^^^
  File "C:\Users\agust\AppData\Roaming\Python\Python314\site-packages\sqlalchemy\dialects\postgresql\asyncpg.py", line 513, in _handle_exception
    self._adapt_connection._handle_exception(error)
    ~~~~~~~~~~~~~~~~~~~~~~~~~~~~~~~~~~~~~~~~^^^^^^^
  File "C:\Users\agust\AppData\Roaming\Python\Python314\site-packages\sqlalchemy\dialects\postgresql\asyncpg.py", line 797, in _handle_exception
    raise translated_error from error
sqlalchemy.dialects.postgresql.asyncpg.AsyncAdapt_asyncpg_dbapi.IntegrityError: <class 'asyncpg.exceptions.ForeignKeyViolationError'>: update or delete on table "campos" violates foreign key constraint "parcelas_nombre_campo_fkey" on table "parcelas"
DETAIL:  Key (nombre_campo)=(CampoY) is still referenced from table "parcelas".

The above exception was the direct cause of the following exception:

Traceback (most recent call last):
  File "C:\Users\agust\AppData\Roaming\Python\Python314\site-packages\starlette\middleware\errors.py", line 164, in __call__
    await self.app(scope, receive, _send)
  File "C:\Users\agust\AppData\Roaming\Python\Python314\site-packages\starlette\middleware\exceptions.py", line 63, in __call__
    await wrap_app_handling_exceptions(self.app, conn)(scope, receive, send)
  File "C:\Users\agust\AppData\Roaming\Python\Python314\site-packages\starlette\_exception_handler.py", line 53, in wrapped_app
    raise exc
  File "C:\Users\agust\AppData\Roaming\Python\Python314\site-packages\starlette\_exception_handler.py", line 42, in wrapped_app
    await app(scope, receive, sender)
  File "C:\Users\agust\AppData\Roaming\Python\Python314\site-packages\fastapi\middleware\asyncexitstack.py", line 18, in __call__
    await self.app(scope, receive, send)
  File "C:\Users\agust\AppData\Roaming\Python\Python314\site-packages\starlette\routing.py", line 660, in __call__
    await self.middleware_stack(scope, receive, send)
  File "C:\Users\agust\AppData\Roaming\Python\Python314\site-packages\fastapi\routing.py", line 2531, in app
    await route.handle(scope, receive, send)
  File "C:\Users\agust\AppData\Roaming\Python\Python314\site-packages\fastapi\routing.py", line 1700, in handle
    await self.original_router.handle(scope, receive, send)
  File "C:\Users\agust\AppData\Roaming\Python\Python314\site-packages\fastapi\routing.py", line 2586, in handle
    await included_router._handle_selected(scope, receive, send)
  File "C:\Users\agust\AppData\Roaming\Python\Python314\site-packages\fastapi\routing.py", line 1720, in _handle_selected
    await original_route.handle(scope, receive, send)
  File "C:\Users\agust\AppData\Roaming\Python\Python314\site-packages\fastapi\routing.py", line 1239, in handle
    await app(scope, receive, send)
  File "C:\Users\agust\AppData\Roaming\Python\Python314\site-packages\fastapi\routing.py", line 150, in app
    await wrap_app_handling_exceptions(app, request)(scope, receive, send)
  File "C:\Users\agust\AppData\Roaming\Python\Python314\site-packages\starlette\_exception_handler.py", line 53, in wrapped_app
    raise exc
  File "C:\Users\agust\AppData\Roaming\Python\Python314\site-packages\starlette\_exception_handler.py", line 42, in wrapped_app
    await app(scope, receive, sender)
  File "C:\Users\agust\AppData\Roaming\Python\Python314\site-packages\fastapi\routing.py", line 136, in app
    response = await f(request)
               ^^^^^^^^^^^^^^^^
  File "C:\Users\agust\AppData\Roaming\Python\Python314\site-packages\fastapi\routing.py", line 690, in app
    raw_response = await run_endpoint_function(
                   ^^^^^^^^^^^^^^^^^^^^^^^^^^^^
    ...<3 lines>...
    )
    ^
  File "C:\Users\agust\AppData\Roaming\Python\Python314\site-packages\fastapi\routing.py", line 344, in run_endpoint_function
    return await dependant.call(**values)
           ^^^^^^^^^^^^^^^^^^^^^^^^^^^^^^
  File "X:\Arqui\AgroTech\src\modules\data_api\router.py", line 334, in delete_campo
    async with db.begin():
               ~~~~~~~~^^
  File "C:\Users\agust\AppData\Roaming\Python\Python314\site-packages\sqlalchemy\ext\asyncio\session.py", line 1886, in __aexit__
    await greenlet_spawn(
        self._sync_transaction().__exit__, type_, value, traceback
    )
  File "C:\Users\agust\AppData\Roaming\Python\Python314\site-packages\sqlalchemy\util\_concurrency_py3k.py", line 203, in greenlet_spawn
    result = context.switch(value)
  File "C:\Users\agust\AppData\Roaming\Python\Python314\site-packages\sqlalchemy\engine\util.py", line 147, in __exit__
    with util.safe_reraise():
         ~~~~~~~~~~~~~~~~~^^
  File "C:\Users\agust\AppData\Roaming\Python\Python314\site-packages\sqlalchemy\util\langhelpers.py", line 122, in __exit__
    raise exc_value.with_traceback(exc_tb)
  File "C:\Users\agust\AppData\Roaming\Python\Python314\site-packages\sqlalchemy\engine\util.py", line 145, in __exit__
    self.commit()
    ~~~~~~~~~~~^^
  File "<string>", line 2, in commit
  File "C:\Users\agust\AppData\Roaming\Python\Python314\site-packages\sqlalchemy\orm\state_changes.py", line 137, in _go
    ret_value = fn(self, *arg, **kw)
  File "C:\Users\agust\AppData\Roaming\Python\Python314\site-packages\sqlalchemy\orm\session.py", line 1316, in commit
    self._prepare_impl()
    ~~~~~~~~~~~~~~~~~~^^
  File "<string>", line 2, in _prepare_impl
  File "C:\Users\agust\AppData\Roaming\Python\Python314\site-packages\sqlalchemy\orm\state_changes.py", line 137, in _go
    ret_value = fn(self, *arg, **kw)
  File "C:\Users\agust\AppData\Roaming\Python\Python314\site-packages\sqlalchemy\orm\session.py", line 1290, in _prepare_impl
    self.session.flush()
    ~~~~~~~~~~~~~~~~~~^^
  File "C:\Users\agust\AppData\Roaming\Python\Python314\site-packages\sqlalchemy\orm\session.py", line 4353, in flush
    self._flush(objects)
    ~~~~~~~~~~~^^^^^^^^^
  File "C:\Users\agust\AppData\Roaming\Python\Python314\site-packages\sqlalchemy\orm\session.py", line 4488, in _flush
    with util.safe_reraise():
         ~~~~~~~~~~~~~~~~~^^
  File "C:\Users\agust\AppData\Roaming\Python\Python314\site-packages\sqlalchemy\util\langhelpers.py", line 122, in __exit__
    raise exc_value.with_traceback(exc_tb)
  File "C:\Users\agust\AppData\Roaming\Python\Python314\site-packages\sqlalchemy\orm\session.py", line 4449, in _flush
    flush_context.execute()
    ~~~~~~~~~~~~~~~~~~~~~^^
  File "C:\Users\agust\AppData\Roaming\Python\Python314\site-packages\sqlalchemy\orm\unitofwork.py", line 465, in execute
    rec.execute(self)
    ~~~~~~~~~~~^^^^^^
  File "C:\Users\agust\AppData\Roaming\Python\Python314\site-packages\sqlalchemy\orm\unitofwork.py", line 678, in execute
    util.preloaded.orm_persistence.delete_obj(
    ~~~~~~~~~~~~~~~~~~~~~~~~~~~~~~~~~~~~~~~~~^
        self.mapper,
        ^^^^^^^^^^^^
        uow.states_for_mapper_hierarchy(self.mapper, True, False),
        ^^^^^^^^^^^^^^^^^^^^^^^^^^^^^^^^^^^^^^^^^^^^^^^^^^^^^^^^^^
        uow,
        ^^^^
    )
    ^
  File "C:\Users\agust\AppData\Roaming\Python\Python314\site-packages\sqlalchemy\orm\persistence.py", line 194, in delete_obj
    _emit_delete_statements(
    ~~~~~~~~~~~~~~~~~~~~~~~^
        base_mapper,
        ^^^^^^^^^^^^
    ...<3 lines>...
        delete,
        ^^^^^^^
    )
    ^
  File "C:\Users\agust\AppData\Roaming\Python\Python314\site-packages\sqlalchemy\orm\persistence.py", line 1472, in _emit_delete_statements
    c = connection.execute(
        statement, del_objects, execution_options=execution_options
    )
  File "C:\Users\agust\AppData\Roaming\Python\Python314\site-packages\sqlalchemy\engine\base.py", line 1421, in execute
    return meth(
        self,
        distilled_parameters,
        execution_options or NO_OPTIONS,
    )
  File "C:\Users\agust\AppData\Roaming\Python\Python314\site-packages\sqlalchemy\sql\elements.py", line 526, in _execute_on_connection
    return connection._execute_clauseelement(
           ~~~~~~~~~~~~~~~~~~~~~~~~~~~~~~~~~^
        self, distilled_params, execution_options
        ^^^^^^^^^^^^^^^^^^^^^^^^^^^^^^^^^^^^^^^^^
    )
    ^
  File "C:\Users\agust\AppData\Roaming\Python\Python314\site-packages\sqlalchemy\engine\base.py", line 1643, in _execute_clauseelement
    ret = self._execute_context(
        dialect,
    ...<8 lines>...
        cache_hit=cache_hit,
    )
  File "C:\Users\agust\AppData\Roaming\Python\Python314\site-packages\sqlalchemy\engine\base.py", line 1848, in _execute_context
    return self._exec_single_context(
           ~~~~~~~~~~~~~~~~~~~~~~~~~^
        dialect, context, statement, parameters
        ^^^^^^^^^^^^^^^^^^^^^^^^^^^^^^^^^^^^^^^
    )
    ^
  File "C:\Users\agust\AppData\Roaming\Python\Python314\site-packages\sqlalchemy\engine\base.py", line 1988, in _exec_single_context
    self._handle_dbapi_exception(
    ~~~~~~~~~~~~~~~~~~~~~~~~~~~~^
        e, str_statement, effective_parameters, cursor, context
        ^^^^^^^^^^^^^^^^^^^^^^^^^^^^^^^^^^^^^^^^^^^^^^^^^^^^^^^
    )
    ^
  File "C:\Users\agust\AppData\Roaming\Python\Python314\site-packages\sqlalchemy\engine\base.py", line 2365, in _handle_dbapi_exception
    raise sqlalchemy_exception.with_traceback(exc_info[2]) from e
  File "C:\Users\agust\AppData\Roaming\Python\Python314\site-packages\sqlalchemy\engine\base.py", line 1969, in _exec_single_context
    self.dialect.do_execute(
    ~~~~~~~~~~~~~~~~~~~~~~~^
        cursor, str_statement, effective_parameters, context
        ^^^^^^^^^^^^^^^^^^^^^^^^^^^^^^^^^^^^^^^^^^^^^^^^^^^^
    )
    ^
  File "C:\Users\agust\AppData\Roaming\Python\Python314\site-packages\sqlalchemy\engine\default.py", line 952, in do_execute
    cursor.execute(statement, parameters)
    ~~~~~~~~~~~~~~^^^^^^^^^^^^^^^^^^^^^^^
  File "C:\Users\agust\AppData\Roaming\Python\Python314\site-packages\sqlalchemy\dialects\postgresql\asyncpg.py", line 585, in execute
    self._adapt_connection.await_(
    ~~~~~~~~~~~~~~~~~~~~~~~~~~~~~^
        self._prepare_and_execute(operation, parameters)
        ^^^^^^^^^^^^^^^^^^^^^^^^^^^^^^^^^^^^^^^^^^^^^^^^
    )
    ^
  File "C:\Users\agust\AppData\Roaming\Python\Python314\site-packages\sqlalchemy\util\_concurrency_py3k.py", line 132, in await_only
    return current.parent.switch(awaitable)  # type: ignore[no-any-return,attr-defined] # noqa: E501
           ~~~~~~~~~~~~~~~~~~~~~^^^^^^^^^^^
  File "C:\Users\agust\AppData\Roaming\Python\Python314\site-packages\sqlalchemy\util\_concurrency_py3k.py", line 196, in greenlet_spawn
    value = await result
            ^^^^^^^^^^^^
  File "C:\Users\agust\AppData\Roaming\Python\Python314\site-packages\sqlalchemy\dialects\postgresql\asyncpg.py", line 563, in _prepare_and_execute
    self._handle_exception(error)
    ~~~~~~~~~~~~~~~~~~~~~~^^^^^^^
  File "C:\Users\agust\AppData\Roaming\Python\Python314\site-packages\sqlalchemy\dialects\postgresql\asyncpg.py", line 513, in _handle_exception
    self._adapt_connection._handle_exception(error)
    ~~~~~~~~~~~~~~~~~~~~~~~~~~~~~~~~~~~~~~~~^^^^^^^
  File "C:\Users\agust\AppData\Roaming\Python\Python314\site-packages\sqlalchemy\dialects\postgresql\asyncpg.py", line 797, in _handle_exception
    raise translated_error from error
sqlalchemy.exc.IntegrityError: (sqlalchemy.dialects.postgresql.asyncpg.IntegrityError) <class 'asyncpg.exceptions.ForeignKeyViolationError'>: update or delete on table "campos" violates foreign key constraint "parcelas_nombre_campo_fkey" on table "parcelas"
DETAIL:  Key (nombre_campo)=(CampoY) is still referenced from table "parcelas".
[SQL: DELETE FROM campos WHERE campos.nombre_campo = $1::VARCHAR]
[parameters: ('CampoY',)]
(Background on this error at: https://sqlalche.me/e/20/gkpj)
ERROR:    Exception in ASGI application
Traceback (most recent call last):
  File "C:\Users\agust\AppData\Roaming\Python\Python314\site-packages\sqlalchemy\dialects\postgresql\asyncpg.py", line 550, in _prepare_and_execute
    self._rows = deque(await prepared_stmt.fetch(*parameters))
                       ^^^^^^^^^^^^^^^^^^^^^^^^^^^^^^^^^^^^^^
  File "C:\Users\agust\AppData\Roaming\Python\Python314\site-packages\asyncpg\prepared_stmt.py", line 177, in fetch
    data = await self.__bind_execute(args, 0, timeout)
           ^^^^^^^^^^^^^^^^^^^^^^^^^^^^^^^^^^^^^^^^^^^
  File "C:\Users\agust\AppData\Roaming\Python\Python314\site-packages\asyncpg\prepared_stmt.py", line 268, in __bind_execute
    data, status, _ = await self.__do_execute(
                      ^^^^^^^^^^^^^^^^^^^^^^^^
        lambda protocol: protocol.bind_execute(
        ^^^^^^^^^^^^^^^^^^^^^^^^^^^^^^^^^^^^^^^
            self._state, args, '', limit, True, timeout))
            ^^^^^^^^^^^^^^^^^^^^^^^^^^^^^^^^^^^^^^^^^^^^^
  File "C:\Users\agust\AppData\Roaming\Python\Python314\site-packages\asyncpg\prepared_stmt.py", line 257, in __do_execute
    return await executor(protocol)
           ^^^^^^^^^^^^^^^^^^^^^^^^
  File "asyncpg/protocol/protocol.pyx", line 205, in bind_execute
asyncpg.exceptions.ForeignKeyViolationError: update or delete on table "campos" violates foreign key constraint "parcelas_nombre_campo_fkey" on table "parcelas"
DETAIL:  Key (nombre_campo)=(CampoY) is still referenced from table "parcelas".

The above exception was the direct cause of the following exception:

Traceback (most recent call last):
  File "C:\Users\agust\AppData\Roaming\Python\Python314\site-packages\sqlalchemy\engine\base.py", line 1969, in _exec_single_context
    self.dialect.do_execute(
    ~~~~~~~~~~~~~~~~~~~~~~~^
        cursor, str_statement, effective_parameters, context
        ^^^^^^^^^^^^^^^^^^^^^^^^^^^^^^^^^^^^^^^^^^^^^^^^^^^^
    )
    ^
  File "C:\Users\agust\AppData\Roaming\Python\Python314\site-packages\sqlalchemy\engine\default.py", line 952, in do_execute
    cursor.execute(statement, parameters)
    ~~~~~~~~~~~~~~^^^^^^^^^^^^^^^^^^^^^^^
  File "C:\Users\agust\AppData\Roaming\Python\Python314\site-packages\sqlalchemy\dialects\postgresql\asyncpg.py", line 585, in execute
    self._adapt_connection.await_(
    ~~~~~~~~~~~~~~~~~~~~~~~~~~~~~^
        self._prepare_and_execute(operation, parameters)
        ^^^^^^^^^^^^^^^^^^^^^^^^^^^^^^^^^^^^^^^^^^^^^^^^
    )
    ^
  File "C:\Users\agust\AppData\Roaming\Python\Python314\site-packages\sqlalchemy\util\_concurrency_py3k.py", line 132, in await_only
    return current.parent.switch(awaitable)  # type: ignore[no-any-return,attr-defined] # noqa: E501
           ~~~~~~~~~~~~~~~~~~~~~^^^^^^^^^^^
  File "C:\Users\agust\AppData\Roaming\Python\Python314\site-packages\sqlalchemy\util\_concurrency_py3k.py", line 196, in greenlet_spawn
    value = await result
            ^^^^^^^^^^^^
  File "C:\Users\agust\AppData\Roaming\Python\Python314\site-packages\sqlalchemy\dialects\postgresql\asyncpg.py", line 563, in _prepare_and_execute
    self._handle_exception(error)
    ~~~~~~~~~~~~~~~~~~~~~~^^^^^^^
  File "C:\Users\agust\AppData\Roaming\Python\Python314\site-packages\sqlalchemy\dialects\postgresql\asyncpg.py", line 513, in _handle_exception
    self._adapt_connection._handle_exception(error)
    ~~~~~~~~~~~~~~~~~~~~~~~~~~~~~~~~~~~~~~~~^^^^^^^
  File "C:\Users\agust\AppData\Roaming\Python\Python314\site-packages\sqlalchemy\dialects\postgresql\asyncpg.py", line 797, in _handle_exception
    raise translated_error from error
sqlalchemy.dialects.postgresql.asyncpg.AsyncAdapt_asyncpg_dbapi.IntegrityError: <class 'asyncpg.exceptions.ForeignKeyViolationError'>: update or delete on table "campos" violates foreign key constraint "parcelas_nombre_campo_fkey" on table "parcelas"
DETAIL:  Key (nombre_campo)=(CampoY) is still referenced from table "parcelas".

The above exception was the direct cause of the following exception:

Traceback (most recent call last):
  File "C:\Users\agust\AppData\Roaming\Python\Python314\site-packages\uvicorn\protocols\http\httptools_impl.py", line 421, in run_asgi
    result = await app(  # type: ignore[func-returns-value]
             ^^^^^^^^^^^^^^^^^^^^^^^^^^^^^^^^^^^^^^^^^^^^^^
        self.scope, self.receive, self.send
        ^^^^^^^^^^^^^^^^^^^^^^^^^^^^^^^^^^^
    )
    ^
  File "C:\Users\agust\AppData\Roaming\Python\Python314\site-packages\uvicorn\middleware\proxy_headers.py", line 62, in __call__
    return await self.app(scope, receive, send)
           ^^^^^^^^^^^^^^^^^^^^^^^^^^^^^^^^^^^^
  File "C:\Users\agust\AppData\Roaming\Python\Python314\site-packages\fastapi\applications.py", line 1163, in __call__
    await super().__call__(scope, receive, send)
  File "C:\Users\agust\AppData\Roaming\Python\Python314\site-packages\starlette\applications.py", line 90, in __call__
    await self.middleware_stack(scope, receive, send)
  File "C:\Users\agust\AppData\Roaming\Python\Python314\site-packages\starlette\middleware\errors.py", line 186, in __call__
    raise exc
  File "C:\Users\agust\AppData\Roaming\Python\Python314\site-packages\starlette\middleware\errors.py", line 164, in __call__
    await self.app(scope, receive, _send)
  File "C:\Users\agust\AppData\Roaming\Python\Python314\site-packages\starlette\middleware\exceptions.py", line 63, in __call__
    await wrap_app_handling_exceptions(self.app, conn)(scope, receive, send)
  File "C:\Users\agust\AppData\Roaming\Python\Python314\site-packages\starlette\_exception_handler.py", line 53, in wrapped_app
    raise exc
  File "C:\Users\agust\AppData\Roaming\Python\Python314\site-packages\starlette\_exception_handler.py", line 42, in wrapped_app
    await app(scope, receive, sender)
  File "C:\Users\agust\AppData\Roaming\Python\Python314\site-packages\fastapi\middleware\asyncexitstack.py", line 18, in __call__
    await self.app(scope, receive, send)
  File "C:\Users\agust\AppData\Roaming\Python\Python314\site-packages\starlette\routing.py", line 660, in __call__
    await self.middleware_stack(scope, receive, send)
  File "C:\Users\agust\AppData\Roaming\Python\Python314\site-packages\fastapi\routing.py", line 2531, in app
    await route.handle(scope, receive, send)
  File "C:\Users\agust\AppData\Roaming\Python\Python314\site-packages\fastapi\routing.py", line 1700, in handle
    await self.original_router.handle(scope, receive, send)
  File "C:\Users\agust\AppData\Roaming\Python\Python314\site-packages\fastapi\routing.py", line 2586, in handle
    await included_router._handle_selected(scope, receive, send)
  File "C:\Users\agust\AppData\Roaming\Python\Python314\site-packages\fastapi\routing.py", line 1720, in _handle_selected
    await original_route.handle(scope, receive, send)
  File "C:\Users\agust\AppData\Roaming\Python\Python314\site-packages\fastapi\routing.py", line 1239, in handle
    await app(scope, receive, send)
  File "C:\Users\agust\AppData\Roaming\Python\Python314\site-packages\fastapi\routing.py", line 150, in app
    await wrap_app_handling_exceptions(app, request)(scope, receive, send)
  File "C:\Users\agust\AppData\Roaming\Python\Python314\site-packages\starlette\_exception_handler.py", line 53, in wrapped_app
    raise exc
  File "C:\Users\agust\AppData\Roaming\Python\Python314\site-packages\starlette\_exception_handler.py", line 42, in wrapped_app
    await app(scope, receive, sender)
  File "C:\Users\agust\AppData\Roaming\Python\Python314\site-packages\fastapi\routing.py", line 136, in app
    response = await f(request)
               ^^^^^^^^^^^^^^^^
  File "C:\Users\agust\AppData\Roaming\Python\Python314\site-packages\fastapi\routing.py", line 690, in app
    raw_response = await run_endpoint_function(
                   ^^^^^^^^^^^^^^^^^^^^^^^^^^^^
    ...<3 lines>...
    )
    ^
  File "C:\Users\agust\AppData\Roaming\Python\Python314\site-packages\fastapi\routing.py", line 344, in run_endpoint_function
    return await dependant.call(**values)
           ^^^^^^^^^^^^^^^^^^^^^^^^^^^^^^
  File "X:\Arqui\AgroTech\src\modules\data_api\router.py", line 334, in delete_campo
    async with db.begin():
               ~~~~~~~~^^
  File "C:\Users\agust\AppData\Roaming\Python\Python314\site-packages\sqlalchemy\ext\asyncio\session.py", line 1886, in __aexit__
    await greenlet_spawn(
        self._sync_transaction().__exit__, type_, value, traceback
    )
  File "C:\Users\agust\AppData\Roaming\Python\Python314\site-packages\sqlalchemy\util\_concurrency_py3k.py", line 203, in greenlet_spawn
    result = context.switch(value)
  File "C:\Users\agust\AppData\Roaming\Python\Python314\site-packages\sqlalchemy\engine\util.py", line 147, in __exit__
    with util.safe_reraise():
         ~~~~~~~~~~~~~~~~~^^
  File "C:\Users\agust\AppData\Roaming\Python\Python314\site-packages\sqlalchemy\util\langhelpers.py", line 122, in __exit__
    raise exc_value.with_traceback(exc_tb)
  File "C:\Users\agust\AppData\Roaming\Python\Python314\site-packages\sqlalchemy\engine\util.py", line 145, in __exit__
    self.commit()
    ~~~~~~~~~~~^^
  File "<string>", line 2, in commit
  File "C:\Users\agust\AppData\Roaming\Python\Python314\site-packages\sqlalchemy\orm\state_changes.py", line 137, in _go
    ret_value = fn(self, *arg, **kw)
  File "C:\Users\agust\AppData\Roaming\Python\Python314\site-packages\sqlalchemy\orm\session.py", line 1316, in commit
    self._prepare_impl()
    ~~~~~~~~~~~~~~~~~~^^
  File "<string>", line 2, in _prepare_impl
  File "C:\Users\agust\AppData\Roaming\Python\Python314\site-packages\sqlalchemy\orm\state_changes.py", line 137, in _go
    ret_value = fn(self, *arg, **kw)
  File "C:\Users\agust\AppData\Roaming\Python\Python314\site-packages\sqlalchemy\orm\session.py", line 1290, in _prepare_impl
    self.session.flush()
    ~~~~~~~~~~~~~~~~~~^^
  File "C:\Users\agust\AppData\Roaming\Python\Python314\site-packages\sqlalchemy\orm\session.py", line 4353, in flush
    self._flush(objects)
    ~~~~~~~~~~~^^^^^^^^^
  File "C:\Users\agust\AppData\Roaming\Python\Python314\site-packages\sqlalchemy\orm\session.py", line 4488, in _flush
    with util.safe_reraise():
         ~~~~~~~~~~~~~~~~~^^
  File "C:\Users\agust\AppData\Roaming\Python\Python314\site-packages\sqlalchemy\util\langhelpers.py", line 122, in __exit__
    raise exc_value.with_traceback(exc_tb)
  File "C:\Users\agust\AppData\Roaming\Python\Python314\site-packages\sqlalchemy\orm\session.py", line 4449, in _flush
    flush_context.execute()
    ~~~~~~~~~~~~~~~~~~~~~^^
  File "C:\Users\agust\AppData\Roaming\Python\Python314\site-packages\sqlalchemy\orm\unitofwork.py", line 465, in execute
    rec.execute(self)
    ~~~~~~~~~~~^^^^^^
  File "C:\Users\agust\AppData\Roaming\Python\Python314\site-packages\sqlalchemy\orm\unitofwork.py", line 678, in execute
    util.preloaded.orm_persistence.delete_obj(
    ~~~~~~~~~~~~~~~~~~~~~~~~~~~~~~~~~~~~~~~~~^
        self.mapper,
        ^^^^^^^^^^^^
        uow.states_for_mapper_hierarchy(self.mapper, True, False),
        ^^^^^^^^^^^^^^^^^^^^^^^^^^^^^^^^^^^^^^^^^^^^^^^^^^^^^^^^^^
        uow,
        ^^^^
    )
    ^
  File "C:\Users\agust\AppData\Roaming\Python\Python314\site-packages\sqlalchemy\orm\persistence.py", line 194, in delete_obj
    _emit_delete_statements(
    ~~~~~~~~~~~~~~~~~~~~~~~^
        base_mapper,
        ^^^^^^^^^^^^
    ...<3 lines>...
        delete,
        ^^^^^^^
    )
    ^
  File "C:\Users\agust\AppData\Roaming\Python\Python314\site-packages\sqlalchemy\orm\persistence.py", line 1472, in _emit_delete_statements
    c = connection.execute(
        statement, del_objects, execution_options=execution_options
    )
  File "C:\Users\agust\AppData\Roaming\Python\Python314\site-packages\sqlalchemy\engine\base.py", line 1421, in execute
    return meth(
        self,
        distilled_parameters,
        execution_options or NO_OPTIONS,
    )
  File "C:\Users\agust\AppData\Roaming\Python\Python314\site-packages\sqlalchemy\sql\elements.py", line 526, in _execute_on_connection
    return connection._execute_clauseelement(
           ~~~~~~~~~~~~~~~~~~~~~~~~~~~~~~~~~^
        self, distilled_params, execution_options
        ^^^^^^^^^^^^^^^^^^^^^^^^^^^^^^^^^^^^^^^^^
    )
    ^
  File "C:\Users\agust\AppData\Roaming\Python\Python314\site-packages\sqlalchemy\engine\base.py", line 1643, in _execute_clauseelement
    ret = self._execute_context(
        dialect,
    ...<8 lines>...
        cache_hit=cache_hit,
    )
  File "C:\Users\agust\AppData\Roaming\Python\Python314\site-packages\sqlalchemy\engine\base.py", line 1848, in _execute_context
    return self._exec_single_context(
           ~~~~~~~~~~~~~~~~~~~~~~~~~^
        dialect, context, statement, parameters
        ^^^^^^^^^^^^^^^^^^^^^^^^^^^^^^^^^^^^^^^
    )
    ^
  File "C:\Users\agust\AppData\Roaming\Python\Python314\site-packages\sqlalchemy\engine\base.py", line 1988, in _exec_single_context
    self._handle_dbapi_exception(
    ~~~~~~~~~~~~~~~~~~~~~~~~~~~~^
        e, str_statement, effective_parameters, cursor, context
        ^^^^^^^^^^^^^^^^^^^^^^^^^^^^^^^^^^^^^^^^^^^^^^^^^^^^^^^
    )
    ^
  File "C:\Users\agust\AppData\Roaming\Python\Python314\site-packages\sqlalchemy\engine\base.py", line 2365, in _handle_dbapi_exception
    raise sqlalchemy_exception.with_traceback(exc_info[2]) from e
  File "C:\Users\agust\AppData\Roaming\Python\Python314\site-packages\sqlalchemy\engine\base.py", line 1969, in _exec_single_context
    self.dialect.do_execute(
    ~~~~~~~~~~~~~~~~~~~~~~~^
        cursor, str_statement, effective_parameters, context
        ^^^^^^^^^^^^^^^^^^^^^^^^^^^^^^^^^^^^^^^^^^^^^^^^^^^^
    )
    ^
  File "C:\Users\agust\AppData\Roaming\Python\Python314\site-packages\sqlalchemy\engine\default.py", line 952, in do_execute
    cursor.execute(statement, parameters)
    ~~~~~~~~~~~~~~^^^^^^^^^^^^^^^^^^^^^^^
  File "C:\Users\agust\AppData\Roaming\Python\Python314\site-packages\sqlalchemy\dialects\postgresql\asyncpg.py", line 585, in execute
    self._adapt_connection.await_(
    ~~~~~~~~~~~~~~~~~~~~~~~~~~~~~^
        self._prepare_and_execute(operation, parameters)
        ^^^^^^^^^^^^^^^^^^^^^^^^^^^^^^^^^^^^^^^^^^^^^^^^
    )
    ^
  File "C:\Users\agust\AppData\Roaming\Python\Python314\site-packages\sqlalchemy\util\_concurrency_py3k.py", line 132, in await_only
    return current.parent.switch(awaitable)  # type: ignore[no-any-return,attr-defined] # noqa: E501
           ~~~~~~~~~~~~~~~~~~~~~^^^^^^^^^^^
  File "C:\Users\agust\AppData\Roaming\Python\Python314\site-packages\sqlalchemy\util\_concurrency_py3k.py", line 196, in greenlet_spawn
    value = await result
            ^^^^^^^^^^^^
  File "C:\Users\agust\AppData\Roaming\Python\Python314\site-packages\sqlalchemy\dialects\postgresql\asyncpg.py", line 563, in _prepare_and_execute
    self._handle_exception(error)
    ~~~~~~~~~~~~~~~~~~~~~~^^^^^^^
  File "C:\Users\agust\AppData\Roaming\Python\Python314\site-packages\sqlalchemy\dialects\postgresql\asyncpg.py", line 513, in _handle_exception
    self._adapt_connection._handle_exception(error)
    ~~~~~~~~~~~~~~~~~~~~~~~~~~~~~~~~~~~~~~~~^^^^^^^
  File "C:\Users\agust\AppData\Roaming\Python\Python314\site-packages\sqlalchemy\dialects\postgresql\asyncpg.py", line 797, in _handle_exception
    raise translated_error from error
sqlalchemy.exc.IntegrityError: (sqlalchemy.dialects.postgresql.asyncpg.IntegrityError) <class 'asyncpg.exceptions.ForeignKeyViolationError'>: update or delete on table "campos" violates foreign key constraint "parcelas_nombre_campo_fkey" on table "parcelas"
DETAIL:  Key (nombre_campo)=(CampoY) is still referenced from table "parcelas".
[SQL: DELETE FROM campos WHERE campos.nombre_campo = $1::VARCHAR]
[parameters: ('CampoY',)]
(Background on this error at: https://sqlalche.me/e/20/gkpj)
Error interno no controlado | path=/api/campos/CampoY | ip=127.0.0.1
Traceback (most recent call last):
  File "C:\Users\agust\AppData\Roaming\Python\Python314\site-packages\sqlalchemy\dialects\postgresql\asyncpg.py", line 550, in _prepare_and_execute
    self._rows = deque(await prepared_stmt.fetch(*parameters))
                       ^^^^^^^^^^^^^^^^^^^^^^^^^^^^^^^^^^^^^^
  File "C:\Users\agust\AppData\Roaming\Python\Python314\site-packages\asyncpg\prepared_stmt.py", line 177, in fetch
    data = await self.__bind_execute(args, 0, timeout)
           ^^^^^^^^^^^^^^^^^^^^^^^^^^^^^^^^^^^^^^^^^^^
  File "C:\Users\agust\AppData\Roaming\Python\Python314\site-packages\asyncpg\prepared_stmt.py", line 268, in __bind_execute
    data, status, _ = await self.__do_execute(
                      ^^^^^^^^^^^^^^^^^^^^^^^^
        lambda protocol: protocol.bind_execute(
        ^^^^^^^^^^^^^^^^^^^^^^^^^^^^^^^^^^^^^^^
            self._state, args, '', limit, True, timeout))
            ^^^^^^^^^^^^^^^^^^^^^^^^^^^^^^^^^^^^^^^^^^^^^
  File "C:\Users\agust\AppData\Roaming\Python\Python314\site-packages\asyncpg\prepared_stmt.py", line 257, in __do_execute
    return await executor(protocol)
           ^^^^^^^^^^^^^^^^^^^^^^^^
  File "asyncpg/protocol/protocol.pyx", line 205, in bind_execute
asyncpg.exceptions.ForeignKeyViolationError: update or delete on table "campos" violates foreign key constraint "parcelas_nombre_campo_fkey" on table "parcelas"
DETAIL:  Key (nombre_campo)=(CampoY) is still referenced from table "parcelas".

The above exception was the direct cause of the following exception:

Traceback (most recent call last):
  File "C:\Users\agust\AppData\Roaming\Python\Python314\site-packages\sqlalchemy\engine\base.py", line 1969, in _exec_single_context
    self.dialect.do_execute(
    ~~~~~~~~~~~~~~~~~~~~~~~^
        cursor, str_statement, effective_parameters, context
        ^^^^^^^^^^^^^^^^^^^^^^^^^^^^^^^^^^^^^^^^^^^^^^^^^^^^
    )
    ^
  File "C:\Users\agust\AppData\Roaming\Python\Python314\site-packages\sqlalchemy\engine\default.py", line 952, in do_execute
    cursor.execute(statement, parameters)
    ~~~~~~~~~~~~~~^^^^^^^^^^^^^^^^^^^^^^^
  File "C:\Users\agust\AppData\Roaming\Python\Python314\site-packages\sqlalchemy\dialects\postgresql\asyncpg.py", line 585, in execute
    self._adapt_connection.await_(
    ~~~~~~~~~~~~~~~~~~~~~~~~~~~~~^
        self._prepare_and_execute(operation, parameters)
        ^^^^^^^^^^^^^^^^^^^^^^^^^^^^^^^^^^^^^^^^^^^^^^^^
    )
    ^
  File "C:\Users\agust\AppData\Roaming\Python\Python314\site-packages\sqlalchemy\util\_concurrency_py3k.py", line 132, in await_only
    return current.parent.switch(awaitable)  # type: ignore[no-any-return,attr-defined] # noqa: E501
           ~~~~~~~~~~~~~~~~~~~~~^^^^^^^^^^^
  File "C:\Users\agust\AppData\Roaming\Python\Python314\site-packages\sqlalchemy\util\_concurrency_py3k.py", line 196, in greenlet_spawn
    value = await result
            ^^^^^^^^^^^^
  File "C:\Users\agust\AppData\Roaming\Python\Python314\site-packages\sqlalchemy\dialects\postgresql\asyncpg.py", line 563, in _prepare_and_execute
    self._handle_exception(error)
    ~~~~~~~~~~~~~~~~~~~~~~^^^^^^^
  File "C:\Users\agust\AppData\Roaming\Python\Python314\site-packages\sqlalchemy\dialects\postgresql\asyncpg.py", line 513, in _handle_exception
    self._adapt_connection._handle_exception(error)
    ~~~~~~~~~~~~~~~~~~~~~~~~~~~~~~~~~~~~~~~~^^^^^^^
  File "C:\Users\agust\AppData\Roaming\Python\Python314\site-packages\sqlalchemy\dialects\postgresql\asyncpg.py", line 797, in _handle_exception
    raise translated_error from error
sqlalchemy.dialects.postgresql.asyncpg.AsyncAdapt_asyncpg_dbapi.IntegrityError: <class 'asyncpg.exceptions.ForeignKeyViolationError'>: update or delete on table "campos" violates foreign key constraint "parcelas_nombre_campo_fkey" on table "parcelas"
DETAIL:  Key (nombre_campo)=(CampoY) is still referenced from table "parcelas".

The above exception was the direct cause of the following exception:

Traceback (most recent call last):
  File "C:\Users\agust\AppData\Roaming\Python\Python314\site-packages\starlette\middleware\errors.py", line 164, in __call__
    await self.app(scope, receive, _send)
  File "C:\Users\agust\AppData\Roaming\Python\Python314\site-packages\starlette\middleware\exceptions.py", line 63, in __call__
    await wrap_app_handling_exceptions(self.app, conn)(scope, receive, send)
  File "C:\Users\agust\AppData\Roaming\Python\Python314\site-packages\starlette\_exception_handler.py", line 53, in wrapped_app
    raise exc
  File "C:\Users\agust\AppData\Roaming\Python\Python314\site-packages\starlette\_exception_handler.py", line 42, in wrapped_app
    await app(scope, receive, sender)
  File "C:\Users\agust\AppData\Roaming\Python\Python314\site-packages\fastapi\middleware\asyncexitstack.py", line 18, in __call__
    await self.app(scope, receive, send)
  File "C:\Users\agust\AppData\Roaming\Python\Python314\site-packages\starlette\routing.py", line 660, in __call__
    await self.middleware_stack(scope, receive, send)
  File "C:\Users\agust\AppData\Roaming\Python\Python314\site-packages\fastapi\routing.py", line 2531, in app
    await route.handle(scope, receive, send)
  File "C:\Users\agust\AppData\Roaming\Python\Python314\site-packages\fastapi\routing.py", line 1700, in handle
    await self.original_router.handle(scope, receive, send)
  File "C:\Users\agust\AppData\Roaming\Python\Python314\site-packages\fastapi\routing.py", line 2586, in handle
    await included_router._handle_selected(scope, receive, send)
  File "C:\Users\agust\AppData\Roaming\Python\Python314\site-packages\fastapi\routing.py", line 1720, in _handle_selected
    await original_route.handle(scope, receive, send)
  File "C:\Users\agust\AppData\Roaming\Python\Python314\site-packages\fastapi\routing.py", line 1239, in handle
    await app(scope, receive, send)
  File "C:\Users\agust\AppData\Roaming\Python\Python314\site-packages\fastapi\routing.py", line 150, in app
    await wrap_app_handling_exceptions(app, request)(scope, receive, send)
  File "C:\Users\agust\AppData\Roaming\Python\Python314\site-packages\starlette\_exception_handler.py", line 53, in wrapped_app
    raise exc
  File "C:\Users\agust\AppData\Roaming\Python\Python314\site-packages\starlette\_exception_handler.py", line 42, in wrapped_app
    await app(scope, receive, sender)
  File "C:\Users\agust\AppData\Roaming\Python\Python314\site-packages\fastapi\routing.py", line 136, in app
    response = await f(request)
               ^^^^^^^^^^^^^^^^
  File "C:\Users\agust\AppData\Roaming\Python\Python314\site-packages\fastapi\routing.py", line 690, in app
    raw_response = await run_endpoint_function(
                   ^^^^^^^^^^^^^^^^^^^^^^^^^^^^
    ...<3 lines>...
    )
    ^
  File "C:\Users\agust\AppData\Roaming\Python\Python314\site-packages\fastapi\routing.py", line 344, in run_endpoint_function
    return await dependant.call(**values)
           ^^^^^^^^^^^^^^^^^^^^^^^^^^^^^^
  File "X:\Arqui\AgroTech\src\modules\data_api\router.py", line 334, in delete_campo
    async with db.begin():
               ~~~~~~~~^^
  File "C:\Users\agust\AppData\Roaming\Python\Python314\site-packages\sqlalchemy\ext\asyncio\session.py", line 1886, in __aexit__
    await greenlet_spawn(
        self._sync_transaction().__exit__, type_, value, traceback
    )
  File "C:\Users\agust\AppData\Roaming\Python\Python314\site-packages\sqlalchemy\util\_concurrency_py3k.py", line 203, in greenlet_spawn
    result = context.switch(value)
  File "C:\Users\agust\AppData\Roaming\Python\Python314\site-packages\sqlalchemy\engine\util.py", line 147, in __exit__
    with util.safe_reraise():
         ~~~~~~~~~~~~~~~~~^^
  File "C:\Users\agust\AppData\Roaming\Python\Python314\site-packages\sqlalchemy\util\langhelpers.py", line 122, in __exit__
    raise exc_value.with_traceback(exc_tb)
  File "C:\Users\agust\AppData\Roaming\Python\Python314\site-packages\sqlalchemy\engine\util.py", line 145, in __exit__
    self.commit()
    ~~~~~~~~~~~^^
  File "<string>", line 2, in commit
  File "C:\Users\agust\AppData\Roaming\Python\Python314\site-packages\sqlalchemy\orm\state_changes.py", line 137, in _go
    ret_value = fn(self, *arg, **kw)
  File "C:\Users\agust\AppData\Roaming\Python\Python314\site-packages\sqlalchemy\orm\session.py", line 1316, in commit
    self._prepare_impl()
    ~~~~~~~~~~~~~~~~~~^^
  File "<string>", line 2, in _prepare_impl
  File "C:\Users\agust\AppData\Roaming\Python\Python314\site-packages\sqlalchemy\orm\state_changes.py", line 137, in _go
    ret_value = fn(self, *arg, **kw)
  File "C:\Users\agust\AppData\Roaming\Python\Python314\site-packages\sqlalchemy\orm\session.py", line 1290, in _prepare_impl
    self.session.flush()
    ~~~~~~~~~~~~~~~~~~^^
  File "C:\Users\agust\AppData\Roaming\Python\Python314\site-packages\sqlalchemy\orm\session.py", line 4353, in flush
    self._flush(objects)
    ~~~~~~~~~~~^^^^^^^^^
  File "C:\Users\agust\AppData\Roaming\Python\Python314\site-packages\sqlalchemy\orm\session.py", line 4488, in _flush
    with util.safe_reraise():
         ~~~~~~~~~~~~~~~~~^^
  File "C:\Users\agust\AppData\Roaming\Python\Python314\site-packages\sqlalchemy\util\langhelpers.py", line 122, in __exit__
    raise exc_value.with_traceback(exc_tb)
  File "C:\Users\agust\AppData\Roaming\Python\Python314\site-packages\sqlalchemy\orm\session.py", line 4449, in _flush
    flush_context.execute()
    ~~~~~~~~~~~~~~~~~~~~~^^
  File "C:\Users\agust\AppData\Roaming\Python\Python314\site-packages\sqlalchemy\orm\unitofwork.py", line 465, in execute
    rec.execute(self)
    ~~~~~~~~~~~^^^^^^
  File "C:\Users\agust\AppData\Roaming\Python\Python314\site-packages\sqlalchemy\orm\unitofwork.py", line 678, in execute
    util.preloaded.orm_persistence.delete_obj(
    ~~~~~~~~~~~~~~~~~~~~~~~~~~~~~~~~~~~~~~~~~^
        self.mapper,
        ^^^^^^^^^^^^
        uow.states_for_mapper_hierarchy(self.mapper, True, False),
        ^^^^^^^^^^^^^^^^^^^^^^^^^^^^^^^^^^^^^^^^^^^^^^^^^^^^^^^^^^
        uow,
        ^^^^
    )
    ^
  File "C:\Users\agust\AppData\Roaming\Python\Python314\site-packages\sqlalchemy\orm\persistence.py", line 194, in delete_obj
    _emit_delete_statements(
    ~~~~~~~~~~~~~~~~~~~~~~~^
        base_mapper,
        ^^^^^^^^^^^^
    ...<3 lines>...
        delete,
        ^^^^^^^
    )
    ^
  File "C:\Users\agust\AppData\Roaming\Python\Python314\site-packages\sqlalchemy\orm\persistence.py", line 1472, in _emit_delete_statements
    c = connection.execute(
        statement, del_objects, execution_options=execution_options
    )
  File "C:\Users\agust\AppData\Roaming\Python\Python314\site-packages\sqlalchemy\engine\base.py", line 1421, in execute
    return meth(
        self,
        distilled_parameters,
        execution_options or NO_OPTIONS,
    )
  File "C:\Users\agust\AppData\Roaming\Python\Python314\site-packages\sqlalchemy\sql\elements.py", line 526, in _execute_on_connection
    return connection._execute_clauseelement(
           ~~~~~~~~~~~~~~~~~~~~~~~~~~~~~~~~~^
        self, distilled_params, execution_options
        ^^^^^^^^^^^^^^^^^^^^^^^^^^^^^^^^^^^^^^^^^
    )
    ^
  File "C:\Users\agust\AppData\Roaming\Python\Python314\site-packages\sqlalchemy\engine\base.py", line 1643, in _execute_clauseelement
    ret = self._execute_context(
        dialect,
    ...<8 lines>...
        cache_hit=cache_hit,
    )
  File "C:\Users\agust\AppData\Roaming\Python\Python314\site-packages\sqlalchemy\engine\base.py", line 1848, in _execute_context
    return self._exec_single_context(
           ~~~~~~~~~~~~~~~~~~~~~~~~~^
        dialect, context, statement, parameters
        ^^^^^^^^^^^^^^^^^^^^^^^^^^^^^^^^^^^^^^^
    )
    ^
  File "C:\Users\agust\AppData\Roaming\Python\Python314\site-packages\sqlalchemy\engine\base.py", line 1988, in _exec_single_context
    self._handle_dbapi_exception(
    ~~~~~~~~~~~~~~~~~~~~~~~~~~~~^
        e, str_statement, effective_parameters, cursor, context
        ^^^^^^^^^^^^^^^^^^^^^^^^^^^^^^^^^^^^^^^^^^^^^^^^^^^^^^^
    )
    ^
  File "C:\Users\agust\AppData\Roaming\Python\Python314\site-packages\sqlalchemy\engine\base.py", line 2365, in _handle_dbapi_exception
    raise sqlalchemy_exception.with_traceback(exc_info[2]) from e
  File "C:\Users\agust\AppData\Roaming\Python\Python314\site-packages\sqlalchemy\engine\base.py", line 1969, in _exec_single_context
    self.dialect.do_execute(
    ~~~~~~~~~~~~~~~~~~~~~~~^
        cursor, str_statement, effective_parameters, context
        ^^^^^^^^^^^^^^^^^^^^^^^^^^^^^^^^^^^^^^^^^^^^^^^^^^^^
    )
    ^
  File "C:\Users\agust\AppData\Roaming\Python\Python314\site-packages\sqlalchemy\engine\default.py", line 952, in do_execute
    cursor.execute(statement, parameters)
    ~~~~~~~~~~~~~~^^^^^^^^^^^^^^^^^^^^^^^
  File "C:\Users\agust\AppData\Roaming\Python\Python314\site-packages\sqlalchemy\dialects\postgresql\asyncpg.py", line 585, in execute
    self._adapt_connection.await_(
    ~~~~~~~~~~~~~~~~~~~~~~~~~~~~~^
        self._prepare_and_execute(operation, parameters)
        ^^^^^^^^^^^^^^^^^^^^^^^^^^^^^^^^^^^^^^^^^^^^^^^^
    )
    ^
  File "C:\Users\agust\AppData\Roaming\Python\Python314\site-packages\sqlalchemy\util\_concurrency_py3k.py", line 132, in await_only
    return current.parent.switch(awaitable)  # type: ignore[no-any-return,attr-defined] # noqa: E501
           ~~~~~~~~~~~~~~~~~~~~~^^^^^^^^^^^
  File "C:\Users\agust\AppData\Roaming\Python\Python314\site-packages\sqlalchemy\util\_concurrency_py3k.py", line 196, in greenlet_spawn
    value = await result
            ^^^^^^^^^^^^
  File "C:\Users\agust\AppData\Roaming\Python\Python314\site-packages\sqlalchemy\dialects\postgresql\asyncpg.py", line 563, in _prepare_and_execute
    self._handle_exception(error)
    ~~~~~~~~~~~~~~~~~~~~~~^^^^^^^
  File "C:\Users\agust\AppData\Roaming\Python\Python314\site-packages\sqlalchemy\dialects\postgresql\asyncpg.py", line 513, in _handle_exception
    self._adapt_connection._handle_exception(error)
    ~~~~~~~~~~~~~~~~~~~~~~~~~~~~~~~~~~~~~~~~^^^^^^^
  File "C:\Users\agust\AppData\Roaming\Python\Python314\site-packages\sqlalchemy\dialects\postgresql\asyncpg.py", line 797, in _handle_exception
    raise translated_error from error
sqlalchemy.exc.IntegrityError: (sqlalchemy.dialects.postgresql.asyncpg.IntegrityError) <class 'asyncpg.exceptions.ForeignKeyViolationError'>: update or delete on table "campos" violates foreign key constraint "parcelas_nombre_campo_fkey" on table "parcelas"
DETAIL:  Key (nombre_campo)=(CampoY) is still referenced from table "parcelas".
[SQL: DELETE FROM campos WHERE campos.nombre_campo = $1::VARCHAR]
[parameters: ('CampoY',)]
(Background on this error at: https://sqlalche.me/e/20/gkpj)
ERROR:    Exception in ASGI application
Traceback (most recent call last):
  File "C:\Users\agust\AppData\Roaming\Python\Python314\site-packages\sqlalchemy\dialects\postgresql\asyncpg.py", line 550, in _prepare_and_execute
    self._rows = deque(await prepared_stmt.fetch(*parameters))
                       ^^^^^^^^^^^^^^^^^^^^^^^^^^^^^^^^^^^^^^
  File "C:\Users\agust\AppData\Roaming\Python\Python314\site-packages\asyncpg\prepared_stmt.py", line 177, in fetch
    data = await self.__bind_execute(args, 0, timeout)
           ^^^^^^^^^^^^^^^^^^^^^^^^^^^^^^^^^^^^^^^^^^^
  File "C:\Users\agust\AppData\Roaming\Python\Python314\site-packages\asyncpg\prepared_stmt.py", line 268, in __bind_execute
    data, status, _ = await self.__do_execute(
                      ^^^^^^^^^^^^^^^^^^^^^^^^
        lambda protocol: protocol.bind_execute(
        ^^^^^^^^^^^^^^^^^^^^^^^^^^^^^^^^^^^^^^^
            self._state, args, '', limit, True, timeout))
            ^^^^^^^^^^^^^^^^^^^^^^^^^^^^^^^^^^^^^^^^^^^^^
  File "C:\Users\agust\AppData\Roaming\Python\Python314\site-packages\asyncpg\prepared_stmt.py", line 257, in __do_execute
    return await executor(protocol)
           ^^^^^^^^^^^^^^^^^^^^^^^^
  File "asyncpg/protocol/protocol.pyx", line 205, in bind_execute
asyncpg.exceptions.ForeignKeyViolationError: update or delete on table "campos" violates foreign key constraint "parcelas_nombre_campo_fkey" on table "parcelas"
DETAIL:  Key (nombre_campo)=(CampoY) is still referenced from table "parcelas".

The above exception was the direct cause of the following exception:

Traceback (most recent call last):
  File "C:\Users\agust\AppData\Roaming\Python\Python314\site-packages\sqlalchemy\engine\base.py", line 1969, in _exec_single_context
    self.dialect.do_execute(
    ~~~~~~~~~~~~~~~~~~~~~~~^
        cursor, str_statement, effective_parameters, context
        ^^^^^^^^^^^^^^^^^^^^^^^^^^^^^^^^^^^^^^^^^^^^^^^^^^^^
    )
    ^
  File "C:\Users\agust\AppData\Roaming\Python\Python314\site-packages\sqlalchemy\engine\default.py", line 952, in do_execute
    cursor.execute(statement, parameters)
    ~~~~~~~~~~~~~~^^^^^^^^^^^^^^^^^^^^^^^
  File "C:\Users\agust\AppData\Roaming\Python\Python314\site-packages\sqlalchemy\dialects\postgresql\asyncpg.py", line 585, in execute
    self._adapt_connection.await_(
    ~~~~~~~~~~~~~~~~~~~~~~~~~~~~~^
        self._prepare_and_execute(operation, parameters)
        ^^^^^^^^^^^^^^^^^^^^^^^^^^^^^^^^^^^^^^^^^^^^^^^^
    )
    ^
  File "C:\Users\agust\AppData\Roaming\Python\Python314\site-packages\sqlalchemy\util\_concurrency_py3k.py", line 132, in await_only
    return current.parent.switch(awaitable)  # type: ignore[no-any-return,attr-defined] # noqa: E501
           ~~~~~~~~~~~~~~~~~~~~~^^^^^^^^^^^
  File "C:\Users\agust\AppData\Roaming\Python\Python314\site-packages\sqlalchemy\util\_concurrency_py3k.py", line 196, in greenlet_spawn
    value = await result
            ^^^^^^^^^^^^
  File "C:\Users\agust\AppData\Roaming\Python\Python314\site-packages\sqlalchemy\dialects\postgresql\asyncpg.py", line 563, in _prepare_and_execute
    self._handle_exception(error)
    ~~~~~~~~~~~~~~~~~~~~~~^^^^^^^
  File "C:\Users\agust\AppData\Roaming\Python\Python314\site-packages\sqlalchemy\dialects\postgresql\asyncpg.py", line 513, in _handle_exception
    self._adapt_connection._handle_exception(error)
    ~~~~~~~~~~~~~~~~~~~~~~~~~~~~~~~~~~~~~~~~^^^^^^^
  File "C:\Users\agust\AppData\Roaming\Python\Python314\site-packages\sqlalchemy\dialects\postgresql\asyncpg.py", line 797, in _handle_exception
    raise translated_error from error
sqlalchemy.dialects.postgresql.asyncpg.AsyncAdapt_asyncpg_dbapi.IntegrityError: <class 'asyncpg.exceptions.ForeignKeyViolationError'>: update or delete on table "campos" violates foreign key constraint "parcelas_nombre_campo_fkey" on table "parcelas"
DETAIL:  Key (nombre_campo)=(CampoY) is still referenced from table "parcelas".

The above exception was the direct cause of the following exception:

Traceback (most recent call last):
  File "C:\Users\agust\AppData\Roaming\Python\Python314\site-packages\uvicorn\protocols\http\httptools_impl.py", line 421, in run_asgi
    result = await app(  # type: ignore[func-returns-value]
             ^^^^^^^^^^^^^^^^^^^^^^^^^^^^^^^^^^^^^^^^^^^^^^
        self.scope, self.receive, self.send
        ^^^^^^^^^^^^^^^^^^^^^^^^^^^^^^^^^^^
    )
    ^
  File "C:\Users\agust\AppData\Roaming\Python\Python314\site-packages\uvicorn\middleware\proxy_headers.py", line 62, in __call__
    return await self.app(scope, receive, send)
           ^^^^^^^^^^^^^^^^^^^^^^^^^^^^^^^^^^^^
  File "C:\Users\agust\AppData\Roaming\Python\Python314\site-packages\fastapi\applications.py", line 1163, in __call__
    await super().__call__(scope, receive, send)
  File "C:\Users\agust\AppData\Roaming\Python\Python314\site-packages\starlette\applications.py", line 90, in __call__
    await self.middleware_stack(scope, receive, send)
  File "C:\Users\agust\AppData\Roaming\Python\Python314\site-packages\starlette\middleware\errors.py", line 186, in __call__
    raise exc
  File "C:\Users\agust\AppData\Roaming\Python\Python314\site-packages\starlette\middleware\errors.py", line 164, in __call__
    await self.app(scope, receive, _send)
  File "C:\Users\agust\AppData\Roaming\Python\Python314\site-packages\starlette\middleware\exceptions.py", line 63, in __call__
    await wrap_app_handling_exceptions(self.app, conn)(scope, receive, send)
  File "C:\Users\agust\AppData\Roaming\Python\Python314\site-packages\starlette\_exception_handler.py", line 53, in wrapped_app
    raise exc
  File "C:\Users\agust\AppData\Roaming\Python\Python314\site-packages\starlette\_exception_handler.py", line 42, in wrapped_app
    await app(scope, receive, sender)
  File "C:\Users\agust\AppData\Roaming\Python\Python314\site-packages\fastapi\middleware\asyncexitstack.py", line 18, in __call__
    await self.app(scope, receive, send)
  File "C:\Users\agust\AppData\Roaming\Python\Python314\site-packages\starlette\routing.py", line 660, in __call__
    await self.middleware_stack(scope, receive, send)
  File "C:\Users\agust\AppData\Roaming\Python\Python314\site-packages\fastapi\routing.py", line 2531, in app
    await route.handle(scope, receive, send)
  File "C:\Users\agust\AppData\Roaming\Python\Python314\site-packages\fastapi\routing.py", line 1700, in handle
    await self.original_router.handle(scope, receive, send)
  File "C:\Users\agust\AppData\Roaming\Python\Python314\site-packages\fastapi\routing.py", line 2586, in handle
    await included_router._handle_selected(scope, receive, send)
  File "C:\Users\agust\AppData\Roaming\Python\Python314\site-packages\fastapi\routing.py", line 1720, in _handle_selected
    await original_route.handle(scope, receive, send)
  File "C:\Users\agust\AppData\Roaming\Python\Python314\site-packages\fastapi\routing.py", line 1239, in handle
    await app(scope, receive, send)
  File "C:\Users\agust\AppData\Roaming\Python\Python314\site-packages\fastapi\routing.py", line 150, in app
    await wrap_app_handling_exceptions(app, request)(scope, receive, send)
  File "C:\Users\agust\AppData\Roaming\Python\Python314\site-packages\starlette\_exception_handler.py", line 53, in wrapped_app
    raise exc
  File "C:\Users\agust\AppData\Roaming\Python\Python314\site-packages\starlette\_exception_handler.py", line 42, in wrapped_app
    await app(scope, receive, sender)
  File "C:\Users\agust\AppData\Roaming\Python\Python314\site-packages\fastapi\routing.py", line 136, in app
    response = await f(request)
               ^^^^^^^^^^^^^^^^
  File "C:\Users\agust\AppData\Roaming\Python\Python314\site-packages\fastapi\routing.py", line 690, in app
    raw_response = await run_endpoint_function(
                   ^^^^^^^^^^^^^^^^^^^^^^^^^^^^
    ...<3 lines>...
    )
    ^
  File "C:\Users\agust\AppData\Roaming\Python\Python314\site-packages\fastapi\routing.py", line 344, in run_endpoint_function
    return await dependant.call(**values)
           ^^^^^^^^^^^^^^^^^^^^^^^^^^^^^^
  File "X:\Arqui\AgroTech\src\modules\data_api\router.py", line 334, in delete_campo
    async with db.begin():
               ~~~~~~~~^^
  File "C:\Users\agust\AppData\Roaming\Python\Python314\site-packages\sqlalchemy\ext\asyncio\session.py", line 1886, in __aexit__
    await greenlet_spawn(
        self._sync_transaction().__exit__, type_, value, traceback
    )
  File "C:\Users\agust\AppData\Roaming\Python\Python314\site-packages\sqlalchemy\util\_concurrency_py3k.py", line 203, in greenlet_spawn
    result = context.switch(value)
  File "C:\Users\agust\AppData\Roaming\Python\Python314\site-packages\sqlalchemy\engine\util.py", line 147, in __exit__
    with util.safe_reraise():
         ~~~~~~~~~~~~~~~~~^^
  File "C:\Users\agust\AppData\Roaming\Python\Python314\site-packages\sqlalchemy\util\langhelpers.py", line 122, in __exit__
    raise exc_value.with_traceback(exc_tb)
  File "C:\Users\agust\AppData\Roaming\Python\Python314\site-packages\sqlalchemy\engine\util.py", line 145, in __exit__
    self.commit()
    ~~~~~~~~~~~^^
  File "<string>", line 2, in commit
  File "C:\Users\agust\AppData\Roaming\Python\Python314\site-packages\sqlalchemy\orm\state_changes.py", line 137, in _go
    ret_value = fn(self, *arg, **kw)
  File "C:\Users\agust\AppData\Roaming\Python\Python314\site-packages\sqlalchemy\orm\session.py", line 1316, in commit
    self._prepare_impl()
    ~~~~~~~~~~~~~~~~~~^^
  File "<string>", line 2, in _prepare_impl
  File "C:\Users\agust\AppData\Roaming\Python\Python314\site-packages\sqlalchemy\orm\state_changes.py", line 137, in _go
    ret_value = fn(self, *arg, **kw)
  File "C:\Users\agust\AppData\Roaming\Python\Python314\site-packages\sqlalchemy\orm\session.py", line 1290, in _prepare_impl
    self.session.flush()
    ~~~~~~~~~~~~~~~~~~^^
  File "C:\Users\agust\AppData\Roaming\Python\Python314\site-packages\sqlalchemy\orm\session.py", line 4353, in flush
    self._flush(objects)
    ~~~~~~~~~~~^^^^^^^^^
  File "C:\Users\agust\AppData\Roaming\Python\Python314\site-packages\sqlalchemy\orm\session.py", line 4488, in _flush
    with util.safe_reraise():
         ~~~~~~~~~~~~~~~~~^^
  File "C:\Users\agust\AppData\Roaming\Python\Python314\site-packages\sqlalchemy\util\langhelpers.py", line 122, in __exit__
    raise exc_value.with_traceback(exc_tb)
  File "C:\Users\agust\AppData\Roaming\Python\Python314\site-packages\sqlalchemy\orm\session.py", line 4449, in _flush
    flush_context.execute()
    ~~~~~~~~~~~~~~~~~~~~~^^
  File "C:\Users\agust\AppData\Roaming\Python\Python314\site-packages\sqlalchemy\orm\unitofwork.py", line 465, in execute
    rec.execute(self)
    ~~~~~~~~~~~^^^^^^
  File "C:\Users\agust\AppData\Roaming\Python\Python314\site-packages\sqlalchemy\orm\unitofwork.py", line 678, in execute
    util.preloaded.orm_persistence.delete_obj(
    ~~~~~~~~~~~~~~~~~~~~~~~~~~~~~~~~~~~~~~~~~^
        self.mapper,
        ^^^^^^^^^^^^
        uow.states_for_mapper_hierarchy(self.mapper, True, False),
        ^^^^^^^^^^^^^^^^^^^^^^^^^^^^^^^^^^^^^^^^^^^^^^^^^^^^^^^^^^
        uow,
        ^^^^
    )
    ^
  File "C:\Users\agust\AppData\Roaming\Python\Python314\site-packages\sqlalchemy\orm\persistence.py", line 194, in delete_obj
    _emit_delete_statements(
    ~~~~~~~~~~~~~~~~~~~~~~~^
        base_mapper,
        ^^^^^^^^^^^^
    ...<3 lines>...
        delete,
        ^^^^^^^
    )
    ^
  File "C:\Users\agust\AppData\Roaming\Python\Python314\site-packages\sqlalchemy\orm\persistence.py", line 1472, in _emit_delete_statements
    c = connection.execute(
        statement, del_objects, execution_options=execution_options
    )
  File "C:\Users\agust\AppData\Roaming\Python\Python314\site-packages\sqlalchemy\engine\base.py", line 1421, in execute
    return meth(
        self,
        distilled_parameters,
        execution_options or NO_OPTIONS,
    )
  File "C:\Users\agust\AppData\Roaming\Python\Python314\site-packages\sqlalchemy\sql\elements.py", line 526, in _execute_on_connection
    return connection._execute_clauseelement(
           ~~~~~~~~~~~~~~~~~~~~~~~~~~~~~~~~~^
        self, distilled_params, execution_options
        ^^^^^^^^^^^^^^^^^^^^^^^^^^^^^^^^^^^^^^^^^
    )
    ^
  File "C:\Users\agust\AppData\Roaming\Python\Python314\site-packages\sqlalchemy\engine\base.py", line 1643, in _execute_clauseelement
    ret = self._execute_context(
        dialect,
    ...<8 lines>...
        cache_hit=cache_hit,
    )
  File "C:\Users\agust\AppData\Roaming\Python\Python314\site-packages\sqlalchemy\engine\base.py", line 1848, in _execute_context
    return self._exec_single_context(
           ~~~~~~~~~~~~~~~~~~~~~~~~~^
        dialect, context, statement, parameters
        ^^^^^^^^^^^^^^^^^^^^^^^^^^^^^^^^^^^^^^^
    )
    ^
  File "C:\Users\agust\AppData\Roaming\Python\Python314\site-packages\sqlalchemy\engine\base.py", line 1988, in _exec_single_context
    self._handle_dbapi_exception(
    ~~~~~~~~~~~~~~~~~~~~~~~~~~~~^
        e, str_statement, effective_parameters, cursor, context
        ^^^^^^^^^^^^^^^^^^^^^^^^^^^^^^^^^^^^^^^^^^^^^^^^^^^^^^^
    )
    ^
  File "C:\Users\agust\AppData\Roaming\Python\Python314\site-packages\sqlalchemy\engine\base.py", line 2365, in _handle_dbapi_exception
    raise sqlalchemy_exception.with_traceback(exc_info[2]) from e
  File "C:\Users\agust\AppData\Roaming\Python\Python314\site-packages\sqlalchemy\engine\base.py", line 1969, in _exec_single_context
    self.dialect.do_execute(
    ~~~~~~~~~~~~~~~~~~~~~~~^
        cursor, str_statement, effective_parameters, context
        ^^^^^^^^^^^^^^^^^^^^^^^^^^^^^^^^^^^^^^^^^^^^^^^^^^^^
    )
    ^
  File "C:\Users\agust\AppData\Roaming\Python\Python314\site-packages\sqlalchemy\engine\default.py", line 952, in do_execute
    cursor.execute(statement, parameters)
    ~~~~~~~~~~~~~~^^^^^^^^^^^^^^^^^^^^^^^
  File "C:\Users\agust\AppData\Roaming\Python\Python314\site-packages\sqlalchemy\dialects\postgresql\asyncpg.py", line 585, in execute
    self._adapt_connection.await_(
    ~~~~~~~~~~~~~~~~~~~~~~~~~~~~~^
        self._prepare_and_execute(operation, parameters)
        ^^^^^^^^^^^^^^^^^^^^^^^^^^^^^^^^^^^^^^^^^^^^^^^^
    )
    ^
  File "C:\Users\agust\AppData\Roaming\Python\Python314\site-packages\sqlalchemy\util\_concurrency_py3k.py", line 132, in await_only
    return current.parent.switch(awaitable)  # type: ignore[no-any-return,attr-defined] # noqa: E501
           ~~~~~~~~~~~~~~~~~~~~~^^^^^^^^^^^
  File "C:\Users\agust\AppData\Roaming\Python\Python314\site-packages\sqlalchemy\util\_concurrency_py3k.py", line 196, in greenlet_spawn
    value = await result
            ^^^^^^^^^^^^
  File "C:\Users\agust\AppData\Roaming\Python\Python314\site-packages\sqlalchemy\dialects\postgresql\asyncpg.py", line 563, in _prepare_and_execute
    self._handle_exception(error)
    ~~~~~~~~~~~~~~~~~~~~~~^^^^^^^
  File "C:\Users\agust\AppData\Roaming\Python\Python314\site-packages\sqlalchemy\dialects\postgresql\asyncpg.py", line 513, in _handle_exception
    self._adapt_connection._handle_exception(error)
    ~~~~~~~~~~~~~~~~~~~~~~~~~~~~~~~~~~~~~~~~^^^^^^^
  File "C:\Users\agust\AppData\Roaming\Python\Python314\site-packages\sqlalchemy\dialects\postgresql\asyncpg.py", line 797, in _handle_exception
    raise translated_error from error
sqlalchemy.exc.IntegrityError: (sqlalchemy.dialects.postgresql.asyncpg.IntegrityError) <class 'asyncpg.exceptions.ForeignKeyViolationError'>: update or delete on table "campos" violates foreign key constraint "parcelas_nombre_campo_fkey" on table "parcelas"
DETAIL:  Key (nombre_campo)=(CampoY) is still referenced from table "parcelas".
[SQL: DELETE FROM campos WHERE campos.nombre_campo = $1::VARCHAR]
[parameters: ('CampoY',)]
(Background on this error at: https://sqlalche.me/e/20/gkpj)
Error interno no controlado | path=/api/campos/CampoTest2 | ip=127.0.0.1
Traceback (most recent call last):
  File "C:\Users\agust\AppData\Roaming\Python\Python314\site-packages\sqlalchemy\dialects\postgresql\asyncpg.py", line 550, in _prepare_and_execute
    self._rows = deque(await prepared_stmt.fetch(*parameters))
                       ^^^^^^^^^^^^^^^^^^^^^^^^^^^^^^^^^^^^^^
  File "C:\Users\agust\AppData\Roaming\Python\Python314\site-packages\asyncpg\prepared_stmt.py", line 177, in fetch
    data = await self.__bind_execute(args, 0, timeout)
           ^^^^^^^^^^^^^^^^^^^^^^^^^^^^^^^^^^^^^^^^^^^
  File "C:\Users\agust\AppData\Roaming\Python\Python314\site-packages\asyncpg\prepared_stmt.py", line 268, in __bind_execute
    data, status, _ = await self.__do_execute(
                      ^^^^^^^^^^^^^^^^^^^^^^^^
        lambda protocol: protocol.bind_execute(
        ^^^^^^^^^^^^^^^^^^^^^^^^^^^^^^^^^^^^^^^
            self._state, args, '', limit, True, timeout))
            ^^^^^^^^^^^^^^^^^^^^^^^^^^^^^^^^^^^^^^^^^^^^^
  File "C:\Users\agust\AppData\Roaming\Python\Python314\site-packages\asyncpg\prepared_stmt.py", line 257, in __do_execute
    return await executor(protocol)
           ^^^^^^^^^^^^^^^^^^^^^^^^
  File "asyncpg/protocol/protocol.pyx", line 205, in bind_execute
asyncpg.exceptions.ForeignKeyViolationError: update or delete on table "campos" violates foreign key constraint "parcelas_nombre_campo_fkey" on table "parcelas"
DETAIL:  Key (nombre_campo)=(CampoTest2) is still referenced from table "parcelas".

The above exception was the direct cause of the following exception:

Traceback (most recent call last):
  File "C:\Users\agust\AppData\Roaming\Python\Python314\site-packages\sqlalchemy\engine\base.py", line 1969, in _exec_single_context
    self.dialect.do_execute(
    ~~~~~~~~~~~~~~~~~~~~~~~^
        cursor, str_statement, effective_parameters, context
        ^^^^^^^^^^^^^^^^^^^^^^^^^^^^^^^^^^^^^^^^^^^^^^^^^^^^
    )
    ^
  File "C:\Users\agust\AppData\Roaming\Python\Python314\site-packages\sqlalchemy\engine\default.py", line 952, in do_execute
    cursor.execute(statement, parameters)
    ~~~~~~~~~~~~~~^^^^^^^^^^^^^^^^^^^^^^^
  File "C:\Users\agust\AppData\Roaming\Python\Python314\site-packages\sqlalchemy\dialects\postgresql\asyncpg.py", line 585, in execute
    self._adapt_connection.await_(
    ~~~~~~~~~~~~~~~~~~~~~~~~~~~~~^
        self._prepare_and_execute(operation, parameters)
        ^^^^^^^^^^^^^^^^^^^^^^^^^^^^^^^^^^^^^^^^^^^^^^^^
    )
    ^
  File "C:\Users\agust\AppData\Roaming\Python\Python314\site-packages\sqlalchemy\util\_concurrency_py3k.py", line 132, in await_only
    return current.parent.switch(awaitable)  # type: ignore[no-any-return,attr-defined] # noqa: E501
           ~~~~~~~~~~~~~~~~~~~~~^^^^^^^^^^^
  File "C:\Users\agust\AppData\Roaming\Python\Python314\site-packages\sqlalchemy\util\_concurrency_py3k.py", line 196, in greenlet_spawn
    value = await result
            ^^^^^^^^^^^^
  File "C:\Users\agust\AppData\Roaming\Python\Python314\site-packages\sqlalchemy\dialects\postgresql\asyncpg.py", line 563, in _prepare_and_execute
    self._handle_exception(error)
    ~~~~~~~~~~~~~~~~~~~~~~^^^^^^^
  File "C:\Users\agust\AppData\Roaming\Python\Python314\site-packages\sqlalchemy\dialects\postgresql\asyncpg.py", line 513, in _handle_exception
    self._adapt_connection._handle_exception(error)
    ~~~~~~~~~~~~~~~~~~~~~~~~~~~~~~~~~~~~~~~~^^^^^^^
  File "C:\Users\agust\AppData\Roaming\Python\Python314\site-packages\sqlalchemy\dialects\postgresql\asyncpg.py", line 797, in _handle_exception
    raise translated_error from error
sqlalchemy.dialects.postgresql.asyncpg.AsyncAdapt_asyncpg_dbapi.IntegrityError: <class 'asyncpg.exceptions.ForeignKeyViolationError'>: update or delete on table "campos" violates foreign key constraint "parcelas_nombre_campo_fkey" on table "parcelas"
DETAIL:  Key (nombre_campo)=(CampoTest2) is still referenced from table "parcelas".

The above exception was the direct cause of the following exception:

Traceback (most recent call last):
  File "C:\Users\agust\AppData\Roaming\Python\Python314\site-packages\starlette\middleware\errors.py", line 164, in __call__
    await self.app(scope, receive, _send)
  File "C:\Users\agust\AppData\Roaming\Python\Python314\site-packages\starlette\middleware\exceptions.py", line 63, in __call__
    await wrap_app_handling_exceptions(self.app, conn)(scope, receive, send)
  File "C:\Users\agust\AppData\Roaming\Python\Python314\site-packages\starlette\_exception_handler.py", line 53, in wrapped_app
    raise exc
  File "C:\Users\agust\AppData\Roaming\Python\Python314\site-packages\starlette\_exception_handler.py", line 42, in wrapped_app
    await app(scope, receive, sender)
  File "C:\Users\agust\AppData\Roaming\Python\Python314\site-packages\fastapi\middleware\asyncexitstack.py", line 18, in __call__
    await self.app(scope, receive, send)
  File "C:\Users\agust\AppData\Roaming\Python\Python314\site-packages\starlette\routing.py", line 660, in __call__
    await self.middleware_stack(scope, receive, send)
  File "C:\Users\agust\AppData\Roaming\Python\Python314\site-packages\fastapi\routing.py", line 2531, in app
    await route.handle(scope, receive, send)
  File "C:\Users\agust\AppData\Roaming\Python\Python314\site-packages\fastapi\routing.py", line 1700, in handle
    await self.original_router.handle(scope, receive, send)
  File "C:\Users\agust\AppData\Roaming\Python\Python314\site-packages\fastapi\routing.py", line 2586, in handle
    await included_router._handle_selected(scope, receive, send)
  File "C:\Users\agust\AppData\Roaming\Python\Python314\site-packages\fastapi\routing.py", line 1720, in _handle_selected
    await original_route.handle(scope, receive, send)
  File "C:\Users\agust\AppData\Roaming\Python\Python314\site-packages\fastapi\routing.py", line 1239, in handle
    await app(scope, receive, send)
  File "C:\Users\agust\AppData\Roaming\Python\Python314\site-packages\fastapi\routing.py", line 150, in app
    await wrap_app_handling_exceptions(app, request)(scope, receive, send)
  File "C:\Users\agust\AppData\Roaming\Python\Python314\site-packages\starlette\_exception_handler.py", line 53, in wrapped_app
    raise exc
  File "C:\Users\agust\AppData\Roaming\Python\Python314\site-packages\starlette\_exception_handler.py", line 42, in wrapped_app
    await app(scope, receive, sender)
  File "C:\Users\agust\AppData\Roaming\Python\Python314\site-packages\fastapi\routing.py", line 136, in app
    response = await f(request)
               ^^^^^^^^^^^^^^^^
  File "C:\Users\agust\AppData\Roaming\Python\Python314\site-packages\fastapi\routing.py", line 690, in app
    raw_response = await run_endpoint_function(
                   ^^^^^^^^^^^^^^^^^^^^^^^^^^^^
    ...<3 lines>...
    )
    ^
  File "C:\Users\agust\AppData\Roaming\Python\Python314\site-packages\fastapi\routing.py", line 344, in run_endpoint_function
    return await dependant.call(**values)
           ^^^^^^^^^^^^^^^^^^^^^^^^^^^^^^
  File "X:\Arqui\AgroTech\src\modules\data_api\router.py", line 334, in delete_campo
    async with db.begin():
               ~~~~~~~~^^
  File "C:\Users\agust\AppData\Roaming\Python\Python314\site-packages\sqlalchemy\ext\asyncio\session.py", line 1886, in __aexit__
    await greenlet_spawn(
        self._sync_transaction().__exit__, type_, value, traceback
    )
  File "C:\Users\agust\AppData\Roaming\Python\Python314\site-packages\sqlalchemy\util\_concurrency_py3k.py", line 203, in greenlet_spawn
    result = context.switch(value)
  File "C:\Users\agust\AppData\Roaming\Python\Python314\site-packages\sqlalchemy\engine\util.py", line 147, in __exit__
    with util.safe_reraise():
         ~~~~~~~~~~~~~~~~~^^
  File "C:\Users\agust\AppData\Roaming\Python\Python314\site-packages\sqlalchemy\util\langhelpers.py", line 122, in __exit__
    raise exc_value.with_traceback(exc_tb)
  File "C:\Users\agust\AppData\Roaming\Python\Python314\site-packages\sqlalchemy\engine\util.py", line 145, in __exit__
    self.commit()
    ~~~~~~~~~~~^^
  File "<string>", line 2, in commit
  File "C:\Users\agust\AppData\Roaming\Python\Python314\site-packages\sqlalchemy\orm\state_changes.py", line 137, in _go
    ret_value = fn(self, *arg, **kw)
  File "C:\Users\agust\AppData\Roaming\Python\Python314\site-packages\sqlalchemy\orm\session.py", line 1316, in commit
    self._prepare_impl()
    ~~~~~~~~~~~~~~~~~~^^
  File "<string>", line 2, in _prepare_impl
  File "C:\Users\agust\AppData\Roaming\Python\Python314\site-packages\sqlalchemy\orm\state_changes.py", line 137, in _go
    ret_value = fn(self, *arg, **kw)
  File "C:\Users\agust\AppData\Roaming\Python\Python314\site-packages\sqlalchemy\orm\session.py", line 1290, in _prepare_impl
    self.session.flush()
    ~~~~~~~~~~~~~~~~~~^^
  File "C:\Users\agust\AppData\Roaming\Python\Python314\site-packages\sqlalchemy\orm\session.py", line 4353, in flush
    self._flush(objects)
    ~~~~~~~~~~~^^^^^^^^^
  File "C:\Users\agust\AppData\Roaming\Python\Python314\site-packages\sqlalchemy\orm\session.py", line 4488, in _flush
    with util.safe_reraise():
         ~~~~~~~~~~~~~~~~~^^
  File "C:\Users\agust\AppData\Roaming\Python\Python314\site-packages\sqlalchemy\util\langhelpers.py", line 122, in __exit__
    raise exc_value.with_traceback(exc_tb)
  File "C:\Users\agust\AppData\Roaming\Python\Python314\site-packages\sqlalchemy\orm\session.py", line 4449, in _flush
    flush_context.execute()
    ~~~~~~~~~~~~~~~~~~~~~^^
  File "C:\Users\agust\AppData\Roaming\Python\Python314\site-packages\sqlalchemy\orm\unitofwork.py", line 465, in execute
    rec.execute(self)
    ~~~~~~~~~~~^^^^^^
  File "C:\Users\agust\AppData\Roaming\Python\Python314\site-packages\sqlalchemy\orm\unitofwork.py", line 678, in execute
    util.preloaded.orm_persistence.delete_obj(
    ~~~~~~~~~~~~~~~~~~~~~~~~~~~~~~~~~~~~~~~~~^
        self.mapper,
        ^^^^^^^^^^^^
        uow.states_for_mapper_hierarchy(self.mapper, True, False),
        ^^^^^^^^^^^^^^^^^^^^^^^^^^^^^^^^^^^^^^^^^^^^^^^^^^^^^^^^^^
        uow,
        ^^^^
    )
    ^
  File "C:\Users\agust\AppData\Roaming\Python\Python314\site-packages\sqlalchemy\orm\persistence.py", line 194, in delete_obj
    _emit_delete_statements(
    ~~~~~~~~~~~~~~~~~~~~~~~^
        base_mapper,
        ^^^^^^^^^^^^
    ...<3 lines>...
        delete,
        ^^^^^^^
    )
    ^
  File "C:\Users\agust\AppData\Roaming\Python\Python314\site-packages\sqlalchemy\orm\persistence.py", line 1472, in _emit_delete_statements
    c = connection.execute(
        statement, del_objects, execution_options=execution_options
    )
  File "C:\Users\agust\AppData\Roaming\Python\Python314\site-packages\sqlalchemy\engine\base.py", line 1421, in execute
    return meth(
        self,
        distilled_parameters,
        execution_options or NO_OPTIONS,
    )
  File "C:\Users\agust\AppData\Roaming\Python\Python314\site-packages\sqlalchemy\sql\elements.py", line 526, in _execute_on_connection
    return connection._execute_clauseelement(
           ~~~~~~~~~~~~~~~~~~~~~~~~~~~~~~~~~^
        self, distilled_params, execution_options
        ^^^^^^^^^^^^^^^^^^^^^^^^^^^^^^^^^^^^^^^^^
    )
    ^
  File "C:\Users\agust\AppData\Roaming\Python\Python314\site-packages\sqlalchemy\engine\base.py", line 1643, in _execute_clauseelement
    ret = self._execute_context(
        dialect,
    ...<8 lines>...
        cache_hit=cache_hit,
    )
  File "C:\Users\agust\AppData\Roaming\Python\Python314\site-packages\sqlalchemy\engine\base.py", line 1848, in _execute_context
    return self._exec_single_context(
           ~~~~~~~~~~~~~~~~~~~~~~~~~^
        dialect, context, statement, parameters
        ^^^^^^^^^^^^^^^^^^^^^^^^^^^^^^^^^^^^^^^
    )
    ^
  File "C:\Users\agust\AppData\Roaming\Python\Python314\site-packages\sqlalchemy\engine\base.py", line 1988, in _exec_single_context
    self._handle_dbapi_exception(
    ~~~~~~~~~~~~~~~~~~~~~~~~~~~~^
        e, str_statement, effective_parameters, cursor, context
        ^^^^^^^^^^^^^^^^^^^^^^^^^^^^^^^^^^^^^^^^^^^^^^^^^^^^^^^
    )
    ^
  File "C:\Users\agust\AppData\Roaming\Python\Python314\site-packages\sqlalchemy\engine\base.py", line 2365, in _handle_dbapi_exception
    raise sqlalchemy_exception.with_traceback(exc_info[2]) from e
  File "C:\Users\agust\AppData\Roaming\Python\Python314\site-packages\sqlalchemy\engine\base.py", line 1969, in _exec_single_context
    self.dialect.do_execute(
    ~~~~~~~~~~~~~~~~~~~~~~~^
        cursor, str_statement, effective_parameters, context
        ^^^^^^^^^^^^^^^^^^^^^^^^^^^^^^^^^^^^^^^^^^^^^^^^^^^^
    )
    ^
  File "C:\Users\agust\AppData\Roaming\Python\Python314\site-packages\sqlalchemy\engine\default.py", line 952, in do_execute
    cursor.execute(statement, parameters)
    ~~~~~~~~~~~~~~^^^^^^^^^^^^^^^^^^^^^^^
  File "C:\Users\agust\AppData\Roaming\Python\Python314\site-packages\sqlalchemy\dialects\postgresql\asyncpg.py", line 585, in execute
    self._adapt_connection.await_(
    ~~~~~~~~~~~~~~~~~~~~~~~~~~~~~^
        self._prepare_and_execute(operation, parameters)
        ^^^^^^^^^^^^^^^^^^^^^^^^^^^^^^^^^^^^^^^^^^^^^^^^
    )
    ^
  File "C:\Users\agust\AppData\Roaming\Python\Python314\site-packages\sqlalchemy\util\_concurrency_py3k.py", line 132, in await_only
    return current.parent.switch(awaitable)  # type: ignore[no-any-return,attr-defined] # noqa: E501
           ~~~~~~~~~~~~~~~~~~~~~^^^^^^^^^^^
  File "C:\Users\agust\AppData\Roaming\Python\Python314\site-packages\sqlalchemy\util\_concurrency_py3k.py", line 196, in greenlet_spawn
    value = await result
            ^^^^^^^^^^^^
  File "C:\Users\agust\AppData\Roaming\Python\Python314\site-packages\sqlalchemy\dialects\postgresql\asyncpg.py", line 563, in _prepare_and_execute
    self._handle_exception(error)
    ~~~~~~~~~~~~~~~~~~~~~~^^^^^^^
  File "C:\Users\agust\AppData\Roaming\Python\Python314\site-packages\sqlalchemy\dialects\postgresql\asyncpg.py", line 513, in _handle_exception
    self._adapt_connection._handle_exception(error)
    ~~~~~~~~~~~~~~~~~~~~~~~~~~~~~~~~~~~~~~~~^^^^^^^
  File "C:\Users\agust\AppData\Roaming\Python\Python314\site-packages\sqlalchemy\dialects\postgresql\asyncpg.py", line 797, in _handle_exception
    raise translated_error from error
sqlalchemy.exc.IntegrityError: (sqlalchemy.dialects.postgresql.asyncpg.IntegrityError) <class 'asyncpg.exceptions.ForeignKeyViolationError'>: update or delete on table "campos" violates foreign key constraint "parcelas_nombre_campo_fkey" on table "parcelas"
DETAIL:  Key (nombre_campo)=(CampoTest2) is still referenced from table "parcelas".
[SQL: DELETE FROM campos WHERE campos.nombre_campo = $1::VARCHAR]
[parameters: ('CampoTest2',)]
(Background on this error at: https://sqlalche.me/e/20/gkpj)
ERROR:    Exception in ASGI application
Traceback (most recent call last):
  File "C:\Users\agust\AppData\Roaming\Python\Python314\site-packages\sqlalchemy\dialects\postgresql\asyncpg.py", line 550, in _prepare_and_execute
    self._rows = deque(await prepared_stmt.fetch(*parameters))
                       ^^^^^^^^^^^^^^^^^^^^^^^^^^^^^^^^^^^^^^
  File "C:\Users\agust\AppData\Roaming\Python\Python314\site-packages\asyncpg\prepared_stmt.py", line 177, in fetch
    data = await self.__bind_execute(args, 0, timeout)
           ^^^^^^^^^^^^^^^^^^^^^^^^^^^^^^^^^^^^^^^^^^^
  File "C:\Users\agust\AppData\Roaming\Python\Python314\site-packages\asyncpg\prepared_stmt.py", line 268, in __bind_execute
    data, status, _ = await self.__do_execute(
                      ^^^^^^^^^^^^^^^^^^^^^^^^
        lambda protocol: protocol.bind_execute(
        ^^^^^^^^^^^^^^^^^^^^^^^^^^^^^^^^^^^^^^^
            self._state, args, '', limit, True, timeout))
            ^^^^^^^^^^^^^^^^^^^^^^^^^^^^^^^^^^^^^^^^^^^^^
  File "C:\Users\agust\AppData\Roaming\Python\Python314\site-packages\asyncpg\prepared_stmt.py", line 257, in __do_execute
    return await executor(protocol)
           ^^^^^^^^^^^^^^^^^^^^^^^^
  File "asyncpg/protocol/protocol.pyx", line 205, in bind_execute
asyncpg.exceptions.ForeignKeyViolationError: update or delete on table "campos" violates foreign key constraint "parcelas_nombre_campo_fkey" on table "parcelas"
DETAIL:  Key (nombre_campo)=(CampoTest2) is still referenced from table "parcelas".

The above exception was the direct cause of the following exception:

Traceback (most recent call last):
  File "C:\Users\agust\AppData\Roaming\Python\Python314\site-packages\sqlalchemy\engine\base.py", line 1969, in _exec_single_context
    self.dialect.do_execute(
    ~~~~~~~~~~~~~~~~~~~~~~~^
        cursor, str_statement, effective_parameters, context
        ^^^^^^^^^^^^^^^^^^^^^^^^^^^^^^^^^^^^^^^^^^^^^^^^^^^^
    )
    ^
  File "C:\Users\agust\AppData\Roaming\Python\Python314\site-packages\sqlalchemy\engine\default.py", line 952, in do_execute
    cursor.execute(statement, parameters)
    ~~~~~~~~~~~~~~^^^^^^^^^^^^^^^^^^^^^^^
  File "C:\Users\agust\AppData\Roaming\Python\Python314\site-packages\sqlalchemy\dialects\postgresql\asyncpg.py", line 585, in execute
    self._adapt_connection.await_(
    ~~~~~~~~~~~~~~~~~~~~~~~~~~~~~^
        self._prepare_and_execute(operation, parameters)
        ^^^^^^^^^^^^^^^^^^^^^^^^^^^^^^^^^^^^^^^^^^^^^^^^
    )
    ^
  File "C:\Users\agust\AppData\Roaming\Python\Python314\site-packages\sqlalchemy\util\_concurrency_py3k.py", line 132, in await_only
    return current.parent.switch(awaitable)  # type: ignore[no-any-return,attr-defined] # noqa: E501
           ~~~~~~~~~~~~~~~~~~~~~^^^^^^^^^^^
  File "C:\Users\agust\AppData\Roaming\Python\Python314\site-packages\sqlalchemy\util\_concurrency_py3k.py", line 196, in greenlet_spawn
    value = await result
            ^^^^^^^^^^^^
  File "C:\Users\agust\AppData\Roaming\Python\Python314\site-packages\sqlalchemy\dialects\postgresql\asyncpg.py", line 563, in _prepare_and_execute
    self._handle_exception(error)
    ~~~~~~~~~~~~~~~~~~~~~~^^^^^^^
  File "C:\Users\agust\AppData\Roaming\Python\Python314\site-packages\sqlalchemy\dialects\postgresql\asyncpg.py", line 513, in _handle_exception
    self._adapt_connection._handle_exception(error)
    ~~~~~~~~~~~~~~~~~~~~~~~~~~~~~~~~~~~~~~~~^^^^^^^
  File "C:\Users\agust\AppData\Roaming\Python\Python314\site-packages\sqlalchemy\dialects\postgresql\asyncpg.py", line 797, in _handle_exception
    raise translated_error from error
sqlalchemy.dialects.postgresql.asyncpg.AsyncAdapt_asyncpg_dbapi.IntegrityError: <class 'asyncpg.exceptions.ForeignKeyViolationError'>: update or delete on table "campos" violates foreign key constraint "parcelas_nombre_campo_fkey" on table "parcelas"
DETAIL:  Key (nombre_campo)=(CampoTest2) is still referenced from table "parcelas".

The above exception was the direct cause of the following exception:

Traceback (most recent call last):
  File "C:\Users\agust\AppData\Roaming\Python\Python314\site-packages\uvicorn\protocols\http\httptools_impl.py", line 421, in run_asgi
    result = await app(  # type: ignore[func-returns-value]
             ^^^^^^^^^^^^^^^^^^^^^^^^^^^^^^^^^^^^^^^^^^^^^^
        self.scope, self.receive, self.send
        ^^^^^^^^^^^^^^^^^^^^^^^^^^^^^^^^^^^
    )
    ^
  File "C:\Users\agust\AppData\Roaming\Python\Python314\site-packages\uvicorn\middleware\proxy_headers.py", line 62, in __call__
    return await self.app(scope, receive, send)
           ^^^^^^^^^^^^^^^^^^^^^^^^^^^^^^^^^^^^
  File "C:\Users\agust\AppData\Roaming\Python\Python314\site-packages\fastapi\applications.py", line 1163, in __call__
    await super().__call__(scope, receive, send)
  File "C:\Users\agust\AppData\Roaming\Python\Python314\site-packages\starlette\applications.py", line 90, in __call__
    await self.middleware_stack(scope, receive, send)
  File "C:\Users\agust\AppData\Roaming\Python\Python314\site-packages\starlette\middleware\errors.py", line 186, in __call__
    raise exc
  File "C:\Users\agust\AppData\Roaming\Python\Python314\site-packages\starlette\middleware\errors.py", line 164, in __call__
    await self.app(scope, receive, _send)
  File "C:\Users\agust\AppData\Roaming\Python\Python314\site-packages\starlette\middleware\exceptions.py", line 63, in __call__
    await wrap_app_handling_exceptions(self.app, conn)(scope, receive, send)
  File "C:\Users\agust\AppData\Roaming\Python\Python314\site-packages\starlette\_exception_handler.py", line 53, in wrapped_app
    raise exc
  File "C:\Users\agust\AppData\Roaming\Python\Python314\site-packages\starlette\_exception_handler.py", line 42, in wrapped_app
    await app(scope, receive, sender)
  File "C:\Users\agust\AppData\Roaming\Python\Python314\site-packages\fastapi\middleware\asyncexitstack.py", line 18, in __call__
    await self.app(scope, receive, send)
  File "C:\Users\agust\AppData\Roaming\Python\Python314\site-packages\starlette\routing.py", line 660, in __call__
    await self.middleware_stack(scope, receive, send)
  File "C:\Users\agust\AppData\Roaming\Python\Python314\site-packages\fastapi\routing.py", line 2531, in app
    await route.handle(scope, receive, send)
  File "C:\Users\agust\AppData\Roaming\Python\Python314\site-packages\fastapi\routing.py", line 1700, in handle
    await self.original_router.handle(scope, receive, send)
  File "C:\Users\agust\AppData\Roaming\Python\Python314\site-packages\fastapi\routing.py", line 2586, in handle
    await included_router._handle_selected(scope, receive, send)
  File "C:\Users\agust\AppData\Roaming\Python\Python314\site-packages\fastapi\routing.py", line 1720, in _handle_selected
    await original_route.handle(scope, receive, send)
  File "C:\Users\agust\AppData\Roaming\Python\Python314\site-packages\fastapi\routing.py", line 1239, in handle
    await app(scope, receive, send)
  File "C:\Users\agust\AppData\Roaming\Python\Python314\site-packages\fastapi\routing.py", line 150, in app
    await wrap_app_handling_exceptions(app, request)(scope, receive, send)
  File "C:\Users\agust\AppData\Roaming\Python\Python314\site-packages\starlette\_exception_handler.py", line 53, in wrapped_app
    raise exc
  File "C:\Users\agust\AppData\Roaming\Python\Python314\site-packages\starlette\_exception_handler.py", line 42, in wrapped_app
    await app(scope, receive, sender)
  File "C:\Users\agust\AppData\Roaming\Python\Python314\site-packages\fastapi\routing.py", line 136, in app
    response = await f(request)
               ^^^^^^^^^^^^^^^^
  File "C:\Users\agust\AppData\Roaming\Python\Python314\site-packages\fastapi\routing.py", line 690, in app
    raw_response = await run_endpoint_function(
                   ^^^^^^^^^^^^^^^^^^^^^^^^^^^^
    ...<3 lines>...
    )
    ^
  File "C:\Users\agust\AppData\Roaming\Python\Python314\site-packages\fastapi\routing.py", line 344, in run_endpoint_function
    return await dependant.call(**values)
           ^^^^^^^^^^^^^^^^^^^^^^^^^^^^^^
  File "X:\Arqui\AgroTech\src\modules\data_api\router.py", line 334, in delete_campo
    async with db.begin():
               ~~~~~~~~^^
  File "C:\Users\agust\AppData\Roaming\Python\Python314\site-packages\sqlalchemy\ext\asyncio\session.py", line 1886, in __aexit__
    await greenlet_spawn(
        self._sync_transaction().__exit__, type_, value, traceback
    )
  File "C:\Users\agust\AppData\Roaming\Python\Python314\site-packages\sqlalchemy\util\_concurrency_py3k.py", line 203, in greenlet_spawn
    result = context.switch(value)
  File "C:\Users\agust\AppData\Roaming\Python\Python314\site-packages\sqlalchemy\engine\util.py", line 147, in __exit__
    with util.safe_reraise():
         ~~~~~~~~~~~~~~~~~^^
  File "C:\Users\agust\AppData\Roaming\Python\Python314\site-packages\sqlalchemy\util\langhelpers.py", line 122, in __exit__
    raise exc_value.with_traceback(exc_tb)
  File "C:\Users\agust\AppData\Roaming\Python\Python314\site-packages\sqlalchemy\engine\util.py", line 145, in __exit__
    self.commit()
    ~~~~~~~~~~~^^
  File "<string>", line 2, in commit
  File "C:\Users\agust\AppData\Roaming\Python\Python314\site-packages\sqlalchemy\orm\state_changes.py", line 137, in _go
    ret_value = fn(self, *arg, **kw)
  File "C:\Users\agust\AppData\Roaming\Python\Python314\site-packages\sqlalchemy\orm\session.py", line 1316, in commit
    self._prepare_impl()
    ~~~~~~~~~~~~~~~~~~^^
  File "<string>", line 2, in _prepare_impl
  File "C:\Users\agust\AppData\Roaming\Python\Python314\site-packages\sqlalchemy\orm\state_changes.py", line 137, in _go
    ret_value = fn(self, *arg, **kw)
  File "C:\Users\agust\AppData\Roaming\Python\Python314\site-packages\sqlalchemy\orm\session.py", line 1290, in _prepare_impl
    self.session.flush()
    ~~~~~~~~~~~~~~~~~~^^
  File "C:\Users\agust\AppData\Roaming\Python\Python314\site-packages\sqlalchemy\orm\session.py", line 4353, in flush
    self._flush(objects)
    ~~~~~~~~~~~^^^^^^^^^
  File "C:\Users\agust\AppData\Roaming\Python\Python314\site-packages\sqlalchemy\orm\session.py", line 4488, in _flush
    with util.safe_reraise():
         ~~~~~~~~~~~~~~~~~^^
  File "C:\Users\agust\AppData\Roaming\Python\Python314\site-packages\sqlalchemy\util\langhelpers.py", line 122, in __exit__
    raise exc_value.with_traceback(exc_tb)
  File "C:\Users\agust\AppData\Roaming\Python\Python314\site-packages\sqlalchemy\orm\session.py", line 4449, in _flush
    flush_context.execute()
    ~~~~~~~~~~~~~~~~~~~~~^^
  File "C:\Users\agust\AppData\Roaming\Python\Python314\site-packages\sqlalchemy\orm\unitofwork.py", line 465, in execute
    rec.execute(self)
    ~~~~~~~~~~~^^^^^^
  File "C:\Users\agust\AppData\Roaming\Python\Python314\site-packages\sqlalchemy\orm\unitofwork.py", line 678, in execute
    util.preloaded.orm_persistence.delete_obj(
    ~~~~~~~~~~~~~~~~~~~~~~~~~~~~~~~~~~~~~~~~~^
        self.mapper,
        ^^^^^^^^^^^^
        uow.states_for_mapper_hierarchy(self.mapper, True, False),
        ^^^^^^^^^^^^^^^^^^^^^^^^^^^^^^^^^^^^^^^^^^^^^^^^^^^^^^^^^^
        uow,
        ^^^^
    )
    ^
  File "C:\Users\agust\AppData\Roaming\Python\Python314\site-packages\sqlalchemy\orm\persistence.py", line 194, in delete_obj
    _emit_delete_statements(
    ~~~~~~~~~~~~~~~~~~~~~~~^
        base_mapper,
        ^^^^^^^^^^^^
    ...<3 lines>...
        delete,
        ^^^^^^^
    )
    ^
  File "C:\Users\agust\AppData\Roaming\Python\Python314\site-packages\sqlalchemy\orm\persistence.py", line 1472, in _emit_delete_statements
    c = connection.execute(
        statement, del_objects, execution_options=execution_options
    )
  File "C:\Users\agust\AppData\Roaming\Python\Python314\site-packages\sqlalchemy\engine\base.py", line 1421, in execute
    return meth(
        self,
        distilled_parameters,
        execution_options or NO_OPTIONS,
    )
  File "C:\Users\agust\AppData\Roaming\Python\Python314\site-packages\sqlalchemy\sql\elements.py", line 526, in _execute_on_connection
    return connection._execute_clauseelement(
           ~~~~~~~~~~~~~~~~~~~~~~~~~~~~~~~~~^
        self, distilled_params, execution_options
        ^^^^^^^^^^^^^^^^^^^^^^^^^^^^^^^^^^^^^^^^^
    )
    ^
  File "C:\Users\agust\AppData\Roaming\Python\Python314\site-packages\sqlalchemy\engine\base.py", line 1643, in _execute_clauseelement
    ret = self._execute_context(
        dialect,
    ...<8 lines>...
        cache_hit=cache_hit,
    )
  File "C:\Users\agust\AppData\Roaming\Python\Python314\site-packages\sqlalchemy\engine\base.py", line 1848, in _execute_context
    return self._exec_single_context(
           ~~~~~~~~~~~~~~~~~~~~~~~~~^
        dialect, context, statement, parameters
        ^^^^^^^^^^^^^^^^^^^^^^^^^^^^^^^^^^^^^^^
    )
    ^
  File "C:\Users\agust\AppData\Roaming\Python\Python314\site-packages\sqlalchemy\engine\base.py", line 1988, in _exec_single_context
    self._handle_dbapi_exception(
    ~~~~~~~~~~~~~~~~~~~~~~~~~~~~^
        e, str_statement, effective_parameters, cursor, context
        ^^^^^^^^^^^^^^^^^^^^^^^^^^^^^^^^^^^^^^^^^^^^^^^^^^^^^^^
    )
    ^
  File "C:\Users\agust\AppData\Roaming\Python\Python314\site-packages\sqlalchemy\engine\base.py", line 2365, in _handle_dbapi_exception
    raise sqlalchemy_exception.with_traceback(exc_info[2]) from e
  File "C:\Users\agust\AppData\Roaming\Python\Python314\site-packages\sqlalchemy\engine\base.py", line 1969, in _exec_single_context
    self.dialect.do_execute(
    ~~~~~~~~~~~~~~~~~~~~~~~^
        cursor, str_statement, effective_parameters, context
        ^^^^^^^^^^^^^^^^^^^^^^^^^^^^^^^^^^^^^^^^^^^^^^^^^^^^
    )
    ^
  File "C:\Users\agust\AppData\Roaming\Python\Python314\site-packages\sqlalchemy\engine\default.py", line 952, in do_execute
    cursor.execute(statement, parameters)
    ~~~~~~~~~~~~~~^^^^^^^^^^^^^^^^^^^^^^^
  File "C:\Users\agust\AppData\Roaming\Python\Python314\site-packages\sqlalchemy\dialects\postgresql\asyncpg.py", line 585, in execute
    self._adapt_connection.await_(
    ~~~~~~~~~~~~~~~~~~~~~~~~~~~~~^
        self._prepare_and_execute(operation, parameters)
        ^^^^^^^^^^^^^^^^^^^^^^^^^^^^^^^^^^^^^^^^^^^^^^^^
    )
    ^
  File "C:\Users\agust\AppData\Roaming\Python\Python314\site-packages\sqlalchemy\util\_concurrency_py3k.py", line 132, in await_only
    return current.parent.switch(awaitable)  # type: ignore[no-any-return,attr-defined] # noqa: E501
           ~~~~~~~~~~~~~~~~~~~~~^^^^^^^^^^^
  File "C:\Users\agust\AppData\Roaming\Python\Python314\site-packages\sqlalchemy\util\_concurrency_py3k.py", line 196, in greenlet_spawn
    value = await result
            ^^^^^^^^^^^^
  File "C:\Users\agust\AppData\Roaming\Python\Python314\site-packages\sqlalchemy\dialects\postgresql\asyncpg.py", line 563, in _prepare_and_execute
    self._handle_exception(error)
    ~~~~~~~~~~~~~~~~~~~~~~^^^^^^^
  File "C:\Users\agust\AppData\Roaming\Python\Python314\site-packages\sqlalchemy\dialects\postgresql\asyncpg.py", line 513, in _handle_exception
    self._adapt_connection._handle_exception(error)
    ~~~~~~~~~~~~~~~~~~~~~~~~~~~~~~~~~~~~~~~~^^^^^^^
  File "C:\Users\agust\AppData\Roaming\Python\Python314\site-packages\sqlalchemy\dialects\postgresql\asyncpg.py", line 797, in _handle_exception
    raise translated_error from error
sqlalchemy.exc.IntegrityError: (sqlalchemy.dialects.postgresql.asyncpg.IntegrityError) <class 'asyncpg.exceptions.ForeignKeyViolationError'>: update or delete on table "campos" violates foreign key constraint "parcelas_nombre_campo_fkey" on table "parcelas"
DETAIL:  Key (nombre_campo)=(CampoTest2) is still referenced from table "parcelas".
[SQL: DELETE FROM campos WHERE campos.nombre_campo = $1::VARCHAR]
[parameters: ('CampoTest2',)]
(Background on this error at: https://sqlalche.me/e/20/gkpj)
Error interno no controlado | path=/api/campos/CampoX | ip=127.0.0.1
Traceback (most recent call last):
  File "C:\Users\agust\AppData\Roaming\Python\Python314\site-packages\sqlalchemy\dialects\postgresql\asyncpg.py", line 550, in _prepare_and_execute
    self._rows = deque(await prepared_stmt.fetch(*parameters))
                       ^^^^^^^^^^^^^^^^^^^^^^^^^^^^^^^^^^^^^^
  File "C:\Users\agust\AppData\Roaming\Python\Python314\site-packages\asyncpg\prepared_stmt.py", line 177, in fetch
    data = await self.__bind_execute(args, 0, timeout)
           ^^^^^^^^^^^^^^^^^^^^^^^^^^^^^^^^^^^^^^^^^^^
  File "C:\Users\agust\AppData\Roaming\Python\Python314\site-packages\asyncpg\prepared_stmt.py", line 268, in __bind_execute
    data, status, _ = await self.__do_execute(
                      ^^^^^^^^^^^^^^^^^^^^^^^^
        lambda protocol: protocol.bind_execute(
        ^^^^^^^^^^^^^^^^^^^^^^^^^^^^^^^^^^^^^^^
            self._state, args, '', limit, True, timeout))
            ^^^^^^^^^^^^^^^^^^^^^^^^^^^^^^^^^^^^^^^^^^^^^
  File "C:\Users\agust\AppData\Roaming\Python\Python314\site-packages\asyncpg\prepared_stmt.py", line 257, in __do_execute
    return await executor(protocol)
           ^^^^^^^^^^^^^^^^^^^^^^^^
  File "asyncpg/protocol/protocol.pyx", line 205, in bind_execute
asyncpg.exceptions.ForeignKeyViolationError: update or delete on table "campos" violates foreign key constraint "parcelas_nombre_campo_fkey" on table "parcelas"
DETAIL:  Key (nombre_campo)=(CampoX) is still referenced from table "parcelas".

The above exception was the direct cause of the following exception:

Traceback (most recent call last):
  File "C:\Users\agust\AppData\Roaming\Python\Python314\site-packages\sqlalchemy\engine\base.py", line 1969, in _exec_single_context
    self.dialect.do_execute(
    ~~~~~~~~~~~~~~~~~~~~~~~^
        cursor, str_statement, effective_parameters, context
        ^^^^^^^^^^^^^^^^^^^^^^^^^^^^^^^^^^^^^^^^^^^^^^^^^^^^
    )
    ^
  File "C:\Users\agust\AppData\Roaming\Python\Python314\site-packages\sqlalchemy\engine\default.py", line 952, in do_execute
    cursor.execute(statement, parameters)
    ~~~~~~~~~~~~~~^^^^^^^^^^^^^^^^^^^^^^^
  File "C:\Users\agust\AppData\Roaming\Python\Python314\site-packages\sqlalchemy\dialects\postgresql\asyncpg.py", line 585, in execute
    self._adapt_connection.await_(
    ~~~~~~~~~~~~~~~~~~~~~~~~~~~~~^
        self._prepare_and_execute(operation, parameters)
        ^^^^^^^^^^^^^^^^^^^^^^^^^^^^^^^^^^^^^^^^^^^^^^^^
    )
    ^
  File "C:\Users\agust\AppData\Roaming\Python\Python314\site-packages\sqlalchemy\util\_concurrency_py3k.py", line 132, in await_only
    return current.parent.switch(awaitable)  # type: ignore[no-any-return,attr-defined] # noqa: E501
           ~~~~~~~~~~~~~~~~~~~~~^^^^^^^^^^^
  File "C:\Users\agust\AppData\Roaming\Python\Python314\site-packages\sqlalchemy\util\_concurrency_py3k.py", line 196, in greenlet_spawn
    value = await result
            ^^^^^^^^^^^^
  File "C:\Users\agust\AppData\Roaming\Python\Python314\site-packages\sqlalchemy\dialects\postgresql\asyncpg.py", line 563, in _prepare_and_execute
    self._handle_exception(error)
    ~~~~~~~~~~~~~~~~~~~~~~^^^^^^^
  File "C:\Users\agust\AppData\Roaming\Python\Python314\site-packages\sqlalchemy\dialects\postgresql\asyncpg.py", line 513, in _handle_exception
    self._adapt_connection._handle_exception(error)
    ~~~~~~~~~~~~~~~~~~~~~~~~~~~~~~~~~~~~~~~~^^^^^^^
  File "C:\Users\agust\AppData\Roaming\Python\Python314\site-packages\sqlalchemy\dialects\postgresql\asyncpg.py", line 797, in _handle_exception
    raise translated_error from error
sqlalchemy.dialects.postgresql.asyncpg.AsyncAdapt_asyncpg_dbapi.IntegrityError: <class 'asyncpg.exceptions.ForeignKeyViolationError'>: update or delete on table "campos" violates foreign key constraint "parcelas_nombre_campo_fkey" on table "parcelas"
DETAIL:  Key (nombre_campo)=(CampoX) is still referenced from table "parcelas".

The above exception was the direct cause of the following exception:

Traceback (most recent call last):
  File "C:\Users\agust\AppData\Roaming\Python\Python314\site-packages\starlette\middleware\errors.py", line 164, in __call__
    await self.app(scope, receive, _send)
  File "C:\Users\agust\AppData\Roaming\Python\Python314\site-packages\starlette\middleware\exceptions.py", line 63, in __call__
    await wrap_app_handling_exceptions(self.app, conn)(scope, receive, send)
  File "C:\Users\agust\AppData\Roaming\Python\Python314\site-packages\starlette\_exception_handler.py", line 53, in wrapped_app
    raise exc
  File "C:\Users\agust\AppData\Roaming\Python\Python314\site-packages\starlette\_exception_handler.py", line 42, in wrapped_app
    await app(scope, receive, sender)
  File "C:\Users\agust\AppData\Roaming\Python\Python314\site-packages\fastapi\middleware\asyncexitstack.py", line 18, in __call__
    await self.app(scope, receive, send)
  File "C:\Users\agust\AppData\Roaming\Python\Python314\site-packages\starlette\routing.py", line 660, in __call__
    await self.middleware_stack(scope, receive, send)
  File "C:\Users\agust\AppData\Roaming\Python\Python314\site-packages\fastapi\routing.py", line 2531, in app
    await route.handle(scope, receive, send)
  File "C:\Users\agust\AppData\Roaming\Python\Python314\site-packages\fastapi\routing.py", line 1700, in handle
    await self.original_router.handle(scope, receive, send)
  File "C:\Users\agust\AppData\Roaming\Python\Python314\site-packages\fastapi\routing.py", line 2586, in handle
    await included_router._handle_selected(scope, receive, send)
  File "C:\Users\agust\AppData\Roaming\Python\Python314\site-packages\fastapi\routing.py", line 1720, in _handle_selected
    await original_route.handle(scope, receive, send)
  File "C:\Users\agust\AppData\Roaming\Python\Python314\site-packages\fastapi\routing.py", line 1239, in handle
    await app(scope, receive, send)
  File "C:\Users\agust\AppData\Roaming\Python\Python314\site-packages\fastapi\routing.py", line 150, in app
    await wrap_app_handling_exceptions(app, request)(scope, receive, send)
  File "C:\Users\agust\AppData\Roaming\Python\Python314\site-packages\starlette\_exception_handler.py", line 53, in wrapped_app
    raise exc
  File "C:\Users\agust\AppData\Roaming\Python\Python314\site-packages\starlette\_exception_handler.py", line 42, in wrapped_app
    await app(scope, receive, sender)
  File "C:\Users\agust\AppData\Roaming\Python\Python314\site-packages\fastapi\routing.py", line 136, in app
    response = await f(request)
               ^^^^^^^^^^^^^^^^
  File "C:\Users\agust\AppData\Roaming\Python\Python314\site-packages\fastapi\routing.py", line 690, in app
    raw_response = await run_endpoint_function(
                   ^^^^^^^^^^^^^^^^^^^^^^^^^^^^
    ...<3 lines>...
    )
    ^
  File "C:\Users\agust\AppData\Roaming\Python\Python314\site-packages\fastapi\routing.py", line 344, in run_endpoint_function
    return await dependant.call(**values)
           ^^^^^^^^^^^^^^^^^^^^^^^^^^^^^^
  File "X:\Arqui\AgroTech\src\modules\data_api\router.py", line 334, in delete_campo
    async with db.begin():
               ~~~~~~~~^^
  File "C:\Users\agust\AppData\Roaming\Python\Python314\site-packages\sqlalchemy\ext\asyncio\session.py", line 1886, in __aexit__
    await greenlet_spawn(
        self._sync_transaction().__exit__, type_, value, traceback
    )
  File "C:\Users\agust\AppData\Roaming\Python\Python314\site-packages\sqlalchemy\util\_concurrency_py3k.py", line 203, in greenlet_spawn
    result = context.switch(value)
  File "C:\Users\agust\AppData\Roaming\Python\Python314\site-packages\sqlalchemy\engine\util.py", line 147, in __exit__
    with util.safe_reraise():
         ~~~~~~~~~~~~~~~~~^^
  File "C:\Users\agust\AppData\Roaming\Python\Python314\site-packages\sqlalchemy\util\langhelpers.py", line 122, in __exit__
    raise exc_value.with_traceback(exc_tb)
  File "C:\Users\agust\AppData\Roaming\Python\Python314\site-packages\sqlalchemy\engine\util.py", line 145, in __exit__
    self.commit()
    ~~~~~~~~~~~^^
  File "<string>", line 2, in commit
  File "C:\Users\agust\AppData\Roaming\Python\Python314\site-packages\sqlalchemy\orm\state_changes.py", line 137, in _go
    ret_value = fn(self, *arg, **kw)
  File "C:\Users\agust\AppData\Roaming\Python\Python314\site-packages\sqlalchemy\orm\session.py", line 1316, in commit
    self._prepare_impl()
    ~~~~~~~~~~~~~~~~~~^^
  File "<string>", line 2, in _prepare_impl
  File "C:\Users\agust\AppData\Roaming\Python\Python314\site-packages\sqlalchemy\orm\state_changes.py", line 137, in _go
    ret_value = fn(self, *arg, **kw)
  File "C:\Users\agust\AppData\Roaming\Python\Python314\site-packages\sqlalchemy\orm\session.py", line 1290, in _prepare_impl
    self.session.flush()
    ~~~~~~~~~~~~~~~~~~^^
  File "C:\Users\agust\AppData\Roaming\Python\Python314\site-packages\sqlalchemy\orm\session.py", line 4353, in flush
    self._flush(objects)
    ~~~~~~~~~~~^^^^^^^^^
  File "C:\Users\agust\AppData\Roaming\Python\Python314\site-packages\sqlalchemy\orm\session.py", line 4488, in _flush
    with util.safe_reraise():
         ~~~~~~~~~~~~~~~~~^^
  File "C:\Users\agust\AppData\Roaming\Python\Python314\site-packages\sqlalchemy\util\langhelpers.py", line 122, in __exit__
    raise exc_value.with_traceback(exc_tb)
  File "C:\Users\agust\AppData\Roaming\Python\Python314\site-packages\sqlalchemy\orm\session.py", line 4449, in _flush
    flush_context.execute()
    ~~~~~~~~~~~~~~~~~~~~~^^
  File "C:\Users\agust\AppData\Roaming\Python\Python314\site-packages\sqlalchemy\orm\unitofwork.py", line 465, in execute
    rec.execute(self)
    ~~~~~~~~~~~^^^^^^
  File "C:\Users\agust\AppData\Roaming\Python\Python314\site-packages\sqlalchemy\orm\unitofwork.py", line 678, in execute
    util.preloaded.orm_persistence.delete_obj(
    ~~~~~~~~~~~~~~~~~~~~~~~~~~~~~~~~~~~~~~~~~^
        self.mapper,
        ^^^^^^^^^^^^
        uow.states_for_mapper_hierarchy(self.mapper, True, False),
        ^^^^^^^^^^^^^^^^^^^^^^^^^^^^^^^^^^^^^^^^^^^^^^^^^^^^^^^^^^
        uow,
        ^^^^
    )
    ^
  File "C:\Users\agust\AppData\Roaming\Python\Python314\site-packages\sqlalchemy\orm\persistence.py", line 194, in delete_obj
    _emit_delete_statements(
    ~~~~~~~~~~~~~~~~~~~~~~~^
        base_mapper,
        ^^^^^^^^^^^^
    ...<3 lines>...
        delete,
        ^^^^^^^
    )
    ^
  File "C:\Users\agust\AppData\Roaming\Python\Python314\site-packages\sqlalchemy\orm\persistence.py", line 1472, in _emit_delete_statements
    c = connection.execute(
        statement, del_objects, execution_options=execution_options
    )
  File "C:\Users\agust\AppData\Roaming\Python\Python314\site-packages\sqlalchemy\engine\base.py", line 1421, in execute
    return meth(
        self,
        distilled_parameters,
        execution_options or NO_OPTIONS,
    )
  File "C:\Users\agust\AppData\Roaming\Python\Python314\site-packages\sqlalchemy\sql\elements.py", line 526, in _execute_on_connection
    return connection._execute_clauseelement(
           ~~~~~~~~~~~~~~~~~~~~~~~~~~~~~~~~~^
        self, distilled_params, execution_options
        ^^^^^^^^^^^^^^^^^^^^^^^^^^^^^^^^^^^^^^^^^
    )
    ^
  File "C:\Users\agust\AppData\Roaming\Python\Python314\site-packages\sqlalchemy\engine\base.py", line 1643, in _execute_clauseelement
    ret = self._execute_context(
        dialect,
    ...<8 lines>...
        cache_hit=cache_hit,
    )
  File "C:\Users\agust\AppData\Roaming\Python\Python314\site-packages\sqlalchemy\engine\base.py", line 1848, in _execute_context
    return self._exec_single_context(
           ~~~~~~~~~~~~~~~~~~~~~~~~~^
        dialect, context, statement, parameters
        ^^^^^^^^^^^^^^^^^^^^^^^^^^^^^^^^^^^^^^^
    )
    ^
  File "C:\Users\agust\AppData\Roaming\Python\Python314\site-packages\sqlalchemy\engine\base.py", line 1988, in _exec_single_context
    self._handle_dbapi_exception(
    ~~~~~~~~~~~~~~~~~~~~~~~~~~~~^
        e, str_statement, effective_parameters, cursor, context
        ^^^^^^^^^^^^^^^^^^^^^^^^^^^^^^^^^^^^^^^^^^^^^^^^^^^^^^^
    )
    ^
  File "C:\Users\agust\AppData\Roaming\Python\Python314\site-packages\sqlalchemy\engine\base.py", line 2365, in _handle_dbapi_exception
    raise sqlalchemy_exception.with_traceback(exc_info[2]) from e
  File "C:\Users\agust\AppData\Roaming\Python\Python314\site-packages\sqlalchemy\engine\base.py", line 1969, in _exec_single_context
    self.dialect.do_execute(
    ~~~~~~~~~~~~~~~~~~~~~~~^
        cursor, str_statement, effective_parameters, context
        ^^^^^^^^^^^^^^^^^^^^^^^^^^^^^^^^^^^^^^^^^^^^^^^^^^^^
    )
    ^
  File "C:\Users\agust\AppData\Roaming\Python\Python314\site-packages\sqlalchemy\engine\default.py", line 952, in do_execute
    cursor.execute(statement, parameters)
    ~~~~~~~~~~~~~~^^^^^^^^^^^^^^^^^^^^^^^
  File "C:\Users\agust\AppData\Roaming\Python\Python314\site-packages\sqlalchemy\dialects\postgresql\asyncpg.py", line 585, in execute
    self._adapt_connection.await_(
    ~~~~~~~~~~~~~~~~~~~~~~~~~~~~~^
        self._prepare_and_execute(operation, parameters)
        ^^^^^^^^^^^^^^^^^^^^^^^^^^^^^^^^^^^^^^^^^^^^^^^^
    )
    ^
  File "C:\Users\agust\AppData\Roaming\Python\Python314\site-packages\sqlalchemy\util\_concurrency_py3k.py", line 132, in await_only
    return current.parent.switch(awaitable)  # type: ignore[no-any-return,attr-defined] # noqa: E501
           ~~~~~~~~~~~~~~~~~~~~~^^^^^^^^^^^
  File "C:\Users\agust\AppData\Roaming\Python\Python314\site-packages\sqlalchemy\util\_concurrency_py3k.py", line 196, in greenlet_spawn
    value = await result
            ^^^^^^^^^^^^
  File "C:\Users\agust\AppData\Roaming\Python\Python314\site-packages\sqlalchemy\dialects\postgresql\asyncpg.py", line 563, in _prepare_and_execute
    self._handle_exception(error)
    ~~~~~~~~~~~~~~~~~~~~~~^^^^^^^
  File "C:\Users\agust\AppData\Roaming\Python\Python314\site-packages\sqlalchemy\dialects\postgresql\asyncpg.py", line 513, in _handle_exception
    self._adapt_connection._handle_exception(error)
    ~~~~~~~~~~~~~~~~~~~~~~~~~~~~~~~~~~~~~~~~^^^^^^^
  File "C:\Users\agust\AppData\Roaming\Python\Python314\site-packages\sqlalchemy\dialects\postgresql\asyncpg.py", line 797, in _handle_exception
    raise translated_error from error
sqlalchemy.exc.IntegrityError: (sqlalchemy.dialects.postgresql.asyncpg.IntegrityError) <class 'asyncpg.exceptions.ForeignKeyViolationError'>: update or delete on table "campos" violates foreign key constraint "parcelas_nombre_campo_fkey" on table "parcelas"
DETAIL:  Key (nombre_campo)=(CampoX) is still referenced from table "parcelas".
[SQL: DELETE FROM campos WHERE campos.nombre_campo = $1::VARCHAR]
[parameters: ('CampoX',)]
(Background on this error at: https://sqlalche.me/e/20/gkpj)
ERROR:    Exception in ASGI application
Traceback (most recent call last):
  File "C:\Users\agust\AppData\Roaming\Python\Python314\site-packages\sqlalchemy\dialects\postgresql\asyncpg.py", line 550, in _prepare_and_execute
    self._rows = deque(await prepared_stmt.fetch(*parameters))
                       ^^^^^^^^^^^^^^^^^^^^^^^^^^^^^^^^^^^^^^
  File "C:\Users\agust\AppData\Roaming\Python\Python314\site-packages\asyncpg\prepared_stmt.py", line 177, in fetch
    data = await self.__bind_execute(args, 0, timeout)
           ^^^^^^^^^^^^^^^^^^^^^^^^^^^^^^^^^^^^^^^^^^^
  File "C:\Users\agust\AppData\Roaming\Python\Python314\site-packages\asyncpg\prepared_stmt.py", line 268, in __bind_execute
    data, status, _ = await self.__do_execute(
                      ^^^^^^^^^^^^^^^^^^^^^^^^
        lambda protocol: protocol.bind_execute(
        ^^^^^^^^^^^^^^^^^^^^^^^^^^^^^^^^^^^^^^^
            self._state, args, '', limit, True, timeout))
            ^^^^^^^^^^^^^^^^^^^^^^^^^^^^^^^^^^^^^^^^^^^^^
  File "C:\Users\agust\AppData\Roaming\Python\Python314\site-packages\asyncpg\prepared_stmt.py", line 257, in __do_execute
    return await executor(protocol)
           ^^^^^^^^^^^^^^^^^^^^^^^^
  File "asyncpg/protocol/protocol.pyx", line 205, in bind_execute
asyncpg.exceptions.ForeignKeyViolationError: update or delete on table "campos" violates foreign key constraint "parcelas_nombre_campo_fkey" on table "parcelas"
DETAIL:  Key (nombre_campo)=(CampoX) is still referenced from table "parcelas".

The above exception was the direct cause of the following exception:

Traceback (most recent call last):
  File "C:\Users\agust\AppData\Roaming\Python\Python314\site-packages\sqlalchemy\engine\base.py", line 1969, in _exec_single_context
    self.dialect.do_execute(
    ~~~~~~~~~~~~~~~~~~~~~~~^
        cursor, str_statement, effective_parameters, context
        ^^^^^^^^^^^^^^^^^^^^^^^^^^^^^^^^^^^^^^^^^^^^^^^^^^^^
    )
    ^
  File "C:\Users\agust\AppData\Roaming\Python\Python314\site-packages\sqlalchemy\engine\default.py", line 952, in do_execute
    cursor.execute(statement, parameters)
    ~~~~~~~~~~~~~~^^^^^^^^^^^^^^^^^^^^^^^
  File "C:\Users\agust\AppData\Roaming\Python\Python314\site-packages\sqlalchemy\dialects\postgresql\asyncpg.py", line 585, in execute
    self._adapt_connection.await_(
    ~~~~~~~~~~~~~~~~~~~~~~~~~~~~~^
        self._prepare_and_execute(operation, parameters)
        ^^^^^^^^^^^^^^^^^^^^^^^^^^^^^^^^^^^^^^^^^^^^^^^^
    )
    ^
  File "C:\Users\agust\AppData\Roaming\Python\Python314\site-packages\sqlalchemy\util\_concurrency_py3k.py", line 132, in await_only
    return current.parent.switch(awaitable)  # type: ignore[no-any-return,attr-defined] # noqa: E501
           ~~~~~~~~~~~~~~~~~~~~~^^^^^^^^^^^
  File "C:\Users\agust\AppData\Roaming\Python\Python314\site-packages\sqlalchemy\util\_concurrency_py3k.py", line 196, in greenlet_spawn
    value = await result
            ^^^^^^^^^^^^
  File "C:\Users\agust\AppData\Roaming\Python\Python314\site-packages\sqlalchemy\dialects\postgresql\asyncpg.py", line 563, in _prepare_and_execute
    self._handle_exception(error)
    ~~~~~~~~~~~~~~~~~~~~~~^^^^^^^
  File "C:\Users\agust\AppData\Roaming\Python\Python314\site-packages\sqlalchemy\dialects\postgresql\asyncpg.py", line 513, in _handle_exception
    self._adapt_connection._handle_exception(error)
    ~~~~~~~~~~~~~~~~~~~~~~~~~~~~~~~~~~~~~~~~^^^^^^^
  File "C:\Users\agust\AppData\Roaming\Python\Python314\site-packages\sqlalchemy\dialects\postgresql\asyncpg.py", line 797, in _handle_exception
    raise translated_error from error
sqlalchemy.dialects.postgresql.asyncpg.AsyncAdapt_asyncpg_dbapi.IntegrityError: <class 'asyncpg.exceptions.ForeignKeyViolationError'>: update or delete on table "campos" violates foreign key constraint "parcelas_nombre_campo_fkey" on table "parcelas"
DETAIL:  Key (nombre_campo)=(CampoX) is still referenced from table "parcelas".

The above exception was the direct cause of the following exception:

Traceback (most recent call last):
  File "C:\Users\agust\AppData\Roaming\Python\Python314\site-packages\uvicorn\protocols\http\httptools_impl.py", line 421, in run_asgi
    result = await app(  # type: ignore[func-returns-value]
             ^^^^^^^^^^^^^^^^^^^^^^^^^^^^^^^^^^^^^^^^^^^^^^
        self.scope, self.receive, self.send
        ^^^^^^^^^^^^^^^^^^^^^^^^^^^^^^^^^^^
    )
    ^
  File "C:\Users\agust\AppData\Roaming\Python\Python314\site-packages\uvicorn\middleware\proxy_headers.py", line 62, in __call__
    return await self.app(scope, receive, send)
           ^^^^^^^^^^^^^^^^^^^^^^^^^^^^^^^^^^^^
  File "C:\Users\agust\AppData\Roaming\Python\Python314\site-packages\fastapi\applications.py", line 1163, in __call__
    await super().__call__(scope, receive, send)
  File "C:\Users\agust\AppData\Roaming\Python\Python314\site-packages\starlette\applications.py", line 90, in __call__
    await self.middleware_stack(scope, receive, send)
  File "C:\Users\agust\AppData\Roaming\Python\Python314\site-packages\starlette\middleware\errors.py", line 186, in __call__
    raise exc
  File "C:\Users\agust\AppData\Roaming\Python\Python314\site-packages\starlette\middleware\errors.py", line 164, in __call__
    await self.app(scope, receive, _send)
  File "C:\Users\agust\AppData\Roaming\Python\Python314\site-packages\starlette\middleware\exceptions.py", line 63, in __call__
    await wrap_app_handling_exceptions(self.app, conn)(scope, receive, send)
  File "C:\Users\agust\AppData\Roaming\Python\Python314\site-packages\starlette\_exception_handler.py", line 53, in wrapped_app
    raise exc
  File "C:\Users\agust\AppData\Roaming\Python\Python314\site-packages\starlette\_exception_handler.py", line 42, in wrapped_app
    await app(scope, receive, sender)
  File "C:\Users\agust\AppData\Roaming\Python\Python314\site-packages\fastapi\middleware\asyncexitstack.py", line 18, in __call__
    await self.app(scope, receive, send)
  File "C:\Users\agust\AppData\Roaming\Python\Python314\site-packages\starlette\routing.py", line 660, in __call__
    await self.middleware_stack(scope, receive, send)
  File "C:\Users\agust\AppData\Roaming\Python\Python314\site-packages\fastapi\routing.py", line 2531, in app
    await route.handle(scope, receive, send)
  File "C:\Users\agust\AppData\Roaming\Python\Python314\site-packages\fastapi\routing.py", line 1700, in handle
    await self.original_router.handle(scope, receive, send)
  File "C:\Users\agust\AppData\Roaming\Python\Python314\site-packages\fastapi\routing.py", line 2586, in handle
    await included_router._handle_selected(scope, receive, send)
  File "C:\Users\agust\AppData\Roaming\Python\Python314\site-packages\fastapi\routing.py", line 1720, in _handle_selected
    await original_route.handle(scope, receive, send)
  File "C:\Users\agust\AppData\Roaming\Python\Python314\site-packages\fastapi\routing.py", line 1239, in handle
    await app(scope, receive, send)
  File "C:\Users\agust\AppData\Roaming\Python\Python314\site-packages\fastapi\routing.py", line 150, in app
    await wrap_app_handling_exceptions(app, request)(scope, receive, send)
  File "C:\Users\agust\AppData\Roaming\Python\Python314\site-packages\starlette\_exception_handler.py", line 53, in wrapped_app
    raise exc
  File "C:\Users\agust\AppData\Roaming\Python\Python314\site-packages\starlette\_exception_handler.py", line 42, in wrapped_app
    await app(scope, receive, sender)
  File "C:\Users\agust\AppData\Roaming\Python\Python314\site-packages\fastapi\routing.py", line 136, in app
    response = await f(request)
               ^^^^^^^^^^^^^^^^
  File "C:\Users\agust\AppData\Roaming\Python\Python314\site-packages\fastapi\routing.py", line 690, in app
    raw_response = await run_endpoint_function(
                   ^^^^^^^^^^^^^^^^^^^^^^^^^^^^
    ...<3 lines>...
    )
    ^
  File "C:\Users\agust\AppData\Roaming\Python\Python314\site-packages\fastapi\routing.py", line 344, in run_endpoint_function
    return await dependant.call(**values)
           ^^^^^^^^^^^^^^^^^^^^^^^^^^^^^^
  File "X:\Arqui\AgroTech\src\modules\data_api\router.py", line 334, in delete_campo
    async with db.begin():
               ~~~~~~~~^^
  File "C:\Users\agust\AppData\Roaming\Python\Python314\site-packages\sqlalchemy\ext\asyncio\session.py", line 1886, in __aexit__
    await greenlet_spawn(
        self._sync_transaction().__exit__, type_, value, traceback
    )
  File "C:\Users\agust\AppData\Roaming\Python\Python314\site-packages\sqlalchemy\util\_concurrency_py3k.py", line 203, in greenlet_spawn
    result = context.switch(value)
  File "C:\Users\agust\AppData\Roaming\Python\Python314\site-packages\sqlalchemy\engine\util.py", line 147, in __exit__
    with util.safe_reraise():
         ~~~~~~~~~~~~~~~~~^^
  File "C:\Users\agust\AppData\Roaming\Python\Python314\site-packages\sqlalchemy\util\langhelpers.py", line 122, in __exit__
    raise exc_value.with_traceback(exc_tb)
  File "C:\Users\agust\AppData\Roaming\Python\Python314\site-packages\sqlalchemy\engine\util.py", line 145, in __exit__
    self.commit()
    ~~~~~~~~~~~^^
  File "<string>", line 2, in commit
  File "C:\Users\agust\AppData\Roaming\Python\Python314\site-packages\sqlalchemy\orm\state_changes.py", line 137, in _go
    ret_value = fn(self, *arg, **kw)
  File "C:\Users\agust\AppData\Roaming\Python\Python314\site-packages\sqlalchemy\orm\session.py", line 1316, in commit
    self._prepare_impl()
    ~~~~~~~~~~~~~~~~~~^^
  File "<string>", line 2, in _prepare_impl
  File "C:\Users\agust\AppData\Roaming\Python\Python314\site-packages\sqlalchemy\orm\state_changes.py", line 137, in _go
    ret_value = fn(self, *arg, **kw)
  File "C:\Users\agust\AppData\Roaming\Python\Python314\site-packages\sqlalchemy\orm\session.py", line 1290, in _prepare_impl
    self.session.flush()
    ~~~~~~~~~~~~~~~~~~^^
  File "C:\Users\agust\AppData\Roaming\Python\Python314\site-packages\sqlalchemy\orm\session.py", line 4353, in flush
    self._flush(objects)
    ~~~~~~~~~~~^^^^^^^^^
  File "C:\Users\agust\AppData\Roaming\Python\Python314\site-packages\sqlalchemy\orm\session.py", line 4488, in _flush
    with util.safe_reraise():
         ~~~~~~~~~~~~~~~~~^^
  File "C:\Users\agust\AppData\Roaming\Python\Python314\site-packages\sqlalchemy\util\langhelpers.py", line 122, in __exit__
    raise exc_value.with_traceback(exc_tb)
  File "C:\Users\agust\AppData\Roaming\Python\Python314\site-packages\sqlalchemy\orm\session.py", line 4449, in _flush
    flush_context.execute()
    ~~~~~~~~~~~~~~~~~~~~~^^
  File "C:\Users\agust\AppData\Roaming\Python\Python314\site-packages\sqlalchemy\orm\unitofwork.py", line 465, in execute
    rec.execute(self)
    ~~~~~~~~~~~^^^^^^
  File "C:\Users\agust\AppData\Roaming\Python\Python314\site-packages\sqlalchemy\orm\unitofwork.py", line 678, in execute
    util.preloaded.orm_persistence.delete_obj(
    ~~~~~~~~~~~~~~~~~~~~~~~~~~~~~~~~~~~~~~~~~^
        self.mapper,
        ^^^^^^^^^^^^
        uow.states_for_mapper_hierarchy(self.mapper, True, False),
        ^^^^^^^^^^^^^^^^^^^^^^^^^^^^^^^^^^^^^^^^^^^^^^^^^^^^^^^^^^
        uow,
        ^^^^
    )
    ^
  File "C:\Users\agust\AppData\Roaming\Python\Python314\site-packages\sqlalchemy\orm\persistence.py", line 194, in delete_obj
    _emit_delete_statements(
    ~~~~~~~~~~~~~~~~~~~~~~~^
        base_mapper,
        ^^^^^^^^^^^^
    ...<3 lines>...
        delete,
        ^^^^^^^
    )
    ^
  File "C:\Users\agust\AppData\Roaming\Python\Python314\site-packages\sqlalchemy\orm\persistence.py", line 1472, in _emit_delete_statements
    c = connection.execute(
        statement, del_objects, execution_options=execution_options
    )
  File "C:\Users\agust\AppData\Roaming\Python\Python314\site-packages\sqlalchemy\engine\base.py", line 1421, in execute
    return meth(
        self,
        distilled_parameters,
        execution_options or NO_OPTIONS,
    )
  File "C:\Users\agust\AppData\Roaming\Python\Python314\site-packages\sqlalchemy\sql\elements.py", line 526, in _execute_on_connection
    return connection._execute_clauseelement(
           ~~~~~~~~~~~~~~~~~~~~~~~~~~~~~~~~~^
        self, distilled_params, execution_options
        ^^^^^^^^^^^^^^^^^^^^^^^^^^^^^^^^^^^^^^^^^
    )
    ^
  File "C:\Users\agust\AppData\Roaming\Python\Python314\site-packages\sqlalchemy\engine\base.py", line 1643, in _execute_clauseelement
    ret = self._execute_context(
        dialect,
    ...<8 lines>...
        cache_hit=cache_hit,
    )
  File "C:\Users\agust\AppData\Roaming\Python\Python314\site-packages\sqlalchemy\engine\base.py", line 1848, in _execute_context
    return self._exec_single_context(
           ~~~~~~~~~~~~~~~~~~~~~~~~~^
        dialect, context, statement, parameters
        ^^^^^^^^^^^^^^^^^^^^^^^^^^^^^^^^^^^^^^^
    )
    ^
  File "C:\Users\agust\AppData\Roaming\Python\Python314\site-packages\sqlalchemy\engine\base.py", line 1988, in _exec_single_context
    self._handle_dbapi_exception(
    ~~~~~~~~~~~~~~~~~~~~~~~~~~~~^
        e, str_statement, effective_parameters, cursor, context
        ^^^^^^^^^^^^^^^^^^^^^^^^^^^^^^^^^^^^^^^^^^^^^^^^^^^^^^^
    )
    ^
  File "C:\Users\agust\AppData\Roaming\Python\Python314\site-packages\sqlalchemy\engine\base.py", line 2365, in _handle_dbapi_exception
    raise sqlalchemy_exception.with_traceback(exc_info[2]) from e
  File "C:\Users\agust\AppData\Roaming\Python\Python314\site-packages\sqlalchemy\engine\base.py", line 1969, in _exec_single_context
    self.dialect.do_execute(
    ~~~~~~~~~~~~~~~~~~~~~~~^
        cursor, str_statement, effective_parameters, context
        ^^^^^^^^^^^^^^^^^^^^^^^^^^^^^^^^^^^^^^^^^^^^^^^^^^^^
    )
    ^
  File "C:\Users\agust\AppData\Roaming\Python\Python314\site-packages\sqlalchemy\engine\default.py", line 952, in do_execute
    cursor.execute(statement, parameters)
    ~~~~~~~~~~~~~~^^^^^^^^^^^^^^^^^^^^^^^
  File "C:\Users\agust\AppData\Roaming\Python\Python314\site-packages\sqlalchemy\dialects\postgresql\asyncpg.py", line 585, in execute
    self._adapt_connection.await_(
    ~~~~~~~~~~~~~~~~~~~~~~~~~~~~~^
        self._prepare_and_execute(operation, parameters)
        ^^^^^^^^^^^^^^^^^^^^^^^^^^^^^^^^^^^^^^^^^^^^^^^^
    )
    ^
  File "C:\Users\agust\AppData\Roaming\Python\Python314\site-packages\sqlalchemy\util\_concurrency_py3k.py", line 132, in await_only
    return current.parent.switch(awaitable)  # type: ignore[no-any-return,attr-defined] # noqa: E501
           ~~~~~~~~~~~~~~~~~~~~~^^^^^^^^^^^
  File "C:\Users\agust\AppData\Roaming\Python\Python314\site-packages\sqlalchemy\util\_concurrency_py3k.py", line 196, in greenlet_spawn
    value = await result
            ^^^^^^^^^^^^
  File "C:\Users\agust\AppData\Roaming\Python\Python314\site-packages\sqlalchemy\dialects\postgresql\asyncpg.py", line 563, in _prepare_and_execute
    self._handle_exception(error)
    ~~~~~~~~~~~~~~~~~~~~~~^^^^^^^
  File "C:\Users\agust\AppData\Roaming\Python\Python314\site-packages\sqlalchemy\dialects\postgresql\asyncpg.py", line 513, in _handle_exception
    self._adapt_connection._handle_exception(error)
    ~~~~~~~~~~~~~~~~~~~~~~~~~~~~~~~~~~~~~~~~^^^^^^^
  File "C:\Users\agust\AppData\Roaming\Python\Python314\site-packages\sqlalchemy\dialects\postgresql\asyncpg.py", line 797, in _handle_exception
    raise translated_error from error
sqlalchemy.exc.IntegrityError: (sqlalchemy.dialects.postgresql.asyncpg.IntegrityError) <class 'asyncpg.exceptions.ForeignKeyViolationError'>: update or delete on table "campos" violates foreign key constraint "parcelas_nombre_campo_fkey" on table "parcelas"
DETAIL:  Key (nombre_campo)=(CampoX) is still referenced from table "parcelas".
[SQL: DELETE FROM campos WHERE campos.nombre_campo = $1::VARCHAR]
[parameters: ('CampoX',)]
(Background on this error at: https://sqlalche.me/e/20/gkpj)
Error interno no controlado | path=/api/campos/CampoX | ip=127.0.0.1
Traceback (most recent call last):
  File "C:\Users\agust\AppData\Roaming\Python\Python314\site-packages\sqlalchemy\dialects\postgresql\asyncpg.py", line 550, in _prepare_and_execute
    self._rows = deque(await prepared_stmt.fetch(*parameters))
                       ^^^^^^^^^^^^^^^^^^^^^^^^^^^^^^^^^^^^^^
  File "C:\Users\agust\AppData\Roaming\Python\Python314\site-packages\asyncpg\prepared_stmt.py", line 177, in fetch
    data = await self.__bind_execute(args, 0, timeout)
           ^^^^^^^^^^^^^^^^^^^^^^^^^^^^^^^^^^^^^^^^^^^
  File "C:\Users\agust\AppData\Roaming\Python\Python314\site-packages\asyncpg\prepared_stmt.py", line 268, in __bind_execute
    data, status, _ = await self.__do_execute(
                      ^^^^^^^^^^^^^^^^^^^^^^^^
        lambda protocol: protocol.bind_execute(
        ^^^^^^^^^^^^^^^^^^^^^^^^^^^^^^^^^^^^^^^
            self._state, args, '', limit, True, timeout))
            ^^^^^^^^^^^^^^^^^^^^^^^^^^^^^^^^^^^^^^^^^^^^^
  File "C:\Users\agust\AppData\Roaming\Python\Python314\site-packages\asyncpg\prepared_stmt.py", line 257, in __do_execute
    return await executor(protocol)
           ^^^^^^^^^^^^^^^^^^^^^^^^
  File "asyncpg/protocol/protocol.pyx", line 205, in bind_execute
asyncpg.exceptions.ForeignKeyViolationError: update or delete on table "campos" violates foreign key constraint "parcelas_nombre_campo_fkey" on table "parcelas"
DETAIL:  Key (nombre_campo)=(CampoX) is still referenced from table "parcelas".

The above exception was the direct cause of the following exception:

Traceback (most recent call last):
  File "C:\Users\agust\AppData\Roaming\Python\Python314\site-packages\sqlalchemy\engine\base.py", line 1969, in _exec_single_context
    self.dialect.do_execute(
    ~~~~~~~~~~~~~~~~~~~~~~~^
        cursor, str_statement, effective_parameters, context
        ^^^^^^^^^^^^^^^^^^^^^^^^^^^^^^^^^^^^^^^^^^^^^^^^^^^^
    )
    ^
  File "C:\Users\agust\AppData\Roaming\Python\Python314\site-packages\sqlalchemy\engine\default.py", line 952, in do_execute
    cursor.execute(statement, parameters)
    ~~~~~~~~~~~~~~^^^^^^^^^^^^^^^^^^^^^^^
  File "C:\Users\agust\AppData\Roaming\Python\Python314\site-packages\sqlalchemy\dialects\postgresql\asyncpg.py", line 585, in execute
    self._adapt_connection.await_(
    ~~~~~~~~~~~~~~~~~~~~~~~~~~~~~^
        self._prepare_and_execute(operation, parameters)
        ^^^^^^^^^^^^^^^^^^^^^^^^^^^^^^^^^^^^^^^^^^^^^^^^
    )
    ^
  File "C:\Users\agust\AppData\Roaming\Python\Python314\site-packages\sqlalchemy\util\_concurrency_py3k.py", line 132, in await_only
    return current.parent.switch(awaitable)  # type: ignore[no-any-return,attr-defined] # noqa: E501
           ~~~~~~~~~~~~~~~~~~~~~^^^^^^^^^^^
  File "C:\Users\agust\AppData\Roaming\Python\Python314\site-packages\sqlalchemy\util\_concurrency_py3k.py", line 196, in greenlet_spawn
    value = await result
            ^^^^^^^^^^^^
  File "C:\Users\agust\AppData\Roaming\Python\Python314\site-packages\sqlalchemy\dialects\postgresql\asyncpg.py", line 563, in _prepare_and_execute
    self._handle_exception(error)
    ~~~~~~~~~~~~~~~~~~~~~~^^^^^^^
  File "C:\Users\agust\AppData\Roaming\Python\Python314\site-packages\sqlalchemy\dialects\postgresql\asyncpg.py", line 513, in _handle_exception
    self._adapt_connection._handle_exception(error)
    ~~~~~~~~~~~~~~~~~~~~~~~~~~~~~~~~~~~~~~~~^^^^^^^
  File "C:\Users\agust\AppData\Roaming\Python\Python314\site-packages\sqlalchemy\dialects\postgresql\asyncpg.py", line 797, in _handle_exception
    raise translated_error from error
sqlalchemy.dialects.postgresql.asyncpg.AsyncAdapt_asyncpg_dbapi.IntegrityError: <class 'asyncpg.exceptions.ForeignKeyViolationError'>: update or delete on table "campos" violates foreign key constraint "parcelas_nombre_campo_fkey" on table "parcelas"
DETAIL:  Key (nombre_campo)=(CampoX) is still referenced from table "parcelas".

The above exception was the direct cause of the following exception:

Traceback (most recent call last):
  File "C:\Users\agust\AppData\Roaming\Python\Python314\site-packages\starlette\middleware\errors.py", line 164, in __call__
    await self.app(scope, receive, _send)
  File "C:\Users\agust\AppData\Roaming\Python\Python314\site-packages\starlette\middleware\exceptions.py", line 63, in __call__
    await wrap_app_handling_exceptions(self.app, conn)(scope, receive, send)
  File "C:\Users\agust\AppData\Roaming\Python\Python314\site-packages\starlette\_exception_handler.py", line 53, in wrapped_app
    raise exc
  File "C:\Users\agust\AppData\Roaming\Python\Python314\site-packages\starlette\_exception_handler.py", line 42, in wrapped_app
    await app(scope, receive, sender)
  File "C:\Users\agust\AppData\Roaming\Python\Python314\site-packages\fastapi\middleware\asyncexitstack.py", line 18, in __call__
    await self.app(scope, receive, send)
  File "C:\Users\agust\AppData\Roaming\Python\Python314\site-packages\starlette\routing.py", line 660, in __call__
    await self.middleware_stack(scope, receive, send)
  File "C:\Users\agust\AppData\Roaming\Python\Python314\site-packages\fastapi\routing.py", line 2531, in app
    await route.handle(scope, receive, send)
  File "C:\Users\agust\AppData\Roaming\Python\Python314\site-packages\fastapi\routing.py", line 1700, in handle
    await self.original_router.handle(scope, receive, send)
  File "C:\Users\agust\AppData\Roaming\Python\Python314\site-packages\fastapi\routing.py", line 2586, in handle
    await included_router._handle_selected(scope, receive, send)
  File "C:\Users\agust\AppData\Roaming\Python\Python314\site-packages\fastapi\routing.py", line 1720, in _handle_selected
    await original_route.handle(scope, receive, send)
  File "C:\Users\agust\AppData\Roaming\Python\Python314\site-packages\fastapi\routing.py", line 1239, in handle
    await app(scope, receive, send)
  File "C:\Users\agust\AppData\Roaming\Python\Python314\site-packages\fastapi\routing.py", line 150, in app
    await wrap_app_handling_exceptions(app, request)(scope, receive, send)
  File "C:\Users\agust\AppData\Roaming\Python\Python314\site-packages\starlette\_exception_handler.py", line 53, in wrapped_app
    raise exc
  File "C:\Users\agust\AppData\Roaming\Python\Python314\site-packages\starlette\_exception_handler.py", line 42, in wrapped_app
    await app(scope, receive, sender)
  File "C:\Users\agust\AppData\Roaming\Python\Python314\site-packages\fastapi\routing.py", line 136, in app
    response = await f(request)
               ^^^^^^^^^^^^^^^^
  File "C:\Users\agust\AppData\Roaming\Python\Python314\site-packages\fastapi\routing.py", line 690, in app
    raw_response = await run_endpoint_function(
                   ^^^^^^^^^^^^^^^^^^^^^^^^^^^^
    ...<3 lines>...
    )
    ^
  File "C:\Users\agust\AppData\Roaming\Python\Python314\site-packages\fastapi\routing.py", line 344, in run_endpoint_function
    return await dependant.call(**values)
           ^^^^^^^^^^^^^^^^^^^^^^^^^^^^^^
  File "X:\Arqui\AgroTech\src\modules\data_api\router.py", line 334, in delete_campo
    async with db.begin():
               ~~~~~~~~^^
  File "C:\Users\agust\AppData\Roaming\Python\Python314\site-packages\sqlalchemy\ext\asyncio\session.py", line 1886, in __aexit__
    await greenlet_spawn(
        self._sync_transaction().__exit__, type_, value, traceback
    )
  File "C:\Users\agust\AppData\Roaming\Python\Python314\site-packages\sqlalchemy\util\_concurrency_py3k.py", line 203, in greenlet_spawn
    result = context.switch(value)
  File "C:\Users\agust\AppData\Roaming\Python\Python314\site-packages\sqlalchemy\engine\util.py", line 147, in __exit__
    with util.safe_reraise():
         ~~~~~~~~~~~~~~~~~^^
  File "C:\Users\agust\AppData\Roaming\Python\Python314\site-packages\sqlalchemy\util\langhelpers.py", line 122, in __exit__
    raise exc_value.with_traceback(exc_tb)
  File "C:\Users\agust\AppData\Roaming\Python\Python314\site-packages\sqlalchemy\engine\util.py", line 145, in __exit__
    self.commit()
    ~~~~~~~~~~~^^
  File "<string>", line 2, in commit
  File "C:\Users\agust\AppData\Roaming\Python\Python314\site-packages\sqlalchemy\orm\state_changes.py", line 137, in _go
    ret_value = fn(self, *arg, **kw)
  File "C:\Users\agust\AppData\Roaming\Python\Python314\site-packages\sqlalchemy\orm\session.py", line 1316, in commit
    self._prepare_impl()
    ~~~~~~~~~~~~~~~~~~^^
  File "<string>", line 2, in _prepare_impl
  File "C:\Users\agust\AppData\Roaming\Python\Python314\site-packages\sqlalchemy\orm\state_changes.py", line 137, in _go
    ret_value = fn(self, *arg, **kw)
  File "C:\Users\agust\AppData\Roaming\Python\Python314\site-packages\sqlalchemy\orm\session.py", line 1290, in _prepare_impl
    self.session.flush()
    ~~~~~~~~~~~~~~~~~~^^
  File "C:\Users\agust\AppData\Roaming\Python\Python314\site-packages\sqlalchemy\orm\session.py", line 4353, in flush
    self._flush(objects)
    ~~~~~~~~~~~^^^^^^^^^
  File "C:\Users\agust\AppData\Roaming\Python\Python314\site-packages\sqlalchemy\orm\session.py", line 4488, in _flush
    with util.safe_reraise():
         ~~~~~~~~~~~~~~~~~^^
  File "C:\Users\agust\AppData\Roaming\Python\Python314\site-packages\sqlalchemy\util\langhelpers.py", line 122, in __exit__
    raise exc_value.with_traceback(exc_tb)
  File "C:\Users\agust\AppData\Roaming\Python\Python314\site-packages\sqlalchemy\orm\session.py", line 4449, in _flush
    flush_context.execute()
    ~~~~~~~~~~~~~~~~~~~~~^^
  File "C:\Users\agust\AppData\Roaming\Python\Python314\site-packages\sqlalchemy\orm\unitofwork.py", line 465, in execute
    rec.execute(self)
    ~~~~~~~~~~~^^^^^^
  File "C:\Users\agust\AppData\Roaming\Python\Python314\site-packages\sqlalchemy\orm\unitofwork.py", line 678, in execute
    util.preloaded.orm_persistence.delete_obj(
    ~~~~~~~~~~~~~~~~~~~~~~~~~~~~~~~~~~~~~~~~~^
        self.mapper,
        ^^^^^^^^^^^^
        uow.states_for_mapper_hierarchy(self.mapper, True, False),
        ^^^^^^^^^^^^^^^^^^^^^^^^^^^^^^^^^^^^^^^^^^^^^^^^^^^^^^^^^^
        uow,
        ^^^^
    )
    ^
  File "C:\Users\agust\AppData\Roaming\Python\Python314\site-packages\sqlalchemy\orm\persistence.py", line 194, in delete_obj
    _emit_delete_statements(
    ~~~~~~~~~~~~~~~~~~~~~~~^
        base_mapper,
        ^^^^^^^^^^^^
    ...<3 lines>...
        delete,
        ^^^^^^^
    )
    ^
  File "C:\Users\agust\AppData\Roaming\Python\Python314\site-packages\sqlalchemy\orm\persistence.py", line 1472, in _emit_delete_statements
    c = connection.execute(
        statement, del_objects, execution_options=execution_options
    )
  File "C:\Users\agust\AppData\Roaming\Python\Python314\site-packages\sqlalchemy\engine\base.py", line 1421, in execute
    return meth(
        self,
        distilled_parameters,
        execution_options or NO_OPTIONS,
    )
  File "C:\Users\agust\AppData\Roaming\Python\Python314\site-packages\sqlalchemy\sql\elements.py", line 526, in _execute_on_connection
    return connection._execute_clauseelement(
           ~~~~~~~~~~~~~~~~~~~~~~~~~~~~~~~~~^
        self, distilled_params, execution_options
        ^^^^^^^^^^^^^^^^^^^^^^^^^^^^^^^^^^^^^^^^^
    )
    ^
  File "C:\Users\agust\AppData\Roaming\Python\Python314\site-packages\sqlalchemy\engine\base.py", line 1643, in _execute_clauseelement
    ret = self._execute_context(
        dialect,
    ...<8 lines>...
        cache_hit=cache_hit,
    )
  File "C:\Users\agust\AppData\Roaming\Python\Python314\site-packages\sqlalchemy\engine\base.py", line 1848, in _execute_context
    return self._exec_single_context(
           ~~~~~~~~~~~~~~~~~~~~~~~~~^
        dialect, context, statement, parameters
        ^^^^^^^^^^^^^^^^^^^^^^^^^^^^^^^^^^^^^^^
    )
    ^
  File "C:\Users\agust\AppData\Roaming\Python\Python314\site-packages\sqlalchemy\engine\base.py", line 1988, in _exec_single_context
    self._handle_dbapi_exception(
    ~~~~~~~~~~~~~~~~~~~~~~~~~~~~^
        e, str_statement, effective_parameters, cursor, context
        ^^^^^^^^^^^^^^^^^^^^^^^^^^^^^^^^^^^^^^^^^^^^^^^^^^^^^^^
    )
    ^
  File "C:\Users\agust\AppData\Roaming\Python\Python314\site-packages\sqlalchemy\engine\base.py", line 2365, in _handle_dbapi_exception
    raise sqlalchemy_exception.with_traceback(exc_info[2]) from e
  File "C:\Users\agust\AppData\Roaming\Python\Python314\site-packages\sqlalchemy\engine\base.py", line 1969, in _exec_single_context
    self.dialect.do_execute(
    ~~~~~~~~~~~~~~~~~~~~~~~^
        cursor, str_statement, effective_parameters, context
        ^^^^^^^^^^^^^^^^^^^^^^^^^^^^^^^^^^^^^^^^^^^^^^^^^^^^
    )
    ^
  File "C:\Users\agust\AppData\Roaming\Python\Python314\site-packages\sqlalchemy\engine\default.py", line 952, in do_execute
    cursor.execute(statement, parameters)
    ~~~~~~~~~~~~~~^^^^^^^^^^^^^^^^^^^^^^^
  File "C:\Users\agust\AppData\Roaming\Python\Python314\site-packages\sqlalchemy\dialects\postgresql\asyncpg.py", line 585, in execute
    self._adapt_connection.await_(
    ~~~~~~~~~~~~~~~~~~~~~~~~~~~~~^
        self._prepare_and_execute(operation, parameters)
        ^^^^^^^^^^^^^^^^^^^^^^^^^^^^^^^^^^^^^^^^^^^^^^^^
    )
    ^
  File "C:\Users\agust\AppData\Roaming\Python\Python314\site-packages\sqlalchemy\util\_concurrency_py3k.py", line 132, in await_only
    return current.parent.switch(awaitable)  # type: ignore[no-any-return,attr-defined] # noqa: E501
           ~~~~~~~~~~~~~~~~~~~~~^^^^^^^^^^^
  File "C:\Users\agust\AppData\Roaming\Python\Python314\site-packages\sqlalchemy\util\_concurrency_py3k.py", line 196, in greenlet_spawn
    value = await result
            ^^^^^^^^^^^^
  File "C:\Users\agust\AppData\Roaming\Python\Python314\site-packages\sqlalchemy\dialects\postgresql\asyncpg.py", line 563, in _prepare_and_execute
    self._handle_exception(error)
    ~~~~~~~~~~~~~~~~~~~~~~^^^^^^^
  File "C:\Users\agust\AppData\Roaming\Python\Python314\site-packages\sqlalchemy\dialects\postgresql\asyncpg.py", line 513, in _handle_exception
    self._adapt_connection._handle_exception(error)
    ~~~~~~~~~~~~~~~~~~~~~~~~~~~~~~~~~~~~~~~~^^^^^^^
  File "C:\Users\agust\AppData\Roaming\Python\Python314\site-packages\sqlalchemy\dialects\postgresql\asyncpg.py", line 797, in _handle_exception
    raise translated_error from error
sqlalchemy.exc.IntegrityError: (sqlalchemy.dialects.postgresql.asyncpg.IntegrityError) <class 'asyncpg.exceptions.ForeignKeyViolationError'>: update or delete on table "campos" violates foreign key constraint "parcelas_nombre_campo_fkey" on table "parcelas"
DETAIL:  Key (nombre_campo)=(CampoX) is still referenced from table "parcelas".
[SQL: DELETE FROM campos WHERE campos.nombre_campo = $1::VARCHAR]
[parameters: ('CampoX',)]
(Background on this error at: https://sqlalche.me/e/20/gkpj)
ERROR:    Exception in ASGI application
Traceback (most recent call last):
  File "C:\Users\agust\AppData\Roaming\Python\Python314\site-packages\sqlalchemy\dialects\postgresql\asyncpg.py", line 550, in _prepare_and_execute
    self._rows = deque(await prepared_stmt.fetch(*parameters))
                       ^^^^^^^^^^^^^^^^^^^^^^^^^^^^^^^^^^^^^^
  File "C:\Users\agust\AppData\Roaming\Python\Python314\site-packages\asyncpg\prepared_stmt.py", line 177, in fetch
    data = await self.__bind_execute(args, 0, timeout)
           ^^^^^^^^^^^^^^^^^^^^^^^^^^^^^^^^^^^^^^^^^^^
  File "C:\Users\agust\AppData\Roaming\Python\Python314\site-packages\asyncpg\prepared_stmt.py", line 268, in __bind_execute
    data, status, _ = await self.__do_execute(
                      ^^^^^^^^^^^^^^^^^^^^^^^^
        lambda protocol: protocol.bind_execute(
        ^^^^^^^^^^^^^^^^^^^^^^^^^^^^^^^^^^^^^^^
            self._state, args, '', limit, True, timeout))
            ^^^^^^^^^^^^^^^^^^^^^^^^^^^^^^^^^^^^^^^^^^^^^
  File "C:\Users\agust\AppData\Roaming\Python\Python314\site-packages\asyncpg\prepared_stmt.py", line 257, in __do_execute
    return await executor(protocol)
           ^^^^^^^^^^^^^^^^^^^^^^^^
  File "asyncpg/protocol/protocol.pyx", line 205, in bind_execute
asyncpg.exceptions.ForeignKeyViolationError: update or delete on table "campos" violates foreign key constraint "parcelas_nombre_campo_fkey" on table "parcelas"
DETAIL:  Key (nombre_campo)=(CampoX) is still referenced from table "parcelas".

The above exception was the direct cause of the following exception:

Traceback (most recent call last):
  File "C:\Users\agust\AppData\Roaming\Python\Python314\site-packages\sqlalchemy\engine\base.py", line 1969, in _exec_single_context
    self.dialect.do_execute(
    ~~~~~~~~~~~~~~~~~~~~~~~^
        cursor, str_statement, effective_parameters, context
        ^^^^^^^^^^^^^^^^^^^^^^^^^^^^^^^^^^^^^^^^^^^^^^^^^^^^
    )
    ^
  File "C:\Users\agust\AppData\Roaming\Python\Python314\site-packages\sqlalchemy\engine\default.py", line 952, in do_execute
    cursor.execute(statement, parameters)
    ~~~~~~~~~~~~~~^^^^^^^^^^^^^^^^^^^^^^^
  File "C:\Users\agust\AppData\Roaming\Python\Python314\site-packages\sqlalchemy\dialects\postgresql\asyncpg.py", line 585, in execute
    self._adapt_connection.await_(
    ~~~~~~~~~~~~~~~~~~~~~~~~~~~~~^
        self._prepare_and_execute(operation, parameters)
        ^^^^^^^^^^^^^^^^^^^^^^^^^^^^^^^^^^^^^^^^^^^^^^^^
    )
    ^
  File "C:\Users\agust\AppData\Roaming\Python\Python314\site-packages\sqlalchemy\util\_concurrency_py3k.py", line 132, in await_only
    return current.parent.switch(awaitable)  # type: ignore[no-any-return,attr-defined] # noqa: E501
           ~~~~~~~~~~~~~~~~~~~~~^^^^^^^^^^^
  File "C:\Users\agust\AppData\Roaming\Python\Python314\site-packages\sqlalchemy\util\_concurrency_py3k.py", line 196, in greenlet_spawn
    value = await result
            ^^^^^^^^^^^^
  File "C:\Users\agust\AppData\Roaming\Python\Python314\site-packages\sqlalchemy\dialects\postgresql\asyncpg.py", line 563, in _prepare_and_execute
    self._handle_exception(error)
    ~~~~~~~~~~~~~~~~~~~~~~^^^^^^^
  File "C:\Users\agust\AppData\Roaming\Python\Python314\site-packages\sqlalchemy\dialects\postgresql\asyncpg.py", line 513, in _handle_exception
    self._adapt_connection._handle_exception(error)
    ~~~~~~~~~~~~~~~~~~~~~~~~~~~~~~~~~~~~~~~~^^^^^^^
  File "C:\Users\agust\AppData\Roaming\Python\Python314\site-packages\sqlalchemy\dialects\postgresql\asyncpg.py", line 797, in _handle_exception
    raise translated_error from error
sqlalchemy.dialects.postgresql.asyncpg.AsyncAdapt_asyncpg_dbapi.IntegrityError: <class 'asyncpg.exceptions.ForeignKeyViolationError'>: update or delete on table "campos" violates foreign key constraint "parcelas_nombre_campo_fkey" on table "parcelas"
DETAIL:  Key (nombre_campo)=(CampoX) is still referenced from table "parcelas".

The above exception was the direct cause of the following exception:

Traceback (most recent call last):
  File "C:\Users\agust\AppData\Roaming\Python\Python314\site-packages\uvicorn\protocols\http\httptools_impl.py", line 421, in run_asgi
    result = await app(  # type: ignore[func-returns-value]
             ^^^^^^^^^^^^^^^^^^^^^^^^^^^^^^^^^^^^^^^^^^^^^^
        self.scope, self.receive, self.send
        ^^^^^^^^^^^^^^^^^^^^^^^^^^^^^^^^^^^
    )
    ^
  File "C:\Users\agust\AppData\Roaming\Python\Python314\site-packages\uvicorn\middleware\proxy_headers.py", line 62, in __call__
    return await self.app(scope, receive, send)
           ^^^^^^^^^^^^^^^^^^^^^^^^^^^^^^^^^^^^
  File "C:\Users\agust\AppData\Roaming\Python\Python314\site-packages\fastapi\applications.py", line 1163, in __call__
    await super().__call__(scope, receive, send)
  File "C:\Users\agust\AppData\Roaming\Python\Python314\site-packages\starlette\applications.py", line 90, in __call__
    await self.middleware_stack(scope, receive, send)
  File "C:\Users\agust\AppData\Roaming\Python\Python314\site-packages\starlette\middleware\errors.py", line 186, in __call__
    raise exc
  File "C:\Users\agust\AppData\Roaming\Python\Python314\site-packages\starlette\middleware\errors.py", line 164, in __call__
    await self.app(scope, receive, _send)
  File "C:\Users\agust\AppData\Roaming\Python\Python314\site-packages\starlette\middleware\exceptions.py", line 63, in __call__
    await wrap_app_handling_exceptions(self.app, conn)(scope, receive, send)
  File "C:\Users\agust\AppData\Roaming\Python\Python314\site-packages\starlette\_exception_handler.py", line 53, in wrapped_app
    raise exc
  File "C:\Users\agust\AppData\Roaming\Python\Python314\site-packages\starlette\_exception_handler.py", line 42, in wrapped_app
    await app(scope, receive, sender)
  File "C:\Users\agust\AppData\Roaming\Python\Python314\site-packages\fastapi\middleware\asyncexitstack.py", line 18, in __call__
    await self.app(scope, receive, send)
  File "C:\Users\agust\AppData\Roaming\Python\Python314\site-packages\starlette\routing.py", line 660, in __call__
    await self.middleware_stack(scope, receive, send)
  File "C:\Users\agust\AppData\Roaming\Python\Python314\site-packages\fastapi\routing.py", line 2531, in app
    await route.handle(scope, receive, send)
  File "C:\Users\agust\AppData\Roaming\Python\Python314\site-packages\fastapi\routing.py", line 1700, in handle
    await self.original_router.handle(scope, receive, send)
  File "C:\Users\agust\AppData\Roaming\Python\Python314\site-packages\fastapi\routing.py", line 2586, in handle
    await included_router._handle_selected(scope, receive, send)
  File "C:\Users\agust\AppData\Roaming\Python\Python314\site-packages\fastapi\routing.py", line 1720, in _handle_selected
    await original_route.handle(scope, receive, send)
  File "C:\Users\agust\AppData\Roaming\Python\Python314\site-packages\fastapi\routing.py", line 1239, in handle
    await app(scope, receive, send)
  File "C:\Users\agust\AppData\Roaming\Python\Python314\site-packages\fastapi\routing.py", line 150, in app
    await wrap_app_handling_exceptions(app, request)(scope, receive, send)
  File "C:\Users\agust\AppData\Roaming\Python\Python314\site-packages\starlette\_exception_handler.py", line 53, in wrapped_app
    raise exc
  File "C:\Users\agust\AppData\Roaming\Python\Python314\site-packages\starlette\_exception_handler.py", line 42, in wrapped_app
    await app(scope, receive, sender)
  File "C:\Users\agust\AppData\Roaming\Python\Python314\site-packages\fastapi\routing.py", line 136, in app
    response = await f(request)
               ^^^^^^^^^^^^^^^^
  File "C:\Users\agust\AppData\Roaming\Python\Python314\site-packages\fastapi\routing.py", line 690, in app
    raw_response = await run_endpoint_function(
                   ^^^^^^^^^^^^^^^^^^^^^^^^^^^^
    ...<3 lines>...
    )
    ^
  File "C:\Users\agust\AppData\Roaming\Python\Python314\site-packages\fastapi\routing.py", line 344, in run_endpoint_function
    return await dependant.call(**values)
           ^^^^^^^^^^^^^^^^^^^^^^^^^^^^^^
  File "X:\Arqui\AgroTech\src\modules\data_api\router.py", line 334, in delete_campo
    async with db.begin():
               ~~~~~~~~^^
  File "C:\Users\agust\AppData\Roaming\Python\Python314\site-packages\sqlalchemy\ext\asyncio\session.py", line 1886, in __aexit__
    await greenlet_spawn(
        self._sync_transaction().__exit__, type_, value, traceback
    )
  File "C:\Users\agust\AppData\Roaming\Python\Python314\site-packages\sqlalchemy\util\_concurrency_py3k.py", line 203, in greenlet_spawn
    result = context.switch(value)
  File "C:\Users\agust\AppData\Roaming\Python\Python314\site-packages\sqlalchemy\engine\util.py", line 147, in __exit__
    with util.safe_reraise():
         ~~~~~~~~~~~~~~~~~^^
  File "C:\Users\agust\AppData\Roaming\Python\Python314\site-packages\sqlalchemy\util\langhelpers.py", line 122, in __exit__
    raise exc_value.with_traceback(exc_tb)
  File "C:\Users\agust\AppData\Roaming\Python\Python314\site-packages\sqlalchemy\engine\util.py", line 145, in __exit__
    self.commit()
    ~~~~~~~~~~~^^
  File "<string>", line 2, in commit
  File "C:\Users\agust\AppData\Roaming\Python\Python314\site-packages\sqlalchemy\orm\state_changes.py", line 137, in _go
    ret_value = fn(self, *arg, **kw)
  File "C:\Users\agust\AppData\Roaming\Python\Python314\site-packages\sqlalchemy\orm\session.py", line 1316, in commit
    self._prepare_impl()
    ~~~~~~~~~~~~~~~~~~^^
  File "<string>", line 2, in _prepare_impl
  File "C:\Users\agust\AppData\Roaming\Python\Python314\site-packages\sqlalchemy\orm\state_changes.py", line 137, in _go
    ret_value = fn(self, *arg, **kw)
  File "C:\Users\agust\AppData\Roaming\Python\Python314\site-packages\sqlalchemy\orm\session.py", line 1290, in _prepare_impl
    self.session.flush()
    ~~~~~~~~~~~~~~~~~~^^
  File "C:\Users\agust\AppData\Roaming\Python\Python314\site-packages\sqlalchemy\orm\session.py", line 4353, in flush
    self._flush(objects)
    ~~~~~~~~~~~^^^^^^^^^
  File "C:\Users\agust\AppData\Roaming\Python\Python314\site-packages\sqlalchemy\orm\session.py", line 4488, in _flush
    with util.safe_reraise():
         ~~~~~~~~~~~~~~~~~^^
  File "C:\Users\agust\AppData\Roaming\Python\Python314\site-packages\sqlalchemy\util\langhelpers.py", line 122, in __exit__
    raise exc_value.with_traceback(exc_tb)
  File "C:\Users\agust\AppData\Roaming\Python\Python314\site-packages\sqlalchemy\orm\session.py", line 4449, in _flush
    flush_context.execute()
    ~~~~~~~~~~~~~~~~~~~~~^^
  File "C:\Users\agust\AppData\Roaming\Python\Python314\site-packages\sqlalchemy\orm\unitofwork.py", line 465, in execute
    rec.execute(self)
    ~~~~~~~~~~~^^^^^^
  File "C:\Users\agust\AppData\Roaming\Python\Python314\site-packages\sqlalchemy\orm\unitofwork.py", line 678, in execute
    util.preloaded.orm_persistence.delete_obj(
    ~~~~~~~~~~~~~~~~~~~~~~~~~~~~~~~~~~~~~~~~~^
        self.mapper,
        ^^^^^^^^^^^^
        uow.states_for_mapper_hierarchy(self.mapper, True, False),
        ^^^^^^^^^^^^^^^^^^^^^^^^^^^^^^^^^^^^^^^^^^^^^^^^^^^^^^^^^^
        uow,
        ^^^^
    )
    ^
  File "C:\Users\agust\AppData\Roaming\Python\Python314\site-packages\sqlalchemy\orm\persistence.py", line 194, in delete_obj
    _emit_delete_statements(
    ~~~~~~~~~~~~~~~~~~~~~~~^
        base_mapper,
        ^^^^^^^^^^^^
    ...<3 lines>...
        delete,
        ^^^^^^^
    )
    ^
  File "C:\Users\agust\AppData\Roaming\Python\Python314\site-packages\sqlalchemy\orm\persistence.py", line 1472, in _emit_delete_statements
    c = connection.execute(
        statement, del_objects, execution_options=execution_options
    )
  File "C:\Users\agust\AppData\Roaming\Python\Python314\site-packages\sqlalchemy\engine\base.py", line 1421, in execute
    return meth(
        self,
        distilled_parameters,
        execution_options or NO_OPTIONS,
    )
  File "C:\Users\agust\AppData\Roaming\Python\Python314\site-packages\sqlalchemy\sql\elements.py", line 526, in _execute_on_connection
    return connection._execute_clauseelement(
           ~~~~~~~~~~~~~~~~~~~~~~~~~~~~~~~~~^
        self, distilled_params, execution_options
        ^^^^^^^^^^^^^^^^^^^^^^^^^^^^^^^^^^^^^^^^^
    )
    ^
  File "C:\Users\agust\AppData\Roaming\Python\Python314\site-packages\sqlalchemy\engine\base.py", line 1643, in _execute_clauseelement
    ret = self._execute_context(
        dialect,
    ...<8 lines>...
        cache_hit=cache_hit,
    )
  File "C:\Users\agust\AppData\Roaming\Python\Python314\site-packages\sqlalchemy\engine\base.py", line 1848, in _execute_context
    return self._exec_single_context(
           ~~~~~~~~~~~~~~~~~~~~~~~~~^
        dialect, context, statement, parameters
        ^^^^^^^^^^^^^^^^^^^^^^^^^^^^^^^^^^^^^^^
    )
    ^
  File "C:\Users\agust\AppData\Roaming\Python\Python314\site-packages\sqlalchemy\engine\base.py", line 1988, in _exec_single_context
    self._handle_dbapi_exception(
    ~~~~~~~~~~~~~~~~~~~~~~~~~~~~^
        e, str_statement, effective_parameters, cursor, context
        ^^^^^^^^^^^^^^^^^^^^^^^^^^^^^^^^^^^^^^^^^^^^^^^^^^^^^^^
    )
    ^
  File "C:\Users\agust\AppData\Roaming\Python\Python314\site-packages\sqlalchemy\engine\base.py", line 2365, in _handle_dbapi_exception
    raise sqlalchemy_exception.with_traceback(exc_info[2]) from e
  File "C:\Users\agust\AppData\Roaming\Python\Python314\site-packages\sqlalchemy\engine\base.py", line 1969, in _exec_single_context
    self.dialect.do_execute(
    ~~~~~~~~~~~~~~~~~~~~~~~^
        cursor, str_statement, effective_parameters, context
        ^^^^^^^^^^^^^^^^^^^^^^^^^^^^^^^^^^^^^^^^^^^^^^^^^^^^
    )
    ^
  File "C:\Users\agust\AppData\Roaming\Python\Python314\site-packages\sqlalchemy\engine\default.py", line 952, in do_execute
    cursor.execute(statement, parameters)
    ~~~~~~~~~~~~~~^^^^^^^^^^^^^^^^^^^^^^^
  File "C:\Users\agust\AppData\Roaming\Python\Python314\site-packages\sqlalchemy\dialects\postgresql\asyncpg.py", line 585, in execute
    self._adapt_connection.await_(
    ~~~~~~~~~~~~~~~~~~~~~~~~~~~~~^
        self._prepare_and_execute(operation, parameters)
        ^^^^^^^^^^^^^^^^^^^^^^^^^^^^^^^^^^^^^^^^^^^^^^^^
    )
    ^
  File "C:\Users\agust\AppData\Roaming\Python\Python314\site-packages\sqlalchemy\util\_concurrency_py3k.py", line 132, in await_only
    return current.parent.switch(awaitable)  # type: ignore[no-any-return,attr-defined] # noqa: E501
           ~~~~~~~~~~~~~~~~~~~~~^^^^^^^^^^^
  File "C:\Users\agust\AppData\Roaming\Python\Python314\site-packages\sqlalchemy\util\_concurrency_py3k.py", line 196, in greenlet_spawn
    value = await result
            ^^^^^^^^^^^^
  File "C:\Users\agust\AppData\Roaming\Python\Python314\site-packages\sqlalchemy\dialects\postgresql\asyncpg.py", line 563, in _prepare_and_execute
    self._handle_exception(error)
    ~~~~~~~~~~~~~~~~~~~~~~^^^^^^^
  File "C:\Users\agust\AppData\Roaming\Python\Python314\site-packages\sqlalchemy\dialects\postgresql\asyncpg.py", line 513, in _handle_exception
    self._adapt_connection._handle_exception(error)
    ~~~~~~~~~~~~~~~~~~~~~~~~~~~~~~~~~~~~~~~~^^^^^^^
  File "C:\Users\agust\AppData\Roaming\Python\Python314\site-packages\sqlalchemy\dialects\postgresql\asyncpg.py", line 797, in _handle_exception
    raise translated_error from error
sqlalchemy.exc.IntegrityError: (sqlalchemy.dialects.postgresql.asyncpg.IntegrityError) <class 'asyncpg.exceptions.ForeignKeyViolationError'>: update or delete on table "campos" violates foreign key constraint "parcelas_nombre_campo_fkey" on table "parcelas"
DETAIL:  Key (nombre_campo)=(CampoX) is still referenced from table "parcelas".
[SQL: DELETE FROM campos WHERE campos.nombre_campo = $1::VARCHAR]
[parameters: ('CampoX',)]
(Background on this error at: https://sqlalche.me/e/20/gkpj)
C:\Users\agust\AppData\Roaming\Python\Python314\site-packages\starlette\_exception_handler.py:59: StarletteDeprecationWarning: 'HTTP_422_UNPROCESSABLE_ENTITY' is deprecated. Use 'HTTP_422_UNPROCESSABLE_CONTENT' instead.
  response = await handler(conn, exc)  # type: ignore[arg-type]
Evento de seguridad | tipo=MISSING_AUTH_HEADER | detalle=Header Authorization ausente.
Evento de seguridad | code=TOKEN_INVALID | path=/api/campos/CampoX | ip=127.0.0.1
Error interno no controlado | path=/api/campos/CampoTest2 | ip=127.0.0.1
Traceback (most recent call last):
  File "C:\Users\agust\AppData\Roaming\Python\Python314\site-packages\sqlalchemy\dialects\postgresql\asyncpg.py", line 550, in _prepare_and_execute
    self._rows = deque(await prepared_stmt.fetch(*parameters))
                       ^^^^^^^^^^^^^^^^^^^^^^^^^^^^^^^^^^^^^^
  File "C:\Users\agust\AppData\Roaming\Python\Python314\site-packages\asyncpg\prepared_stmt.py", line 177, in fetch
    data = await self.__bind_execute(args, 0, timeout)
           ^^^^^^^^^^^^^^^^^^^^^^^^^^^^^^^^^^^^^^^^^^^
  File "C:\Users\agust\AppData\Roaming\Python\Python314\site-packages\asyncpg\prepared_stmt.py", line 268, in __bind_execute
    data, status, _ = await self.__do_execute(
                      ^^^^^^^^^^^^^^^^^^^^^^^^
        lambda protocol: protocol.bind_execute(
        ^^^^^^^^^^^^^^^^^^^^^^^^^^^^^^^^^^^^^^^
            self._state, args, '', limit, True, timeout))
            ^^^^^^^^^^^^^^^^^^^^^^^^^^^^^^^^^^^^^^^^^^^^^
  File "C:\Users\agust\AppData\Roaming\Python\Python314\site-packages\asyncpg\prepared_stmt.py", line 257, in __do_execute
    return await executor(protocol)
           ^^^^^^^^^^^^^^^^^^^^^^^^
  File "asyncpg/protocol/protocol.pyx", line 205, in bind_execute
asyncpg.exceptions.ForeignKeyViolationError: update or delete on table "campos" violates foreign key constraint "parcelas_nombre_campo_fkey" on table "parcelas"
DETAIL:  Key (nombre_campo)=(CampoTest2) is still referenced from table "parcelas".

The above exception was the direct cause of the following exception:

Traceback (most recent call last):
  File "C:\Users\agust\AppData\Roaming\Python\Python314\site-packages\sqlalchemy\engine\base.py", line 1969, in _exec_single_context
    self.dialect.do_execute(
    ~~~~~~~~~~~~~~~~~~~~~~~^
        cursor, str_statement, effective_parameters, context
        ^^^^^^^^^^^^^^^^^^^^^^^^^^^^^^^^^^^^^^^^^^^^^^^^^^^^
    )
    ^
  File "C:\Users\agust\AppData\Roaming\Python\Python314\site-packages\sqlalchemy\engine\default.py", line 952, in do_execute
    cursor.execute(statement, parameters)
    ~~~~~~~~~~~~~~^^^^^^^^^^^^^^^^^^^^^^^
  File "C:\Users\agust\AppData\Roaming\Python\Python314\site-packages\sqlalchemy\dialects\postgresql\asyncpg.py", line 585, in execute
    self._adapt_connection.await_(
    ~~~~~~~~~~~~~~~~~~~~~~~~~~~~~^
        self._prepare_and_execute(operation, parameters)
        ^^^^^^^^^^^^^^^^^^^^^^^^^^^^^^^^^^^^^^^^^^^^^^^^
    )
    ^
  File "C:\Users\agust\AppData\Roaming\Python\Python314\site-packages\sqlalchemy\util\_concurrency_py3k.py", line 132, in await_only
    return current.parent.switch(awaitable)  # type: ignore[no-any-return,attr-defined] # noqa: E501
           ~~~~~~~~~~~~~~~~~~~~~^^^^^^^^^^^
  File "C:\Users\agust\AppData\Roaming\Python\Python314\site-packages\sqlalchemy\util\_concurrency_py3k.py", line 196, in greenlet_spawn
    value = await result
            ^^^^^^^^^^^^
  File "C:\Users\agust\AppData\Roaming\Python\Python314\site-packages\sqlalchemy\dialects\postgresql\asyncpg.py", line 563, in _prepare_and_execute
    self._handle_exception(error)
    ~~~~~~~~~~~~~~~~~~~~~~^^^^^^^
  File "C:\Users\agust\AppData\Roaming\Python\Python314\site-packages\sqlalchemy\dialects\postgresql\asyncpg.py", line 513, in _handle_exception
    self._adapt_connection._handle_exception(error)
    ~~~~~~~~~~~~~~~~~~~~~~~~~~~~~~~~~~~~~~~~^^^^^^^
  File "C:\Users\agust\AppData\Roaming\Python\Python314\site-packages\sqlalchemy\dialects\postgresql\asyncpg.py", line 797, in _handle_exception
    raise translated_error from error
sqlalchemy.dialects.postgresql.asyncpg.AsyncAdapt_asyncpg_dbapi.IntegrityError: <class 'asyncpg.exceptions.ForeignKeyViolationError'>: update or delete on table "campos" violates foreign key constraint "parcelas_nombre_campo_fkey" on table "parcelas"
DETAIL:  Key (nombre_campo)=(CampoTest2) is still referenced from table "parcelas".

The above exception was the direct cause of the following exception:

Traceback (most recent call last):
  File "C:\Users\agust\AppData\Roaming\Python\Python314\site-packages\starlette\middleware\errors.py", line 164, in __call__
    await self.app(scope, receive, _send)
  File "C:\Users\agust\AppData\Roaming\Python\Python314\site-packages\starlette\middleware\exceptions.py", line 63, in __call__
    await wrap_app_handling_exceptions(self.app, conn)(scope, receive, send)
  File "C:\Users\agust\AppData\Roaming\Python\Python314\site-packages\starlette\_exception_handler.py", line 53, in wrapped_app
    raise exc
  File "C:\Users\agust\AppData\Roaming\Python\Python314\site-packages\starlette\_exception_handler.py", line 42, in wrapped_app
    await app(scope, receive, sender)
  File "C:\Users\agust\AppData\Roaming\Python\Python314\site-packages\fastapi\middleware\asyncexitstack.py", line 18, in __call__
    await self.app(scope, receive, send)
  File "C:\Users\agust\AppData\Roaming\Python\Python314\site-packages\starlette\routing.py", line 660, in __call__
    await self.middleware_stack(scope, receive, send)
  File "C:\Users\agust\AppData\Roaming\Python\Python314\site-packages\fastapi\routing.py", line 2531, in app
    await route.handle(scope, receive, send)
  File "C:\Users\agust\AppData\Roaming\Python\Python314\site-packages\fastapi\routing.py", line 1700, in handle
    await self.original_router.handle(scope, receive, send)
  File "C:\Users\agust\AppData\Roaming\Python\Python314\site-packages\fastapi\routing.py", line 2586, in handle
    await included_router._handle_selected(scope, receive, send)
  File "C:\Users\agust\AppData\Roaming\Python\Python314\site-packages\fastapi\routing.py", line 1720, in _handle_selected
    await original_route.handle(scope, receive, send)
  File "C:\Users\agust\AppData\Roaming\Python\Python314\site-packages\fastapi\routing.py", line 1239, in handle
    await app(scope, receive, send)
  File "C:\Users\agust\AppData\Roaming\Python\Python314\site-packages\fastapi\routing.py", line 150, in app
    await wrap_app_handling_exceptions(app, request)(scope, receive, send)
  File "C:\Users\agust\AppData\Roaming\Python\Python314\site-packages\starlette\_exception_handler.py", line 53, in wrapped_app
    raise exc
  File "C:\Users\agust\AppData\Roaming\Python\Python314\site-packages\starlette\_exception_handler.py", line 42, in wrapped_app
    await app(scope, receive, sender)
  File "C:\Users\agust\AppData\Roaming\Python\Python314\site-packages\fastapi\routing.py", line 136, in app
    response = await f(request)
               ^^^^^^^^^^^^^^^^
  File "C:\Users\agust\AppData\Roaming\Python\Python314\site-packages\fastapi\routing.py", line 690, in app
    raw_response = await run_endpoint_function(
                   ^^^^^^^^^^^^^^^^^^^^^^^^^^^^
    ...<3 lines>...
    )
    ^
  File "C:\Users\agust\AppData\Roaming\Python\Python314\site-packages\fastapi\routing.py", line 344, in run_endpoint_function
    return await dependant.call(**values)
           ^^^^^^^^^^^^^^^^^^^^^^^^^^^^^^
  File "X:\Arqui\AgroTech\src\modules\data_api\router.py", line 334, in delete_campo
    async with db.begin():
               ~~~~~~~~^^
  File "C:\Users\agust\AppData\Roaming\Python\Python314\site-packages\sqlalchemy\ext\asyncio\session.py", line 1886, in __aexit__
    await greenlet_spawn(
        self._sync_transaction().__exit__, type_, value, traceback
    )
  File "C:\Users\agust\AppData\Roaming\Python\Python314\site-packages\sqlalchemy\util\_concurrency_py3k.py", line 203, in greenlet_spawn
    result = context.switch(value)
  File "C:\Users\agust\AppData\Roaming\Python\Python314\site-packages\sqlalchemy\engine\util.py", line 147, in __exit__
    with util.safe_reraise():
         ~~~~~~~~~~~~~~~~~^^
  File "C:\Users\agust\AppData\Roaming\Python\Python314\site-packages\sqlalchemy\util\langhelpers.py", line 122, in __exit__
    raise exc_value.with_traceback(exc_tb)
  File "C:\Users\agust\AppData\Roaming\Python\Python314\site-packages\sqlalchemy\engine\util.py", line 145, in __exit__
    self.commit()
    ~~~~~~~~~~~^^
  File "<string>", line 2, in commit
  File "C:\Users\agust\AppData\Roaming\Python\Python314\site-packages\sqlalchemy\orm\state_changes.py", line 137, in _go
    ret_value = fn(self, *arg, **kw)
  File "C:\Users\agust\AppData\Roaming\Python\Python314\site-packages\sqlalchemy\orm\session.py", line 1316, in commit
    self._prepare_impl()
    ~~~~~~~~~~~~~~~~~~^^
  File "<string>", line 2, in _prepare_impl
  File "C:\Users\agust\AppData\Roaming\Python\Python314\site-packages\sqlalchemy\orm\state_changes.py", line 137, in _go
    ret_value = fn(self, *arg, **kw)
  File "C:\Users\agust\AppData\Roaming\Python\Python314\site-packages\sqlalchemy\orm\session.py", line 1290, in _prepare_impl
    self.session.flush()
    ~~~~~~~~~~~~~~~~~~^^
  File "C:\Users\agust\AppData\Roaming\Python\Python314\site-packages\sqlalchemy\orm\session.py", line 4353, in flush
    self._flush(objects)
    ~~~~~~~~~~~^^^^^^^^^
  File "C:\Users\agust\AppData\Roaming\Python\Python314\site-packages\sqlalchemy\orm\session.py", line 4488, in _flush
    with util.safe_reraise():
         ~~~~~~~~~~~~~~~~~^^
  File "C:\Users\agust\AppData\Roaming\Python\Python314\site-packages\sqlalchemy\util\langhelpers.py", line 122, in __exit__
    raise exc_value.with_traceback(exc_tb)
  File "C:\Users\agust\AppData\Roaming\Python\Python314\site-packages\sqlalchemy\orm\session.py", line 4449, in _flush
    flush_context.execute()
    ~~~~~~~~~~~~~~~~~~~~~^^
  File "C:\Users\agust\AppData\Roaming\Python\Python314\site-packages\sqlalchemy\orm\unitofwork.py", line 465, in execute
    rec.execute(self)
    ~~~~~~~~~~~^^^^^^
  File "C:\Users\agust\AppData\Roaming\Python\Python314\site-packages\sqlalchemy\orm\unitofwork.py", line 678, in execute
    util.preloaded.orm_persistence.delete_obj(
    ~~~~~~~~~~~~~~~~~~~~~~~~~~~~~~~~~~~~~~~~~^
        self.mapper,
        ^^^^^^^^^^^^
        uow.states_for_mapper_hierarchy(self.mapper, True, False),
        ^^^^^^^^^^^^^^^^^^^^^^^^^^^^^^^^^^^^^^^^^^^^^^^^^^^^^^^^^^
        uow,
        ^^^^
    )
    ^
  File "C:\Users\agust\AppData\Roaming\Python\Python314\site-packages\sqlalchemy\orm\persistence.py", line 194, in delete_obj
    _emit_delete_statements(
    ~~~~~~~~~~~~~~~~~~~~~~~^
        base_mapper,
        ^^^^^^^^^^^^
    ...<3 lines>...
        delete,
        ^^^^^^^
    )
    ^
  File "C:\Users\agust\AppData\Roaming\Python\Python314\site-packages\sqlalchemy\orm\persistence.py", line 1472, in _emit_delete_statements
    c = connection.execute(
        statement, del_objects, execution_options=execution_options
    )
  File "C:\Users\agust\AppData\Roaming\Python\Python314\site-packages\sqlalchemy\engine\base.py", line 1421, in execute
    return meth(
        self,
        distilled_parameters,
        execution_options or NO_OPTIONS,
    )
  File "C:\Users\agust\AppData\Roaming\Python\Python314\site-packages\sqlalchemy\sql\elements.py", line 526, in _execute_on_connection
    return connection._execute_clauseelement(
           ~~~~~~~~~~~~~~~~~~~~~~~~~~~~~~~~~^
        self, distilled_params, execution_options
        ^^^^^^^^^^^^^^^^^^^^^^^^^^^^^^^^^^^^^^^^^
    )
    ^
  File "C:\Users\agust\AppData\Roaming\Python\Python314\site-packages\sqlalchemy\engine\base.py", line 1643, in _execute_clauseelement
    ret = self._execute_context(
        dialect,
    ...<8 lines>...
        cache_hit=cache_hit,
    )
  File "C:\Users\agust\AppData\Roaming\Python\Python314\site-packages\sqlalchemy\engine\base.py", line 1848, in _execute_context
    return self._exec_single_context(
           ~~~~~~~~~~~~~~~~~~~~~~~~~^
        dialect, context, statement, parameters
        ^^^^^^^^^^^^^^^^^^^^^^^^^^^^^^^^^^^^^^^
    )
    ^
  File "C:\Users\agust\AppData\Roaming\Python\Python314\site-packages\sqlalchemy\engine\base.py", line 1988, in _exec_single_context
    self._handle_dbapi_exception(
    ~~~~~~~~~~~~~~~~~~~~~~~~~~~~^
        e, str_statement, effective_parameters, cursor, context
        ^^^^^^^^^^^^^^^^^^^^^^^^^^^^^^^^^^^^^^^^^^^^^^^^^^^^^^^
    )
    ^
  File "C:\Users\agust\AppData\Roaming\Python\Python314\site-packages\sqlalchemy\engine\base.py", line 2365, in _handle_dbapi_exception
    raise sqlalchemy_exception.with_traceback(exc_info[2]) from e
  File "C:\Users\agust\AppData\Roaming\Python\Python314\site-packages\sqlalchemy\engine\base.py", line 1969, in _exec_single_context
    self.dialect.do_execute(
    ~~~~~~~~~~~~~~~~~~~~~~~^
        cursor, str_statement, effective_parameters, context
        ^^^^^^^^^^^^^^^^^^^^^^^^^^^^^^^^^^^^^^^^^^^^^^^^^^^^
    )
    ^
  File "C:\Users\agust\AppData\Roaming\Python\Python314\site-packages\sqlalchemy\engine\default.py", line 952, in do_execute
    cursor.execute(statement, parameters)
    ~~~~~~~~~~~~~~^^^^^^^^^^^^^^^^^^^^^^^
  File "C:\Users\agust\AppData\Roaming\Python\Python314\site-packages\sqlalchemy\dialects\postgresql\asyncpg.py", line 585, in execute
    self._adapt_connection.await_(
    ~~~~~~~~~~~~~~~~~~~~~~~~~~~~~^
        self._prepare_and_execute(operation, parameters)
        ^^^^^^^^^^^^^^^^^^^^^^^^^^^^^^^^^^^^^^^^^^^^^^^^
    )
    ^
  File "C:\Users\agust\AppData\Roaming\Python\Python314\site-packages\sqlalchemy\util\_concurrency_py3k.py", line 132, in await_only
    return current.parent.switch(awaitable)  # type: ignore[no-any-return,attr-defined] # noqa: E501
           ~~~~~~~~~~~~~~~~~~~~~^^^^^^^^^^^
  File "C:\Users\agust\AppData\Roaming\Python\Python314\site-packages\sqlalchemy\util\_concurrency_py3k.py", line 196, in greenlet_spawn
    value = await result
            ^^^^^^^^^^^^
  File "C:\Users\agust\AppData\Roaming\Python\Python314\site-packages\sqlalchemy\dialects\postgresql\asyncpg.py", line 563, in _prepare_and_execute
    self._handle_exception(error)
    ~~~~~~~~~~~~~~~~~~~~~~^^^^^^^
  File "C:\Users\agust\AppData\Roaming\Python\Python314\site-packages\sqlalchemy\dialects\postgresql\asyncpg.py", line 513, in _handle_exception
    self._adapt_connection._handle_exception(error)
    ~~~~~~~~~~~~~~~~~~~~~~~~~~~~~~~~~~~~~~~~^^^^^^^
  File "C:\Users\agust\AppData\Roaming\Python\Python314\site-packages\sqlalchemy\dialects\postgresql\asyncpg.py", line 797, in _handle_exception
    raise translated_error from error
sqlalchemy.exc.IntegrityError: (sqlalchemy.dialects.postgresql.asyncpg.IntegrityError) <class 'asyncpg.exceptions.ForeignKeyViolationError'>: update or delete on table "campos" violates foreign key constraint "parcelas_nombre_campo_fkey" on table "parcelas"
DETAIL:  Key (nombre_campo)=(CampoTest2) is still referenced from table "parcelas".
[SQL: DELETE FROM campos WHERE campos.nombre_campo = $1::VARCHAR]
[parameters: ('CampoTest2',)]
(Background on this error at: https://sqlalche.me/e/20/gkpj)
ERROR:    Exception in ASGI application
Traceback (most recent call last):
  File "C:\Users\agust\AppData\Roaming\Python\Python314\site-packages\sqlalchemy\dialects\postgresql\asyncpg.py", line 550, in _prepare_and_execute
    self._rows = deque(await prepared_stmt.fetch(*parameters))
                       ^^^^^^^^^^^^^^^^^^^^^^^^^^^^^^^^^^^^^^
  File "C:\Users\agust\AppData\Roaming\Python\Python314\site-packages\asyncpg\prepared_stmt.py", line 177, in fetch
    data = await self.__bind_execute(args, 0, timeout)
           ^^^^^^^^^^^^^^^^^^^^^^^^^^^^^^^^^^^^^^^^^^^
  File "C:\Users\agust\AppData\Roaming\Python\Python314\site-packages\asyncpg\prepared_stmt.py", line 268, in __bind_execute
    data, status, _ = await self.__do_execute(
                      ^^^^^^^^^^^^^^^^^^^^^^^^
        lambda protocol: protocol.bind_execute(
        ^^^^^^^^^^^^^^^^^^^^^^^^^^^^^^^^^^^^^^^
            self._state, args, '', limit, True, timeout))
            ^^^^^^^^^^^^^^^^^^^^^^^^^^^^^^^^^^^^^^^^^^^^^
  File "C:\Users\agust\AppData\Roaming\Python\Python314\site-packages\asyncpg\prepared_stmt.py", line 257, in __do_execute
    return await executor(protocol)
           ^^^^^^^^^^^^^^^^^^^^^^^^
  File "asyncpg/protocol/protocol.pyx", line 205, in bind_execute
asyncpg.exceptions.ForeignKeyViolationError: update or delete on table "campos" violates foreign key constraint "parcelas_nombre_campo_fkey" on table "parcelas"
DETAIL:  Key (nombre_campo)=(CampoTest2) is still referenced from table "parcelas".

The above exception was the direct cause of the following exception:

Traceback (most recent call last):
  File "C:\Users\agust\AppData\Roaming\Python\Python314\site-packages\sqlalchemy\engine\base.py", line 1969, in _exec_single_context
    self.dialect.do_execute(
    ~~~~~~~~~~~~~~~~~~~~~~~^
        cursor, str_statement, effective_parameters, context
        ^^^^^^^^^^^^^^^^^^^^^^^^^^^^^^^^^^^^^^^^^^^^^^^^^^^^
    )
    ^
  File "C:\Users\agust\AppData\Roaming\Python\Python314\site-packages\sqlalchemy\engine\default.py", line 952, in do_execute
    cursor.execute(statement, parameters)
    ~~~~~~~~~~~~~~^^^^^^^^^^^^^^^^^^^^^^^
  File "C:\Users\agust\AppData\Roaming\Python\Python314\site-packages\sqlalchemy\dialects\postgresql\asyncpg.py", line 585, in execute
    self._adapt_connection.await_(
    ~~~~~~~~~~~~~~~~~~~~~~~~~~~~~^
        self._prepare_and_execute(operation, parameters)
        ^^^^^^^^^^^^^^^^^^^^^^^^^^^^^^^^^^^^^^^^^^^^^^^^
    )
    ^
  File "C:\Users\agust\AppData\Roaming\Python\Python314\site-packages\sqlalchemy\util\_concurrency_py3k.py", line 132, in await_only
    return current.parent.switch(awaitable)  # type: ignore[no-any-return,attr-defined] # noqa: E501
           ~~~~~~~~~~~~~~~~~~~~~^^^^^^^^^^^
  File "C:\Users\agust\AppData\Roaming\Python\Python314\site-packages\sqlalchemy\util\_concurrency_py3k.py", line 196, in greenlet_spawn
    value = await result
            ^^^^^^^^^^^^
  File "C:\Users\agust\AppData\Roaming\Python\Python314\site-packages\sqlalchemy\dialects\postgresql\asyncpg.py", line 563, in _prepare_and_execute
    self._handle_exception(error)
    ~~~~~~~~~~~~~~~~~~~~~~^^^^^^^
  File "C:\Users\agust\AppData\Roaming\Python\Python314\site-packages\sqlalchemy\dialects\postgresql\asyncpg.py", line 513, in _handle_exception
    self._adapt_connection._handle_exception(error)
    ~~~~~~~~~~~~~~~~~~~~~~~~~~~~~~~~~~~~~~~~^^^^^^^
  File "C:\Users\agust\AppData\Roaming\Python\Python314\site-packages\sqlalchemy\dialects\postgresql\asyncpg.py", line 797, in _handle_exception
    raise translated_error from error
sqlalchemy.dialects.postgresql.asyncpg.AsyncAdapt_asyncpg_dbapi.IntegrityError: <class 'asyncpg.exceptions.ForeignKeyViolationError'>: update or delete on table "campos" violates foreign key constraint "parcelas_nombre_campo_fkey" on table "parcelas"
DETAIL:  Key (nombre_campo)=(CampoTest2) is still referenced from table "parcelas".

The above exception was the direct cause of the following exception:

Traceback (most recent call last):
  File "C:\Users\agust\AppData\Roaming\Python\Python314\site-packages\uvicorn\protocols\http\httptools_impl.py", line 421, in run_asgi
    result = await app(  # type: ignore[func-returns-value]
             ^^^^^^^^^^^^^^^^^^^^^^^^^^^^^^^^^^^^^^^^^^^^^^
        self.scope, self.receive, self.send
        ^^^^^^^^^^^^^^^^^^^^^^^^^^^^^^^^^^^
    )
    ^
  File "C:\Users\agust\AppData\Roaming\Python\Python314\site-packages\uvicorn\middleware\proxy_headers.py", line 62, in __call__
    return await self.app(scope, receive, send)
           ^^^^^^^^^^^^^^^^^^^^^^^^^^^^^^^^^^^^
  File "C:\Users\agust\AppData\Roaming\Python\Python314\site-packages\fastapi\applications.py", line 1163, in __call__
    await super().__call__(scope, receive, send)
  File "C:\Users\agust\AppData\Roaming\Python\Python314\site-packages\starlette\applications.py", line 90, in __call__
    await self.middleware_stack(scope, receive, send)
  File "C:\Users\agust\AppData\Roaming\Python\Python314\site-packages\starlette\middleware\errors.py", line 186, in __call__
    raise exc
  File "C:\Users\agust\AppData\Roaming\Python\Python314\site-packages\starlette\middleware\errors.py", line 164, in __call__
    await self.app(scope, receive, _send)
  File "C:\Users\agust\AppData\Roaming\Python\Python314\site-packages\starlette\middleware\exceptions.py", line 63, in __call__
    await wrap_app_handling_exceptions(self.app, conn)(scope, receive, send)
  File "C:\Users\agust\AppData\Roaming\Python\Python314\site-packages\starlette\_exception_handler.py", line 53, in wrapped_app
    raise exc
  File "C:\Users\agust\AppData\Roaming\Python\Python314\site-packages\starlette\_exception_handler.py", line 42, in wrapped_app
    await app(scope, receive, sender)
  File "C:\Users\agust\AppData\Roaming\Python\Python314\site-packages\fastapi\middleware\asyncexitstack.py", line 18, in __call__
    await self.app(scope, receive, send)
  File "C:\Users\agust\AppData\Roaming\Python\Python314\site-packages\starlette\routing.py", line 660, in __call__
    await self.middleware_stack(scope, receive, send)
  File "C:\Users\agust\AppData\Roaming\Python\Python314\site-packages\fastapi\routing.py", line 2531, in app
    await route.handle(scope, receive, send)
  File "C:\Users\agust\AppData\Roaming\Python\Python314\site-packages\fastapi\routing.py", line 1700, in handle
    await self.original_router.handle(scope, receive, send)
  File "C:\Users\agust\AppData\Roaming\Python\Python314\site-packages\fastapi\routing.py", line 2586, in handle
    await included_router._handle_selected(scope, receive, send)
  File "C:\Users\agust\AppData\Roaming\Python\Python314\site-packages\fastapi\routing.py", line 1720, in _handle_selected
    await original_route.handle(scope, receive, send)
  File "C:\Users\agust\AppData\Roaming\Python\Python314\site-packages\fastapi\routing.py", line 1239, in handle
    await app(scope, receive, send)
  File "C:\Users\agust\AppData\Roaming\Python\Python314\site-packages\fastapi\routing.py", line 150, in app
    await wrap_app_handling_exceptions(app, request)(scope, receive, send)
  File "C:\Users\agust\AppData\Roaming\Python\Python314\site-packages\starlette\_exception_handler.py", line 53, in wrapped_app
    raise exc
  File "C:\Users\agust\AppData\Roaming\Python\Python314\site-packages\starlette\_exception_handler.py", line 42, in wrapped_app
    await app(scope, receive, sender)
  File "C:\Users\agust\AppData\Roaming\Python\Python314\site-packages\fastapi\routing.py", line 136, in app
    response = await f(request)
               ^^^^^^^^^^^^^^^^
  File "C:\Users\agust\AppData\Roaming\Python\Python314\site-packages\fastapi\routing.py", line 690, in app
    raw_response = await run_endpoint_function(
                   ^^^^^^^^^^^^^^^^^^^^^^^^^^^^
    ...<3 lines>...
    )
    ^
  File "C:\Users\agust\AppData\Roaming\Python\Python314\site-packages\fastapi\routing.py", line 344, in run_endpoint_function
    return await dependant.call(**values)
           ^^^^^^^^^^^^^^^^^^^^^^^^^^^^^^
  File "X:\Arqui\AgroTech\src\modules\data_api\router.py", line 334, in delete_campo
    async with db.begin():
               ~~~~~~~~^^
  File "C:\Users\agust\AppData\Roaming\Python\Python314\site-packages\sqlalchemy\ext\asyncio\session.py", line 1886, in __aexit__
    await greenlet_spawn(
        self._sync_transaction().__exit__, type_, value, traceback
    )
  File "C:\Users\agust\AppData\Roaming\Python\Python314\site-packages\sqlalchemy\util\_concurrency_py3k.py", line 203, in greenlet_spawn
    result = context.switch(value)
  File "C:\Users\agust\AppData\Roaming\Python\Python314\site-packages\sqlalchemy\engine\util.py", line 147, in __exit__
    with util.safe_reraise():
         ~~~~~~~~~~~~~~~~~^^
  File "C:\Users\agust\AppData\Roaming\Python\Python314\site-packages\sqlalchemy\util\langhelpers.py", line 122, in __exit__
    raise exc_value.with_traceback(exc_tb)
  File "C:\Users\agust\AppData\Roaming\Python\Python314\site-packages\sqlalchemy\engine\util.py", line 145, in __exit__
    self.commit()
    ~~~~~~~~~~~^^
  File "<string>", line 2, in commit
  File "C:\Users\agust\AppData\Roaming\Python\Python314\site-packages\sqlalchemy\orm\state_changes.py", line 137, in _go
    ret_value = fn(self, *arg, **kw)
  File "C:\Users\agust\AppData\Roaming\Python\Python314\site-packages\sqlalchemy\orm\session.py", line 1316, in commit
    self._prepare_impl()
    ~~~~~~~~~~~~~~~~~~^^
  File "<string>", line 2, in _prepare_impl
  File "C:\Users\agust\AppData\Roaming\Python\Python314\site-packages\sqlalchemy\orm\state_changes.py", line 137, in _go
    ret_value = fn(self, *arg, **kw)
  File "C:\Users\agust\AppData\Roaming\Python\Python314\site-packages\sqlalchemy\orm\session.py", line 1290, in _prepare_impl
    self.session.flush()
    ~~~~~~~~~~~~~~~~~~^^
  File "C:\Users\agust\AppData\Roaming\Python\Python314\site-packages\sqlalchemy\orm\session.py", line 4353, in flush
    self._flush(objects)
    ~~~~~~~~~~~^^^^^^^^^
  File "C:\Users\agust\AppData\Roaming\Python\Python314\site-packages\sqlalchemy\orm\session.py", line 4488, in _flush
    with util.safe_reraise():
         ~~~~~~~~~~~~~~~~~^^
  File "C:\Users\agust\AppData\Roaming\Python\Python314\site-packages\sqlalchemy\util\langhelpers.py", line 122, in __exit__
    raise exc_value.with_traceback(exc_tb)
  File "C:\Users\agust\AppData\Roaming\Python\Python314\site-packages\sqlalchemy\orm\session.py", line 4449, in _flush
    flush_context.execute()
    ~~~~~~~~~~~~~~~~~~~~~^^
  File "C:\Users\agust\AppData\Roaming\Python\Python314\site-packages\sqlalchemy\orm\unitofwork.py", line 465, in execute
    rec.execute(self)
    ~~~~~~~~~~~^^^^^^
  File "C:\Users\agust\AppData\Roaming\Python\Python314\site-packages\sqlalchemy\orm\unitofwork.py", line 678, in execute
    util.preloaded.orm_persistence.delete_obj(
    ~~~~~~~~~~~~~~~~~~~~~~~~~~~~~~~~~~~~~~~~~^
        self.mapper,
        ^^^^^^^^^^^^
        uow.states_for_mapper_hierarchy(self.mapper, True, False),
        ^^^^^^^^^^^^^^^^^^^^^^^^^^^^^^^^^^^^^^^^^^^^^^^^^^^^^^^^^^
        uow,
        ^^^^
    )
    ^
  File "C:\Users\agust\AppData\Roaming\Python\Python314\site-packages\sqlalchemy\orm\persistence.py", line 194, in delete_obj
    _emit_delete_statements(
    ~~~~~~~~~~~~~~~~~~~~~~~^
        base_mapper,
        ^^^^^^^^^^^^
    ...<3 lines>...
        delete,
        ^^^^^^^
    )
    ^
  File "C:\Users\agust\AppData\Roaming\Python\Python314\site-packages\sqlalchemy\orm\persistence.py", line 1472, in _emit_delete_statements
    c = connection.execute(
        statement, del_objects, execution_options=execution_options
    )
  File "C:\Users\agust\AppData\Roaming\Python\Python314\site-packages\sqlalchemy\engine\base.py", line 1421, in execute
    return meth(
        self,
        distilled_parameters,
        execution_options or NO_OPTIONS,
    )
  File "C:\Users\agust\AppData\Roaming\Python\Python314\site-packages\sqlalchemy\sql\elements.py", line 526, in _execute_on_connection
    return connection._execute_clauseelement(
           ~~~~~~~~~~~~~~~~~~~~~~~~~~~~~~~~~^
        self, distilled_params, execution_options
        ^^^^^^^^^^^^^^^^^^^^^^^^^^^^^^^^^^^^^^^^^
    )
    ^
  File "C:\Users\agust\AppData\Roaming\Python\Python314\site-packages\sqlalchemy\engine\base.py", line 1643, in _execute_clauseelement
    ret = self._execute_context(
        dialect,
    ...<8 lines>...
        cache_hit=cache_hit,
    )
  File "C:\Users\agust\AppData\Roaming\Python\Python314\site-packages\sqlalchemy\engine\base.py", line 1848, in _execute_context
    return self._exec_single_context(
           ~~~~~~~~~~~~~~~~~~~~~~~~~^
        dialect, context, statement, parameters
        ^^^^^^^^^^^^^^^^^^^^^^^^^^^^^^^^^^^^^^^
    )
    ^
  File "C:\Users\agust\AppData\Roaming\Python\Python314\site-packages\sqlalchemy\engine\base.py", line 1988, in _exec_single_context
    self._handle_dbapi_exception(
    ~~~~~~~~~~~~~~~~~~~~~~~~~~~~^
        e, str_statement, effective_parameters, cursor, context
        ^^^^^^^^^^^^^^^^^^^^^^^^^^^^^^^^^^^^^^^^^^^^^^^^^^^^^^^
    )
    ^
  File "C:\Users\agust\AppData\Roaming\Python\Python314\site-packages\sqlalchemy\engine\base.py", line 2365, in _handle_dbapi_exception
    raise sqlalchemy_exception.with_traceback(exc_info[2]) from e
  File "C:\Users\agust\AppData\Roaming\Python\Python314\site-packages\sqlalchemy\engine\base.py", line 1969, in _exec_single_context
    self.dialect.do_execute(
    ~~~~~~~~~~~~~~~~~~~~~~~^
        cursor, str_statement, effective_parameters, context
        ^^^^^^^^^^^^^^^^^^^^^^^^^^^^^^^^^^^^^^^^^^^^^^^^^^^^
    )
    ^
  File "C:\Users\agust\AppData\Roaming\Python\Python314\site-packages\sqlalchemy\engine\default.py", line 952, in do_execute
    cursor.execute(statement, parameters)
    ~~~~~~~~~~~~~~^^^^^^^^^^^^^^^^^^^^^^^
  File "C:\Users\agust\AppData\Roaming\Python\Python314\site-packages\sqlalchemy\dialects\postgresql\asyncpg.py", line 585, in execute
    self._adapt_connection.await_(
    ~~~~~~~~~~~~~~~~~~~~~~~~~~~~~^
        self._prepare_and_execute(operation, parameters)
        ^^^^^^^^^^^^^^^^^^^^^^^^^^^^^^^^^^^^^^^^^^^^^^^^
    )
    ^
  File "C:\Users\agust\AppData\Roaming\Python\Python314\site-packages\sqlalchemy\util\_concurrency_py3k.py", line 132, in await_only
    return current.parent.switch(awaitable)  # type: ignore[no-any-return,attr-defined] # noqa: E501
           ~~~~~~~~~~~~~~~~~~~~~^^^^^^^^^^^
  File "C:\Users\agust\AppData\Roaming\Python\Python314\site-packages\sqlalchemy\util\_concurrency_py3k.py", line 196, in greenlet_spawn
    value = await result
            ^^^^^^^^^^^^
  File "C:\Users\agust\AppData\Roaming\Python\Python314\site-packages\sqlalchemy\dialects\postgresql\asyncpg.py", line 563, in _prepare_and_execute
    self._handle_exception(error)
    ~~~~~~~~~~~~~~~~~~~~~~^^^^^^^
  File "C:\Users\agust\AppData\Roaming\Python\Python314\site-packages\sqlalchemy\dialects\postgresql\asyncpg.py", line 513, in _handle_exception
    self._adapt_connection._handle_exception(error)
    ~~~~~~~~~~~~~~~~~~~~~~~~~~~~~~~~~~~~~~~~^^^^^^^
  File "C:\Users\agust\AppData\Roaming\Python\Python314\site-packages\sqlalchemy\dialects\postgresql\asyncpg.py", line 797, in _handle_exception
    raise translated_error from error
sqlalchemy.exc.IntegrityError: (sqlalchemy.dialects.postgresql.asyncpg.IntegrityError) <class 'asyncpg.exceptions.ForeignKeyViolationError'>: update or delete on table "campos" violates foreign key constraint "parcelas_nombre_campo_fkey" on table "parcelas"
DETAIL:  Key (nombre_campo)=(CampoTest2) is still referenced from table "parcelas".
[SQL: DELETE FROM campos WHERE campos.nombre_campo = $1::VARCHAR]
[parameters: ('CampoTest2',)]
(Background on this error at: https://sqlalche.me/e/20/gkpj)
Error interno no controlado | path=/api/campos/CampoTest2 | ip=127.0.0.1
Traceback (most recent call last):
  File "C:\Users\agust\AppData\Roaming\Python\Python314\site-packages\sqlalchemy\dialects\postgresql\asyncpg.py", line 550, in _prepare_and_execute
    self._rows = deque(await prepared_stmt.fetch(*parameters))
                       ^^^^^^^^^^^^^^^^^^^^^^^^^^^^^^^^^^^^^^
  File "C:\Users\agust\AppData\Roaming\Python\Python314\site-packages\asyncpg\prepared_stmt.py", line 177, in fetch
    data = await self.__bind_execute(args, 0, timeout)
           ^^^^^^^^^^^^^^^^^^^^^^^^^^^^^^^^^^^^^^^^^^^
  File "C:\Users\agust\AppData\Roaming\Python\Python314\site-packages\asyncpg\prepared_stmt.py", line 268, in __bind_execute
    data, status, _ = await self.__do_execute(
                      ^^^^^^^^^^^^^^^^^^^^^^^^
        lambda protocol: protocol.bind_execute(
        ^^^^^^^^^^^^^^^^^^^^^^^^^^^^^^^^^^^^^^^
            self._state, args, '', limit, True, timeout))
            ^^^^^^^^^^^^^^^^^^^^^^^^^^^^^^^^^^^^^^^^^^^^^
  File "C:\Users\agust\AppData\Roaming\Python\Python314\site-packages\asyncpg\prepared_stmt.py", line 257, in __do_execute
    return await executor(protocol)
           ^^^^^^^^^^^^^^^^^^^^^^^^
  File "asyncpg/protocol/protocol.pyx", line 205, in bind_execute
asyncpg.exceptions.ForeignKeyViolationError: update or delete on table "campos" violates foreign key constraint "parcelas_nombre_campo_fkey" on table "parcelas"
DETAIL:  Key (nombre_campo)=(CampoTest2) is still referenced from table "parcelas".

The above exception was the direct cause of the following exception:

Traceback (most recent call last):
  File "C:\Users\agust\AppData\Roaming\Python\Python314\site-packages\sqlalchemy\engine\base.py", line 1969, in _exec_single_context
    self.dialect.do_execute(
    ~~~~~~~~~~~~~~~~~~~~~~~^
        cursor, str_statement, effective_parameters, context
        ^^^^^^^^^^^^^^^^^^^^^^^^^^^^^^^^^^^^^^^^^^^^^^^^^^^^
    )
    ^
  File "C:\Users\agust\AppData\Roaming\Python\Python314\site-packages\sqlalchemy\engine\default.py", line 952, in do_execute
    cursor.execute(statement, parameters)
    ~~~~~~~~~~~~~~^^^^^^^^^^^^^^^^^^^^^^^
  File "C:\Users\agust\AppData\Roaming\Python\Python314\site-packages\sqlalchemy\dialects\postgresql\asyncpg.py", line 585, in execute
    self._adapt_connection.await_(
    ~~~~~~~~~~~~~~~~~~~~~~~~~~~~~^
        self._prepare_and_execute(operation, parameters)
        ^^^^^^^^^^^^^^^^^^^^^^^^^^^^^^^^^^^^^^^^^^^^^^^^
    )
    ^
  File "C:\Users\agust\AppData\Roaming\Python\Python314\site-packages\sqlalchemy\util\_concurrency_py3k.py", line 132, in await_only
    return current.parent.switch(awaitable)  # type: ignore[no-any-return,attr-defined] # noqa: E501
           ~~~~~~~~~~~~~~~~~~~~~^^^^^^^^^^^
  File "C:\Users\agust\AppData\Roaming\Python\Python314\site-packages\sqlalchemy\util\_concurrency_py3k.py", line 196, in greenlet_spawn
    value = await result
            ^^^^^^^^^^^^
  File "C:\Users\agust\AppData\Roaming\Python\Python314\site-packages\sqlalchemy\dialects\postgresql\asyncpg.py", line 563, in _prepare_and_execute
    self._handle_exception(error)
    ~~~~~~~~~~~~~~~~~~~~~~^^^^^^^
  File "C:\Users\agust\AppData\Roaming\Python\Python314\site-packages\sqlalchemy\dialects\postgresql\asyncpg.py", line 513, in _handle_exception
    self._adapt_connection._handle_exception(error)
    ~~~~~~~~~~~~~~~~~~~~~~~~~~~~~~~~~~~~~~~~^^^^^^^
  File "C:\Users\agust\AppData\Roaming\Python\Python314\site-packages\sqlalchemy\dialects\postgresql\asyncpg.py", line 797, in _handle_exception
    raise translated_error from error
sqlalchemy.dialects.postgresql.asyncpg.AsyncAdapt_asyncpg_dbapi.IntegrityError: <class 'asyncpg.exceptions.ForeignKeyViolationError'>: update or delete on table "campos" violates foreign key constraint "parcelas_nombre_campo_fkey" on table "parcelas"
DETAIL:  Key (nombre_campo)=(CampoTest2) is still referenced from table "parcelas".

The above exception was the direct cause of the following exception:

Traceback (most recent call last):
  File "C:\Users\agust\AppData\Roaming\Python\Python314\site-packages\starlette\middleware\errors.py", line 164, in __call__
    await self.app(scope, receive, _send)
  File "C:\Users\agust\AppData\Roaming\Python\Python314\site-packages\starlette\middleware\exceptions.py", line 63, in __call__
    await wrap_app_handling_exceptions(self.app, conn)(scope, receive, send)
  File "C:\Users\agust\AppData\Roaming\Python\Python314\site-packages\starlette\_exception_handler.py", line 53, in wrapped_app
    raise exc
  File "C:\Users\agust\AppData\Roaming\Python\Python314\site-packages\starlette\_exception_handler.py", line 42, in wrapped_app
    await app(scope, receive, sender)
  File "C:\Users\agust\AppData\Roaming\Python\Python314\site-packages\fastapi\middleware\asyncexitstack.py", line 18, in __call__
    await self.app(scope, receive, send)
  File "C:\Users\agust\AppData\Roaming\Python\Python314\site-packages\starlette\routing.py", line 660, in __call__
    await self.middleware_stack(scope, receive, send)
  File "C:\Users\agust\AppData\Roaming\Python\Python314\site-packages\fastapi\routing.py", line 2531, in app
    await route.handle(scope, receive, send)
  File "C:\Users\agust\AppData\Roaming\Python\Python314\site-packages\fastapi\routing.py", line 1700, in handle
    await self.original_router.handle(scope, receive, send)
  File "C:\Users\agust\AppData\Roaming\Python\Python314\site-packages\fastapi\routing.py", line 2586, in handle
    await included_router._handle_selected(scope, receive, send)
  File "C:\Users\agust\AppData\Roaming\Python\Python314\site-packages\fastapi\routing.py", line 1720, in _handle_selected
    await original_route.handle(scope, receive, send)
  File "C:\Users\agust\AppData\Roaming\Python\Python314\site-packages\fastapi\routing.py", line 1239, in handle
    await app(scope, receive, send)
  File "C:\Users\agust\AppData\Roaming\Python\Python314\site-packages\fastapi\routing.py", line 150, in app
    await wrap_app_handling_exceptions(app, request)(scope, receive, send)
  File "C:\Users\agust\AppData\Roaming\Python\Python314\site-packages\starlette\_exception_handler.py", line 53, in wrapped_app
    raise exc
  File "C:\Users\agust\AppData\Roaming\Python\Python314\site-packages\starlette\_exception_handler.py", line 42, in wrapped_app
    await app(scope, receive, sender)
  File "C:\Users\agust\AppData\Roaming\Python\Python314\site-packages\fastapi\routing.py", line 136, in app
    response = await f(request)
               ^^^^^^^^^^^^^^^^
  File "C:\Users\agust\AppData\Roaming\Python\Python314\site-packages\fastapi\routing.py", line 690, in app
    raw_response = await run_endpoint_function(
                   ^^^^^^^^^^^^^^^^^^^^^^^^^^^^
    ...<3 lines>...
    )
    ^
  File "C:\Users\agust\AppData\Roaming\Python\Python314\site-packages\fastapi\routing.py", line 344, in run_endpoint_function
    return await dependant.call(**values)
           ^^^^^^^^^^^^^^^^^^^^^^^^^^^^^^
  File "X:\Arqui\AgroTech\src\modules\data_api\router.py", line 334, in delete_campo
    async with db.begin():
               ~~~~~~~~^^
  File "C:\Users\agust\AppData\Roaming\Python\Python314\site-packages\sqlalchemy\ext\asyncio\session.py", line 1886, in __aexit__
    await greenlet_spawn(
        self._sync_transaction().__exit__, type_, value, traceback
    )
  File "C:\Users\agust\AppData\Roaming\Python\Python314\site-packages\sqlalchemy\util\_concurrency_py3k.py", line 203, in greenlet_spawn
    result = context.switch(value)
  File "C:\Users\agust\AppData\Roaming\Python\Python314\site-packages\sqlalchemy\engine\util.py", line 147, in __exit__
    with util.safe_reraise():
         ~~~~~~~~~~~~~~~~~^^
  File "C:\Users\agust\AppData\Roaming\Python\Python314\site-packages\sqlalchemy\util\langhelpers.py", line 122, in __exit__
    raise exc_value.with_traceback(exc_tb)
  File "C:\Users\agust\AppData\Roaming\Python\Python314\site-packages\sqlalchemy\engine\util.py", line 145, in __exit__
    self.commit()
    ~~~~~~~~~~~^^
  File "<string>", line 2, in commit
  File "C:\Users\agust\AppData\Roaming\Python\Python314\site-packages\sqlalchemy\orm\state_changes.py", line 137, in _go
    ret_value = fn(self, *arg, **kw)
  File "C:\Users\agust\AppData\Roaming\Python\Python314\site-packages\sqlalchemy\orm\session.py", line 1316, in commit
    self._prepare_impl()
    ~~~~~~~~~~~~~~~~~~^^
  File "<string>", line 2, in _prepare_impl
  File "C:\Users\agust\AppData\Roaming\Python\Python314\site-packages\sqlalchemy\orm\state_changes.py", line 137, in _go
    ret_value = fn(self, *arg, **kw)
  File "C:\Users\agust\AppData\Roaming\Python\Python314\site-packages\sqlalchemy\orm\session.py", line 1290, in _prepare_impl
    self.session.flush()
    ~~~~~~~~~~~~~~~~~~^^
  File "C:\Users\agust\AppData\Roaming\Python\Python314\site-packages\sqlalchemy\orm\session.py", line 4353, in flush
    self._flush(objects)
    ~~~~~~~~~~~^^^^^^^^^
  File "C:\Users\agust\AppData\Roaming\Python\Python314\site-packages\sqlalchemy\orm\session.py", line 4488, in _flush
    with util.safe_reraise():
         ~~~~~~~~~~~~~~~~~^^
  File "C:\Users\agust\AppData\Roaming\Python\Python314\site-packages\sqlalchemy\util\langhelpers.py", line 122, in __exit__
    raise exc_value.with_traceback(exc_tb)
  File "C:\Users\agust\AppData\Roaming\Python\Python314\site-packages\sqlalchemy\orm\session.py", line 4449, in _flush
    flush_context.execute()
    ~~~~~~~~~~~~~~~~~~~~~^^
  File "C:\Users\agust\AppData\Roaming\Python\Python314\site-packages\sqlalchemy\orm\unitofwork.py", line 465, in execute
    rec.execute(self)
    ~~~~~~~~~~~^^^^^^
  File "C:\Users\agust\AppData\Roaming\Python\Python314\site-packages\sqlalchemy\orm\unitofwork.py", line 678, in execute
    util.preloaded.orm_persistence.delete_obj(
    ~~~~~~~~~~~~~~~~~~~~~~~~~~~~~~~~~~~~~~~~~^
        self.mapper,
        ^^^^^^^^^^^^
        uow.states_for_mapper_hierarchy(self.mapper, True, False),
        ^^^^^^^^^^^^^^^^^^^^^^^^^^^^^^^^^^^^^^^^^^^^^^^^^^^^^^^^^^
        uow,
        ^^^^
    )
    ^
  File "C:\Users\agust\AppData\Roaming\Python\Python314\site-packages\sqlalchemy\orm\persistence.py", line 194, in delete_obj
    _emit_delete_statements(
    ~~~~~~~~~~~~~~~~~~~~~~~^
        base_mapper,
        ^^^^^^^^^^^^
    ...<3 lines>...
        delete,
        ^^^^^^^
    )
    ^
  File "C:\Users\agust\AppData\Roaming\Python\Python314\site-packages\sqlalchemy\orm\persistence.py", line 1472, in _emit_delete_statements
    c = connection.execute(
        statement, del_objects, execution_options=execution_options
    )
  File "C:\Users\agust\AppData\Roaming\Python\Python314\site-packages\sqlalchemy\engine\base.py", line 1421, in execute
    return meth(
        self,
        distilled_parameters,
        execution_options or NO_OPTIONS,
    )
  File "C:\Users\agust\AppData\Roaming\Python\Python314\site-packages\sqlalchemy\sql\elements.py", line 526, in _execute_on_connection
    return connection._execute_clauseelement(
           ~~~~~~~~~~~~~~~~~~~~~~~~~~~~~~~~~^
        self, distilled_params, execution_options
        ^^^^^^^^^^^^^^^^^^^^^^^^^^^^^^^^^^^^^^^^^
    )
    ^
  File "C:\Users\agust\AppData\Roaming\Python\Python314\site-packages\sqlalchemy\engine\base.py", line 1643, in _execute_clauseelement
    ret = self._execute_context(
        dialect,
    ...<8 lines>...
        cache_hit=cache_hit,
    )
  File "C:\Users\agust\AppData\Roaming\Python\Python314\site-packages\sqlalchemy\engine\base.py", line 1848, in _execute_context
    return self._exec_single_context(
           ~~~~~~~~~~~~~~~~~~~~~~~~~^
        dialect, context, statement, parameters
        ^^^^^^^^^^^^^^^^^^^^^^^^^^^^^^^^^^^^^^^
    )
    ^
  File "C:\Users\agust\AppData\Roaming\Python\Python314\site-packages\sqlalchemy\engine\base.py", line 1988, in _exec_single_context
    self._handle_dbapi_exception(
    ~~~~~~~~~~~~~~~~~~~~~~~~~~~~^
        e, str_statement, effective_parameters, cursor, context
        ^^^^^^^^^^^^^^^^^^^^^^^^^^^^^^^^^^^^^^^^^^^^^^^^^^^^^^^
    )
    ^
  File "C:\Users\agust\AppData\Roaming\Python\Python314\site-packages\sqlalchemy\engine\base.py", line 2365, in _handle_dbapi_exception
    raise sqlalchemy_exception.with_traceback(exc_info[2]) from e
  File "C:\Users\agust\AppData\Roaming\Python\Python314\site-packages\sqlalchemy\engine\base.py", line 1969, in _exec_single_context
    self.dialect.do_execute(
    ~~~~~~~~~~~~~~~~~~~~~~~^
        cursor, str_statement, effective_parameters, context
        ^^^^^^^^^^^^^^^^^^^^^^^^^^^^^^^^^^^^^^^^^^^^^^^^^^^^
    )
    ^
  File "C:\Users\agust\AppData\Roaming\Python\Python314\site-packages\sqlalchemy\engine\default.py", line 952, in do_execute
    cursor.execute(statement, parameters)
    ~~~~~~~~~~~~~~^^^^^^^^^^^^^^^^^^^^^^^
  File "C:\Users\agust\AppData\Roaming\Python\Python314\site-packages\sqlalchemy\dialects\postgresql\asyncpg.py", line 585, in execute
    self._adapt_connection.await_(
    ~~~~~~~~~~~~~~~~~~~~~~~~~~~~~^
        self._prepare_and_execute(operation, parameters)
        ^^^^^^^^^^^^^^^^^^^^^^^^^^^^^^^^^^^^^^^^^^^^^^^^
    )
    ^
  File "C:\Users\agust\AppData\Roaming\Python\Python314\site-packages\sqlalchemy\util\_concurrency_py3k.py", line 132, in await_only
    return current.parent.switch(awaitable)  # type: ignore[no-any-return,attr-defined] # noqa: E501
           ~~~~~~~~~~~~~~~~~~~~~^^^^^^^^^^^
  File "C:\Users\agust\AppData\Roaming\Python\Python314\site-packages\sqlalchemy\util\_concurrency_py3k.py", line 196, in greenlet_spawn
    value = await result
            ^^^^^^^^^^^^
  File "C:\Users\agust\AppData\Roaming\Python\Python314\site-packages\sqlalchemy\dialects\postgresql\asyncpg.py", line 563, in _prepare_and_execute
    self._handle_exception(error)
    ~~~~~~~~~~~~~~~~~~~~~~^^^^^^^
  File "C:\Users\agust\AppData\Roaming\Python\Python314\site-packages\sqlalchemy\dialects\postgresql\asyncpg.py", line 513, in _handle_exception
    self._adapt_connection._handle_exception(error)
    ~~~~~~~~~~~~~~~~~~~~~~~~~~~~~~~~~~~~~~~~^^^^^^^
  File "C:\Users\agust\AppData\Roaming\Python\Python314\site-packages\sqlalchemy\dialects\postgresql\asyncpg.py", line 797, in _handle_exception
    raise translated_error from error
sqlalchemy.exc.IntegrityError: (sqlalchemy.dialects.postgresql.asyncpg.IntegrityError) <class 'asyncpg.exceptions.ForeignKeyViolationError'>: update or delete on table "campos" violates foreign key constraint "parcelas_nombre_campo_fkey" on table "parcelas"
DETAIL:  Key (nombre_campo)=(CampoTest2) is still referenced from table "parcelas".
[SQL: DELETE FROM campos WHERE campos.nombre_campo = $1::VARCHAR]
[parameters: ('CampoTest2',)]
(Background on this error at: https://sqlalche.me/e/20/gkpj)
ERROR:    Exception in ASGI application
Traceback (most recent call last):
  File "C:\Users\agust\AppData\Roaming\Python\Python314\site-packages\sqlalchemy\dialects\postgresql\asyncpg.py", line 550, in _prepare_and_execute
    self._rows = deque(await prepared_stmt.fetch(*parameters))
                       ^^^^^^^^^^^^^^^^^^^^^^^^^^^^^^^^^^^^^^
  File "C:\Users\agust\AppData\Roaming\Python\Python314\site-packages\asyncpg\prepared_stmt.py", line 177, in fetch
    data = await self.__bind_execute(args, 0, timeout)
           ^^^^^^^^^^^^^^^^^^^^^^^^^^^^^^^^^^^^^^^^^^^
  File "C:\Users\agust\AppData\Roaming\Python\Python314\site-packages\asyncpg\prepared_stmt.py", line 268, in __bind_execute
    data, status, _ = await self.__do_execute(
                      ^^^^^^^^^^^^^^^^^^^^^^^^
        lambda protocol: protocol.bind_execute(
        ^^^^^^^^^^^^^^^^^^^^^^^^^^^^^^^^^^^^^^^
            self._state, args, '', limit, True, timeout))
            ^^^^^^^^^^^^^^^^^^^^^^^^^^^^^^^^^^^^^^^^^^^^^
  File "C:\Users\agust\AppData\Roaming\Python\Python314\site-packages\asyncpg\prepared_stmt.py", line 257, in __do_execute
    return await executor(protocol)
           ^^^^^^^^^^^^^^^^^^^^^^^^
  File "asyncpg/protocol/protocol.pyx", line 205, in bind_execute
asyncpg.exceptions.ForeignKeyViolationError: update or delete on table "campos" violates foreign key constraint "parcelas_nombre_campo_fkey" on table "parcelas"
DETAIL:  Key (nombre_campo)=(CampoTest2) is still referenced from table "parcelas".

The above exception was the direct cause of the following exception:

Traceback (most recent call last):
  File "C:\Users\agust\AppData\Roaming\Python\Python314\site-packages\sqlalchemy\engine\base.py", line 1969, in _exec_single_context
    self.dialect.do_execute(
    ~~~~~~~~~~~~~~~~~~~~~~~^
        cursor, str_statement, effective_parameters, context
        ^^^^^^^^^^^^^^^^^^^^^^^^^^^^^^^^^^^^^^^^^^^^^^^^^^^^
    )
    ^
  File "C:\Users\agust\AppData\Roaming\Python\Python314\site-packages\sqlalchemy\engine\default.py", line 952, in do_execute
    cursor.execute(statement, parameters)
    ~~~~~~~~~~~~~~^^^^^^^^^^^^^^^^^^^^^^^
  File "C:\Users\agust\AppData\Roaming\Python\Python314\site-packages\sqlalchemy\dialects\postgresql\asyncpg.py", line 585, in execute
    self._adapt_connection.await_(
    ~~~~~~~~~~~~~~~~~~~~~~~~~~~~~^
        self._prepare_and_execute(operation, parameters)
        ^^^^^^^^^^^^^^^^^^^^^^^^^^^^^^^^^^^^^^^^^^^^^^^^
    )
    ^
  File "C:\Users\agust\AppData\Roaming\Python\Python314\site-packages\sqlalchemy\util\_concurrency_py3k.py", line 132, in await_only
    return current.parent.switch(awaitable)  # type: ignore[no-any-return,attr-defined] # noqa: E501
           ~~~~~~~~~~~~~~~~~~~~~^^^^^^^^^^^
  File "C:\Users\agust\AppData\Roaming\Python\Python314\site-packages\sqlalchemy\util\_concurrency_py3k.py", line 196, in greenlet_spawn
    value = await result
            ^^^^^^^^^^^^
  File "C:\Users\agust\AppData\Roaming\Python\Python314\site-packages\sqlalchemy\dialects\postgresql\asyncpg.py", line 563, in _prepare_and_execute
    self._handle_exception(error)
    ~~~~~~~~~~~~~~~~~~~~~~^^^^^^^
  File "C:\Users\agust\AppData\Roaming\Python\Python314\site-packages\sqlalchemy\dialects\postgresql\asyncpg.py", line 513, in _handle_exception
    self._adapt_connection._handle_exception(error)
    ~~~~~~~~~~~~~~~~~~~~~~~~~~~~~~~~~~~~~~~~^^^^^^^
  File "C:\Users\agust\AppData\Roaming\Python\Python314\site-packages\sqlalchemy\dialects\postgresql\asyncpg.py", line 797, in _handle_exception
    raise translated_error from error
sqlalchemy.dialects.postgresql.asyncpg.AsyncAdapt_asyncpg_dbapi.IntegrityError: <class 'asyncpg.exceptions.ForeignKeyViolationError'>: update or delete on table "campos" violates foreign key constraint "parcelas_nombre_campo_fkey" on table "parcelas"
DETAIL:  Key (nombre_campo)=(CampoTest2) is still referenced from table "parcelas".

The above exception was the direct cause of the following exception:

Traceback (most recent call last):
  File "C:\Users\agust\AppData\Roaming\Python\Python314\site-packages\uvicorn\protocols\http\httptools_impl.py", line 421, in run_asgi
    result = await app(  # type: ignore[func-returns-value]
             ^^^^^^^^^^^^^^^^^^^^^^^^^^^^^^^^^^^^^^^^^^^^^^
        self.scope, self.receive, self.send
        ^^^^^^^^^^^^^^^^^^^^^^^^^^^^^^^^^^^
    )
    ^
  File "C:\Users\agust\AppData\Roaming\Python\Python314\site-packages\uvicorn\middleware\proxy_headers.py", line 62, in __call__
    return await self.app(scope, receive, send)
           ^^^^^^^^^^^^^^^^^^^^^^^^^^^^^^^^^^^^
  File "C:\Users\agust\AppData\Roaming\Python\Python314\site-packages\fastapi\applications.py", line 1163, in __call__
    await super().__call__(scope, receive, send)
  File "C:\Users\agust\AppData\Roaming\Python\Python314\site-packages\starlette\applications.py", line 90, in __call__
    await self.middleware_stack(scope, receive, send)
  File "C:\Users\agust\AppData\Roaming\Python\Python314\site-packages\starlette\middleware\errors.py", line 186, in __call__
    raise exc
  File "C:\Users\agust\AppData\Roaming\Python\Python314\site-packages\starlette\middleware\errors.py", line 164, in __call__
    await self.app(scope, receive, _send)
  File "C:\Users\agust\AppData\Roaming\Python\Python314\site-packages\starlette\middleware\exceptions.py", line 63, in __call__
    await wrap_app_handling_exceptions(self.app, conn)(scope, receive, send)
  File "C:\Users\agust\AppData\Roaming\Python\Python314\site-packages\starlette\_exception_handler.py", line 53, in wrapped_app
    raise exc
  File "C:\Users\agust\AppData\Roaming\Python\Python314\site-packages\starlette\_exception_handler.py", line 42, in wrapped_app
    await app(scope, receive, sender)
  File "C:\Users\agust\AppData\Roaming\Python\Python314\site-packages\fastapi\middleware\asyncexitstack.py", line 18, in __call__
    await self.app(scope, receive, send)
  File "C:\Users\agust\AppData\Roaming\Python\Python314\site-packages\starlette\routing.py", line 660, in __call__
    await self.middleware_stack(scope, receive, send)
  File "C:\Users\agust\AppData\Roaming\Python\Python314\site-packages\fastapi\routing.py", line 2531, in app
    await route.handle(scope, receive, send)
  File "C:\Users\agust\AppData\Roaming\Python\Python314\site-packages\fastapi\routing.py", line 1700, in handle
    await self.original_router.handle(scope, receive, send)
  File "C:\Users\agust\AppData\Roaming\Python\Python314\site-packages\fastapi\routing.py", line 2586, in handle
    await included_router._handle_selected(scope, receive, send)
  File "C:\Users\agust\AppData\Roaming\Python\Python314\site-packages\fastapi\routing.py", line 1720, in _handle_selected
    await original_route.handle(scope, receive, send)
  File "C:\Users\agust\AppData\Roaming\Python\Python314\site-packages\fastapi\routing.py", line 1239, in handle
    await app(scope, receive, send)
  File "C:\Users\agust\AppData\Roaming\Python\Python314\site-packages\fastapi\routing.py", line 150, in app
    await wrap_app_handling_exceptions(app, request)(scope, receive, send)
  File "C:\Users\agust\AppData\Roaming\Python\Python314\site-packages\starlette\_exception_handler.py", line 53, in wrapped_app
    raise exc
  File "C:\Users\agust\AppData\Roaming\Python\Python314\site-packages\starlette\_exception_handler.py", line 42, in wrapped_app
    await app(scope, receive, sender)
  File "C:\Users\agust\AppData\Roaming\Python\Python314\site-packages\fastapi\routing.py", line 136, in app
    response = await f(request)
               ^^^^^^^^^^^^^^^^
  File "C:\Users\agust\AppData\Roaming\Python\Python314\site-packages\fastapi\routing.py", line 690, in app
    raw_response = await run_endpoint_function(
                   ^^^^^^^^^^^^^^^^^^^^^^^^^^^^
    ...<3 lines>...
    )
    ^
  File "C:\Users\agust\AppData\Roaming\Python\Python314\site-packages\fastapi\routing.py", line 344, in run_endpoint_function
    return await dependant.call(**values)
           ^^^^^^^^^^^^^^^^^^^^^^^^^^^^^^
  File "X:\Arqui\AgroTech\src\modules\data_api\router.py", line 334, in delete_campo
    async with db.begin():
               ~~~~~~~~^^
  File "C:\Users\agust\AppData\Roaming\Python\Python314\site-packages\sqlalchemy\ext\asyncio\session.py", line 1886, in __aexit__
    await greenlet_spawn(
        self._sync_transaction().__exit__, type_, value, traceback
    )
  File "C:\Users\agust\AppData\Roaming\Python\Python314\site-packages\sqlalchemy\util\_concurrency_py3k.py", line 203, in greenlet_spawn
    result = context.switch(value)
  File "C:\Users\agust\AppData\Roaming\Python\Python314\site-packages\sqlalchemy\engine\util.py", line 147, in __exit__
    with util.safe_reraise():
         ~~~~~~~~~~~~~~~~~^^
  File "C:\Users\agust\AppData\Roaming\Python\Python314\site-packages\sqlalchemy\util\langhelpers.py", line 122, in __exit__
    raise exc_value.with_traceback(exc_tb)
  File "C:\Users\agust\AppData\Roaming\Python\Python314\site-packages\sqlalchemy\engine\util.py", line 145, in __exit__
    self.commit()
    ~~~~~~~~~~~^^
  File "<string>", line 2, in commit
  File "C:\Users\agust\AppData\Roaming\Python\Python314\site-packages\sqlalchemy\orm\state_changes.py", line 137, in _go
    ret_value = fn(self, *arg, **kw)
  File "C:\Users\agust\AppData\Roaming\Python\Python314\site-packages\sqlalchemy\orm\session.py", line 1316, in commit
    self._prepare_impl()
    ~~~~~~~~~~~~~~~~~~^^
  File "<string>", line 2, in _prepare_impl
  File "C:\Users\agust\AppData\Roaming\Python\Python314\site-packages\sqlalchemy\orm\state_changes.py", line 137, in _go
    ret_value = fn(self, *arg, **kw)
  File "C:\Users\agust\AppData\Roaming\Python\Python314\site-packages\sqlalchemy\orm\session.py", line 1290, in _prepare_impl
    self.session.flush()
    ~~~~~~~~~~~~~~~~~~^^
  File "C:\Users\agust\AppData\Roaming\Python\Python314\site-packages\sqlalchemy\orm\session.py", line 4353, in flush
    self._flush(objects)
    ~~~~~~~~~~~^^^^^^^^^
  File "C:\Users\agust\AppData\Roaming\Python\Python314\site-packages\sqlalchemy\orm\session.py", line 4488, in _flush
    with util.safe_reraise():
         ~~~~~~~~~~~~~~~~~^^
  File "C:\Users\agust\AppData\Roaming\Python\Python314\site-packages\sqlalchemy\util\langhelpers.py", line 122, in __exit__
    raise exc_value.with_traceback(exc_tb)
  File "C:\Users\agust\AppData\Roaming\Python\Python314\site-packages\sqlalchemy\orm\session.py", line 4449, in _flush
    flush_context.execute()
    ~~~~~~~~~~~~~~~~~~~~~^^
  File "C:\Users\agust\AppData\Roaming\Python\Python314\site-packages\sqlalchemy\orm\unitofwork.py", line 465, in execute
    rec.execute(self)
    ~~~~~~~~~~~^^^^^^
  File "C:\Users\agust\AppData\Roaming\Python\Python314\site-packages\sqlalchemy\orm\unitofwork.py", line 678, in execute
    util.preloaded.orm_persistence.delete_obj(
    ~~~~~~~~~~~~~~~~~~~~~~~~~~~~~~~~~~~~~~~~~^
        self.mapper,
        ^^^^^^^^^^^^
        uow.states_for_mapper_hierarchy(self.mapper, True, False),
        ^^^^^^^^^^^^^^^^^^^^^^^^^^^^^^^^^^^^^^^^^^^^^^^^^^^^^^^^^^
        uow,
        ^^^^
    )
    ^
  File "C:\Users\agust\AppData\Roaming\Python\Python314\site-packages\sqlalchemy\orm\persistence.py", line 194, in delete_obj
    _emit_delete_statements(
    ~~~~~~~~~~~~~~~~~~~~~~~^
        base_mapper,
        ^^^^^^^^^^^^
    ...<3 lines>...
        delete,
        ^^^^^^^
    )
    ^
  File "C:\Users\agust\AppData\Roaming\Python\Python314\site-packages\sqlalchemy\orm\persistence.py", line 1472, in _emit_delete_statements
    c = connection.execute(
        statement, del_objects, execution_options=execution_options
    )
  File "C:\Users\agust\AppData\Roaming\Python\Python314\site-packages\sqlalchemy\engine\base.py", line 1421, in execute
    return meth(
        self,
        distilled_parameters,
        execution_options or NO_OPTIONS,
    )
  File "C:\Users\agust\AppData\Roaming\Python\Python314\site-packages\sqlalchemy\sql\elements.py", line 526, in _execute_on_connection
    return connection._execute_clauseelement(
           ~~~~~~~~~~~~~~~~~~~~~~~~~~~~~~~~~^
        self, distilled_params, execution_options
        ^^^^^^^^^^^^^^^^^^^^^^^^^^^^^^^^^^^^^^^^^
    )
    ^
  File "C:\Users\agust\AppData\Roaming\Python\Python314\site-packages\sqlalchemy\engine\base.py", line 1643, in _execute_clauseelement
    ret = self._execute_context(
        dialect,
    ...<8 lines>...
        cache_hit=cache_hit,
    )
  File "C:\Users\agust\AppData\Roaming\Python\Python314\site-packages\sqlalchemy\engine\base.py", line 1848, in _execute_context
    return self._exec_single_context(
           ~~~~~~~~~~~~~~~~~~~~~~~~~^
        dialect, context, statement, parameters
        ^^^^^^^^^^^^^^^^^^^^^^^^^^^^^^^^^^^^^^^
    )
    ^
  File "C:\Users\agust\AppData\Roaming\Python\Python314\site-packages\sqlalchemy\engine\base.py", line 1988, in _exec_single_context
    self._handle_dbapi_exception(
    ~~~~~~~~~~~~~~~~~~~~~~~~~~~~^
        e, str_statement, effective_parameters, cursor, context
        ^^^^^^^^^^^^^^^^^^^^^^^^^^^^^^^^^^^^^^^^^^^^^^^^^^^^^^^
    )
    ^
  File "C:\Users\agust\AppData\Roaming\Python\Python314\site-packages\sqlalchemy\engine\base.py", line 2365, in _handle_dbapi_exception
    raise sqlalchemy_exception.with_traceback(exc_info[2]) from e
  File "C:\Users\agust\AppData\Roaming\Python\Python314\site-packages\sqlalchemy\engine\base.py", line 1969, in _exec_single_context
    self.dialect.do_execute(
    ~~~~~~~~~~~~~~~~~~~~~~~^
        cursor, str_statement, effective_parameters, context
        ^^^^^^^^^^^^^^^^^^^^^^^^^^^^^^^^^^^^^^^^^^^^^^^^^^^^
    )
    ^
  File "C:\Users\agust\AppData\Roaming\Python\Python314\site-packages\sqlalchemy\engine\default.py", line 952, in do_execute
    cursor.execute(statement, parameters)
    ~~~~~~~~~~~~~~^^^^^^^^^^^^^^^^^^^^^^^
  File "C:\Users\agust\AppData\Roaming\Python\Python314\site-packages\sqlalchemy\dialects\postgresql\asyncpg.py", line 585, in execute
    self._adapt_connection.await_(
    ~~~~~~~~~~~~~~~~~~~~~~~~~~~~~^
        self._prepare_and_execute(operation, parameters)
        ^^^^^^^^^^^^^^^^^^^^^^^^^^^^^^^^^^^^^^^^^^^^^^^^
    )
    ^
  File "C:\Users\agust\AppData\Roaming\Python\Python314\site-packages\sqlalchemy\util\_concurrency_py3k.py", line 132, in await_only
    return current.parent.switch(awaitable)  # type: ignore[no-any-return,attr-defined] # noqa: E501
           ~~~~~~~~~~~~~~~~~~~~~^^^^^^^^^^^
  File "C:\Users\agust\AppData\Roaming\Python\Python314\site-packages\sqlalchemy\util\_concurrency_py3k.py", line 196, in greenlet_spawn
    value = await result
            ^^^^^^^^^^^^
  File "C:\Users\agust\AppData\Roaming\Python\Python314\site-packages\sqlalchemy\dialects\postgresql\asyncpg.py", line 563, in _prepare_and_execute
    self._handle_exception(error)
    ~~~~~~~~~~~~~~~~~~~~~~^^^^^^^
  File "C:\Users\agust\AppData\Roaming\Python\Python314\site-packages\sqlalchemy\dialects\postgresql\asyncpg.py", line 513, in _handle_exception
    self._adapt_connection._handle_exception(error)
    ~~~~~~~~~~~~~~~~~~~~~~~~~~~~~~~~~~~~~~~~^^^^^^^
  File "C:\Users\agust\AppData\Roaming\Python\Python314\site-packages\sqlalchemy\dialects\postgresql\asyncpg.py", line 797, in _handle_exception
    raise translated_error from error
sqlalchemy.exc.IntegrityError: (sqlalchemy.dialects.postgresql.asyncpg.IntegrityError) <class 'asyncpg.exceptions.ForeignKeyViolationError'>: update or delete on table "campos" violates foreign key constraint "parcelas_nombre_campo_fkey" on table "parcelas"
DETAIL:  Key (nombre_campo)=(CampoTest2) is still referenced from table "parcelas".
[SQL: DELETE FROM campos WHERE campos.nombre_campo = $1::VARCHAR]
[parameters: ('CampoTest2',)]
(Background on this error at: https://sqlalche.me/e/20/gkpj)
Rate limit excedido | path=/auth/login | ip=127.0.0.1 | limit=5 per 1 minute
Rate limit excedido | path=/auth/login | ip=127.0.0.1 | limit=5 per 1 minute
Error interno no controlado | path=/api/campos/CampoTest2 | ip=127.0.0.1
Traceback (most recent call last):
  File "C:\Users\agust\AppData\Roaming\Python\Python314\site-packages\sqlalchemy\dialects\postgresql\asyncpg.py", line 550, in _prepare_and_execute
    self._rows = deque(await prepared_stmt.fetch(*parameters))
                       ^^^^^^^^^^^^^^^^^^^^^^^^^^^^^^^^^^^^^^
  File "C:\Users\agust\AppData\Roaming\Python\Python314\site-packages\asyncpg\prepared_stmt.py", line 177, in fetch
    data = await self.__bind_execute(args, 0, timeout)
           ^^^^^^^^^^^^^^^^^^^^^^^^^^^^^^^^^^^^^^^^^^^
  File "C:\Users\agust\AppData\Roaming\Python\Python314\site-packages\asyncpg\prepared_stmt.py", line 268, in __bind_execute
    data, status, _ = await self.__do_execute(
                      ^^^^^^^^^^^^^^^^^^^^^^^^
        lambda protocol: protocol.bind_execute(
        ^^^^^^^^^^^^^^^^^^^^^^^^^^^^^^^^^^^^^^^
            self._state, args, '', limit, True, timeout))
            ^^^^^^^^^^^^^^^^^^^^^^^^^^^^^^^^^^^^^^^^^^^^^
  File "C:\Users\agust\AppData\Roaming\Python\Python314\site-packages\asyncpg\prepared_stmt.py", line 257, in __do_execute
    return await executor(protocol)
           ^^^^^^^^^^^^^^^^^^^^^^^^
  File "asyncpg/protocol/protocol.pyx", line 205, in bind_execute
asyncpg.exceptions.ForeignKeyViolationError: update or delete on table "campos" violates foreign key constraint "parcelas_nombre_campo_fkey" on table "parcelas"
DETAIL:  Key (nombre_campo)=(CampoTest2) is still referenced from table "parcelas".

The above exception was the direct cause of the following exception:

Traceback (most recent call last):
  File "C:\Users\agust\AppData\Roaming\Python\Python314\site-packages\sqlalchemy\engine\base.py", line 1969, in _exec_single_context
    self.dialect.do_execute(
    ~~~~~~~~~~~~~~~~~~~~~~~^
        cursor, str_statement, effective_parameters, context
        ^^^^^^^^^^^^^^^^^^^^^^^^^^^^^^^^^^^^^^^^^^^^^^^^^^^^
    )
    ^
  File "C:\Users\agust\AppData\Roaming\Python\Python314\site-packages\sqlalchemy\engine\default.py", line 952, in do_execute
    cursor.execute(statement, parameters)
    ~~~~~~~~~~~~~~^^^^^^^^^^^^^^^^^^^^^^^
  File "C:\Users\agust\AppData\Roaming\Python\Python314\site-packages\sqlalchemy\dialects\postgresql\asyncpg.py", line 585, in execute
    self._adapt_connection.await_(
    ~~~~~~~~~~~~~~~~~~~~~~~~~~~~~^
        self._prepare_and_execute(operation, parameters)
        ^^^^^^^^^^^^^^^^^^^^^^^^^^^^^^^^^^^^^^^^^^^^^^^^
    )
    ^
  File "C:\Users\agust\AppData\Roaming\Python\Python314\site-packages\sqlalchemy\util\_concurrency_py3k.py", line 132, in await_only
    return current.parent.switch(awaitable)  # type: ignore[no-any-return,attr-defined] # noqa: E501
           ~~~~~~~~~~~~~~~~~~~~~^^^^^^^^^^^
  File "C:\Users\agust\AppData\Roaming\Python\Python314\site-packages\sqlalchemy\util\_concurrency_py3k.py", line 196, in greenlet_spawn
    value = await result
            ^^^^^^^^^^^^
  File "C:\Users\agust\AppData\Roaming\Python\Python314\site-packages\sqlalchemy\dialects\postgresql\asyncpg.py", line 563, in _prepare_and_execute
    self._handle_exception(error)
    ~~~~~~~~~~~~~~~~~~~~~~^^^^^^^
  File "C:\Users\agust\AppData\Roaming\Python\Python314\site-packages\sqlalchemy\dialects\postgresql\asyncpg.py", line 513, in _handle_exception
    self._adapt_connection._handle_exception(error)
    ~~~~~~~~~~~~~~~~~~~~~~~~~~~~~~~~~~~~~~~~^^^^^^^
  File "C:\Users\agust\AppData\Roaming\Python\Python314\site-packages\sqlalchemy\dialects\postgresql\asyncpg.py", line 797, in _handle_exception
    raise translated_error from error
sqlalchemy.dialects.postgresql.asyncpg.AsyncAdapt_asyncpg_dbapi.IntegrityError: <class 'asyncpg.exceptions.ForeignKeyViolationError'>: update or delete on table "campos" violates foreign key constraint "parcelas_nombre_campo_fkey" on table "parcelas"
DETAIL:  Key (nombre_campo)=(CampoTest2) is still referenced from table "parcelas".

The above exception was the direct cause of the following exception:

Traceback (most recent call last):
  File "C:\Users\agust\AppData\Roaming\Python\Python314\site-packages\starlette\middleware\errors.py", line 164, in __call__
    await self.app(scope, receive, _send)
  File "C:\Users\agust\AppData\Roaming\Python\Python314\site-packages\starlette\middleware\exceptions.py", line 63, in __call__
    await wrap_app_handling_exceptions(self.app, conn)(scope, receive, send)
  File "C:\Users\agust\AppData\Roaming\Python\Python314\site-packages\starlette\_exception_handler.py", line 53, in wrapped_app
    raise exc
  File "C:\Users\agust\AppData\Roaming\Python\Python314\site-packages\starlette\_exception_handler.py", line 42, in wrapped_app
    await app(scope, receive, sender)
  File "C:\Users\agust\AppData\Roaming\Python\Python314\site-packages\fastapi\middleware\asyncexitstack.py", line 18, in __call__
    await self.app(scope, receive, send)
  File "C:\Users\agust\AppData\Roaming\Python\Python314\site-packages\starlette\routing.py", line 660, in __call__
    await self.middleware_stack(scope, receive, send)
  File "C:\Users\agust\AppData\Roaming\Python\Python314\site-packages\fastapi\routing.py", line 2531, in app
    await route.handle(scope, receive, send)
  File "C:\Users\agust\AppData\Roaming\Python\Python314\site-packages\fastapi\routing.py", line 1700, in handle
    await self.original_router.handle(scope, receive, send)
  File "C:\Users\agust\AppData\Roaming\Python\Python314\site-packages\fastapi\routing.py", line 2586, in handle
    await included_router._handle_selected(scope, receive, send)
  File "C:\Users\agust\AppData\Roaming\Python\Python314\site-packages\fastapi\routing.py", line 1720, in _handle_selected
    await original_route.handle(scope, receive, send)
  File "C:\Users\agust\AppData\Roaming\Python\Python314\site-packages\fastapi\routing.py", line 1239, in handle
    await app(scope, receive, send)
  File "C:\Users\agust\AppData\Roaming\Python\Python314\site-packages\fastapi\routing.py", line 150, in app
    await wrap_app_handling_exceptions(app, request)(scope, receive, send)
  File "C:\Users\agust\AppData\Roaming\Python\Python314\site-packages\starlette\_exception_handler.py", line 53, in wrapped_app
    raise exc
  File "C:\Users\agust\AppData\Roaming\Python\Python314\site-packages\starlette\_exception_handler.py", line 42, in wrapped_app
    await app(scope, receive, sender)
  File "C:\Users\agust\AppData\Roaming\Python\Python314\site-packages\fastapi\routing.py", line 136, in app
    response = await f(request)
               ^^^^^^^^^^^^^^^^
  File "C:\Users\agust\AppData\Roaming\Python\Python314\site-packages\fastapi\routing.py", line 690, in app
    raw_response = await run_endpoint_function(
                   ^^^^^^^^^^^^^^^^^^^^^^^^^^^^
    ...<3 lines>...
    )
    ^
  File "C:\Users\agust\AppData\Roaming\Python\Python314\site-packages\fastapi\routing.py", line 344, in run_endpoint_function
    return await dependant.call(**values)
           ^^^^^^^^^^^^^^^^^^^^^^^^^^^^^^
  File "X:\Arqui\AgroTech\src\modules\data_api\router.py", line 334, in delete_campo
    async with db.begin():
               ~~~~~~~~^^
  File "C:\Users\agust\AppData\Roaming\Python\Python314\site-packages\sqlalchemy\ext\asyncio\session.py", line 1886, in __aexit__
    await greenlet_spawn(
        self._sync_transaction().__exit__, type_, value, traceback
    )
  File "C:\Users\agust\AppData\Roaming\Python\Python314\site-packages\sqlalchemy\util\_concurrency_py3k.py", line 203, in greenlet_spawn
    result = context.switch(value)
  File "C:\Users\agust\AppData\Roaming\Python\Python314\site-packages\sqlalchemy\engine\util.py", line 147, in __exit__
    with util.safe_reraise():
         ~~~~~~~~~~~~~~~~~^^
  File "C:\Users\agust\AppData\Roaming\Python\Python314\site-packages\sqlalchemy\util\langhelpers.py", line 122, in __exit__
    raise exc_value.with_traceback(exc_tb)
  File "C:\Users\agust\AppData\Roaming\Python\Python314\site-packages\sqlalchemy\engine\util.py", line 145, in __exit__
    self.commit()
    ~~~~~~~~~~~^^
  File "<string>", line 2, in commit
  File "C:\Users\agust\AppData\Roaming\Python\Python314\site-packages\sqlalchemy\orm\state_changes.py", line 137, in _go
    ret_value = fn(self, *arg, **kw)
  File "C:\Users\agust\AppData\Roaming\Python\Python314\site-packages\sqlalchemy\orm\session.py", line 1316, in commit
    self._prepare_impl()
    ~~~~~~~~~~~~~~~~~~^^
  File "<string>", line 2, in _prepare_impl
  File "C:\Users\agust\AppData\Roaming\Python\Python314\site-packages\sqlalchemy\orm\state_changes.py", line 137, in _go
    ret_value = fn(self, *arg, **kw)
  File "C:\Users\agust\AppData\Roaming\Python\Python314\site-packages\sqlalchemy\orm\session.py", line 1290, in _prepare_impl
    self.session.flush()
    ~~~~~~~~~~~~~~~~~~^^
  File "C:\Users\agust\AppData\Roaming\Python\Python314\site-packages\sqlalchemy\orm\session.py", line 4353, in flush
    self._flush(objects)
    ~~~~~~~~~~~^^^^^^^^^
  File "C:\Users\agust\AppData\Roaming\Python\Python314\site-packages\sqlalchemy\orm\session.py", line 4488, in _flush
    with util.safe_reraise():
         ~~~~~~~~~~~~~~~~~^^
  File "C:\Users\agust\AppData\Roaming\Python\Python314\site-packages\sqlalchemy\util\langhelpers.py", line 122, in __exit__
    raise exc_value.with_traceback(exc_tb)
  File "C:\Users\agust\AppData\Roaming\Python\Python314\site-packages\sqlalchemy\orm\session.py", line 4449, in _flush
    flush_context.execute()
    ~~~~~~~~~~~~~~~~~~~~~^^
  File "C:\Users\agust\AppData\Roaming\Python\Python314\site-packages\sqlalchemy\orm\unitofwork.py", line 465, in execute
    rec.execute(self)
    ~~~~~~~~~~~^^^^^^
  File "C:\Users\agust\AppData\Roaming\Python\Python314\site-packages\sqlalchemy\orm\unitofwork.py", line 678, in execute
    util.preloaded.orm_persistence.delete_obj(
    ~~~~~~~~~~~~~~~~~~~~~~~~~~~~~~~~~~~~~~~~~^
        self.mapper,
        ^^^^^^^^^^^^
        uow.states_for_mapper_hierarchy(self.mapper, True, False),
        ^^^^^^^^^^^^^^^^^^^^^^^^^^^^^^^^^^^^^^^^^^^^^^^^^^^^^^^^^^
        uow,
        ^^^^
    )
    ^
  File "C:\Users\agust\AppData\Roaming\Python\Python314\site-packages\sqlalchemy\orm\persistence.py", line 194, in delete_obj
    _emit_delete_statements(
    ~~~~~~~~~~~~~~~~~~~~~~~^
        base_mapper,
        ^^^^^^^^^^^^
    ...<3 lines>...
        delete,
        ^^^^^^^
    )
    ^
  File "C:\Users\agust\AppData\Roaming\Python\Python314\site-packages\sqlalchemy\orm\persistence.py", line 1472, in _emit_delete_statements
    c = connection.execute(
        statement, del_objects, execution_options=execution_options
    )
  File "C:\Users\agust\AppData\Roaming\Python\Python314\site-packages\sqlalchemy\engine\base.py", line 1421, in execute
    return meth(
        self,
        distilled_parameters,
        execution_options or NO_OPTIONS,
    )
  File "C:\Users\agust\AppData\Roaming\Python\Python314\site-packages\sqlalchemy\sql\elements.py", line 526, in _execute_on_connection
    return connection._execute_clauseelement(
           ~~~~~~~~~~~~~~~~~~~~~~~~~~~~~~~~~^
        self, distilled_params, execution_options
        ^^^^^^^^^^^^^^^^^^^^^^^^^^^^^^^^^^^^^^^^^
    )
    ^
  File "C:\Users\agust\AppData\Roaming\Python\Python314\site-packages\sqlalchemy\engine\base.py", line 1643, in _execute_clauseelement
    ret = self._execute_context(
        dialect,
    ...<8 lines>...
        cache_hit=cache_hit,
    )
  File "C:\Users\agust\AppData\Roaming\Python\Python314\site-packages\sqlalchemy\engine\base.py", line 1848, in _execute_context
    return self._exec_single_context(
           ~~~~~~~~~~~~~~~~~~~~~~~~~^
        dialect, context, statement, parameters
        ^^^^^^^^^^^^^^^^^^^^^^^^^^^^^^^^^^^^^^^
    )
    ^
  File "C:\Users\agust\AppData\Roaming\Python\Python314\site-packages\sqlalchemy\engine\base.py", line 1988, in _exec_single_context
    self._handle_dbapi_exception(
    ~~~~~~~~~~~~~~~~~~~~~~~~~~~~^
        e, str_statement, effective_parameters, cursor, context
        ^^^^^^^^^^^^^^^^^^^^^^^^^^^^^^^^^^^^^^^^^^^^^^^^^^^^^^^
    )
    ^
  File "C:\Users\agust\AppData\Roaming\Python\Python314\site-packages\sqlalchemy\engine\base.py", line 2365, in _handle_dbapi_exception
    raise sqlalchemy_exception.with_traceback(exc_info[2]) from e
  File "C:\Users\agust\AppData\Roaming\Python\Python314\site-packages\sqlalchemy\engine\base.py", line 1969, in _exec_single_context
    self.dialect.do_execute(
    ~~~~~~~~~~~~~~~~~~~~~~~^
        cursor, str_statement, effective_parameters, context
        ^^^^^^^^^^^^^^^^^^^^^^^^^^^^^^^^^^^^^^^^^^^^^^^^^^^^
    )
    ^
  File "C:\Users\agust\AppData\Roaming\Python\Python314\site-packages\sqlalchemy\engine\default.py", line 952, in do_execute
    cursor.execute(statement, parameters)
    ~~~~~~~~~~~~~~^^^^^^^^^^^^^^^^^^^^^^^
  File "C:\Users\agust\AppData\Roaming\Python\Python314\site-packages\sqlalchemy\dialects\postgresql\asyncpg.py", line 585, in execute
    self._adapt_connection.await_(
    ~~~~~~~~~~~~~~~~~~~~~~~~~~~~~^
        self._prepare_and_execute(operation, parameters)
        ^^^^^^^^^^^^^^^^^^^^^^^^^^^^^^^^^^^^^^^^^^^^^^^^
    )
    ^
  File "C:\Users\agust\AppData\Roaming\Python\Python314\site-packages\sqlalchemy\util\_concurrency_py3k.py", line 132, in await_only
    return current.parent.switch(awaitable)  # type: ignore[no-any-return,attr-defined] # noqa: E501
           ~~~~~~~~~~~~~~~~~~~~~^^^^^^^^^^^
  File "C:\Users\agust\AppData\Roaming\Python\Python314\site-packages\sqlalchemy\util\_concurrency_py3k.py", line 196, in greenlet_spawn
    value = await result
            ^^^^^^^^^^^^
  File "C:\Users\agust\AppData\Roaming\Python\Python314\site-packages\sqlalchemy\dialects\postgresql\asyncpg.py", line 563, in _prepare_and_execute
    self._handle_exception(error)
    ~~~~~~~~~~~~~~~~~~~~~~^^^^^^^
  File "C:\Users\agust\AppData\Roaming\Python\Python314\site-packages\sqlalchemy\dialects\postgresql\asyncpg.py", line 513, in _handle_exception
    self._adapt_connection._handle_exception(error)
    ~~~~~~~~~~~~~~~~~~~~~~~~~~~~~~~~~~~~~~~~^^^^^^^
  File "C:\Users\agust\AppData\Roaming\Python\Python314\site-packages\sqlalchemy\dialects\postgresql\asyncpg.py", line 797, in _handle_exception
    raise translated_error from error
sqlalchemy.exc.IntegrityError: (sqlalchemy.dialects.postgresql.asyncpg.IntegrityError) <class 'asyncpg.exceptions.ForeignKeyViolationError'>: update or delete on table "campos" violates foreign key constraint "parcelas_nombre_campo_fkey" on table "parcelas"
DETAIL:  Key (nombre_campo)=(CampoTest2) is still referenced from table "parcelas".
[SQL: DELETE FROM campos WHERE campos.nombre_campo = $1::VARCHAR]
[parameters: ('CampoTest2',)]
(Background on this error at: https://sqlalche.me/e/20/gkpj)
ERROR:    Exception in ASGI application
Traceback (most recent call last):
  File "C:\Users\agust\AppData\Roaming\Python\Python314\site-packages\sqlalchemy\dialects\postgresql\asyncpg.py", line 550, in _prepare_and_execute
    self._rows = deque(await prepared_stmt.fetch(*parameters))
                       ^^^^^^^^^^^^^^^^^^^^^^^^^^^^^^^^^^^^^^
  File "C:\Users\agust\AppData\Roaming\Python\Python314\site-packages\asyncpg\prepared_stmt.py", line 177, in fetch
    data = await self.__bind_execute(args, 0, timeout)
           ^^^^^^^^^^^^^^^^^^^^^^^^^^^^^^^^^^^^^^^^^^^
  File "C:\Users\agust\AppData\Roaming\Python\Python314\site-packages\asyncpg\prepared_stmt.py", line 268, in __bind_execute
    data, status, _ = await self.__do_execute(
                      ^^^^^^^^^^^^^^^^^^^^^^^^
        lambda protocol: protocol.bind_execute(
        ^^^^^^^^^^^^^^^^^^^^^^^^^^^^^^^^^^^^^^^
            self._state, args, '', limit, True, timeout))
            ^^^^^^^^^^^^^^^^^^^^^^^^^^^^^^^^^^^^^^^^^^^^^
  File "C:\Users\agust\AppData\Roaming\Python\Python314\site-packages\asyncpg\prepared_stmt.py", line 257, in __do_execute
    return await executor(protocol)
           ^^^^^^^^^^^^^^^^^^^^^^^^
  File "asyncpg/protocol/protocol.pyx", line 205, in bind_execute
asyncpg.exceptions.ForeignKeyViolationError: update or delete on table "campos" violates foreign key constraint "parcelas_nombre_campo_fkey" on table "parcelas"
DETAIL:  Key (nombre_campo)=(CampoTest2) is still referenced from table "parcelas".

The above exception was the direct cause of the following exception:

Traceback (most recent call last):
  File "C:\Users\agust\AppData\Roaming\Python\Python314\site-packages\sqlalchemy\engine\base.py", line 1969, in _exec_single_context
    self.dialect.do_execute(
    ~~~~~~~~~~~~~~~~~~~~~~~^
        cursor, str_statement, effective_parameters, context
        ^^^^^^^^^^^^^^^^^^^^^^^^^^^^^^^^^^^^^^^^^^^^^^^^^^^^
    )
    ^
  File "C:\Users\agust\AppData\Roaming\Python\Python314\site-packages\sqlalchemy\engine\default.py", line 952, in do_execute
    cursor.execute(statement, parameters)
    ~~~~~~~~~~~~~~^^^^^^^^^^^^^^^^^^^^^^^
  File "C:\Users\agust\AppData\Roaming\Python\Python314\site-packages\sqlalchemy\dialects\postgresql\asyncpg.py", line 585, in execute
    self._adapt_connection.await_(
    ~~~~~~~~~~~~~~~~~~~~~~~~~~~~~^
        self._prepare_and_execute(operation, parameters)
        ^^^^^^^^^^^^^^^^^^^^^^^^^^^^^^^^^^^^^^^^^^^^^^^^
    )
    ^
  File "C:\Users\agust\AppData\Roaming\Python\Python314\site-packages\sqlalchemy\util\_concurrency_py3k.py", line 132, in await_only
    return current.parent.switch(awaitable)  # type: ignore[no-any-return,attr-defined] # noqa: E501
           ~~~~~~~~~~~~~~~~~~~~~^^^^^^^^^^^
  File "C:\Users\agust\AppData\Roaming\Python\Python314\site-packages\sqlalchemy\util\_concurrency_py3k.py", line 196, in greenlet_spawn
    value = await result
            ^^^^^^^^^^^^
  File "C:\Users\agust\AppData\Roaming\Python\Python314\site-packages\sqlalchemy\dialects\postgresql\asyncpg.py", line 563, in _prepare_and_execute
    self._handle_exception(error)
    ~~~~~~~~~~~~~~~~~~~~~~^^^^^^^
  File "C:\Users\agust\AppData\Roaming\Python\Python314\site-packages\sqlalchemy\dialects\postgresql\asyncpg.py", line 513, in _handle_exception
    self._adapt_connection._handle_exception(error)
    ~~~~~~~~~~~~~~~~~~~~~~~~~~~~~~~~~~~~~~~~^^^^^^^
  File "C:\Users\agust\AppData\Roaming\Python\Python314\site-packages\sqlalchemy\dialects\postgresql\asyncpg.py", line 797, in _handle_exception
    raise translated_error from error
sqlalchemy.dialects.postgresql.asyncpg.AsyncAdapt_asyncpg_dbapi.IntegrityError: <class 'asyncpg.exceptions.ForeignKeyViolationError'>: update or delete on table "campos" violates foreign key constraint "parcelas_nombre_campo_fkey" on table "parcelas"
DETAIL:  Key (nombre_campo)=(CampoTest2) is still referenced from table "parcelas".

The above exception was the direct cause of the following exception:

Traceback (most recent call last):
  File "C:\Users\agust\AppData\Roaming\Python\Python314\site-packages\uvicorn\protocols\http\httptools_impl.py", line 421, in run_asgi
    result = await app(  # type: ignore[func-returns-value]
             ^^^^^^^^^^^^^^^^^^^^^^^^^^^^^^^^^^^^^^^^^^^^^^
        self.scope, self.receive, self.send
        ^^^^^^^^^^^^^^^^^^^^^^^^^^^^^^^^^^^
    )
    ^
  File "C:\Users\agust\AppData\Roaming\Python\Python314\site-packages\uvicorn\middleware\proxy_headers.py", line 62, in __call__
    return await self.app(scope, receive, send)
           ^^^^^^^^^^^^^^^^^^^^^^^^^^^^^^^^^^^^
  File "C:\Users\agust\AppData\Roaming\Python\Python314\site-packages\fastapi\applications.py", line 1163, in __call__
    await super().__call__(scope, receive, send)
  File "C:\Users\agust\AppData\Roaming\Python\Python314\site-packages\starlette\applications.py", line 90, in __call__
    await self.middleware_stack(scope, receive, send)
  File "C:\Users\agust\AppData\Roaming\Python\Python314\site-packages\starlette\middleware\errors.py", line 186, in __call__
    raise exc
  File "C:\Users\agust\AppData\Roaming\Python\Python314\site-packages\starlette\middleware\errors.py", line 164, in __call__
    await self.app(scope, receive, _send)
  File "C:\Users\agust\AppData\Roaming\Python\Python314\site-packages\starlette\middleware\exceptions.py", line 63, in __call__
    await wrap_app_handling_exceptions(self.app, conn)(scope, receive, send)
  File "C:\Users\agust\AppData\Roaming\Python\Python314\site-packages\starlette\_exception_handler.py", line 53, in wrapped_app
    raise exc
  File "C:\Users\agust\AppData\Roaming\Python\Python314\site-packages\starlette\_exception_handler.py", line 42, in wrapped_app
    await app(scope, receive, sender)
  File "C:\Users\agust\AppData\Roaming\Python\Python314\site-packages\fastapi\middleware\asyncexitstack.py", line 18, in __call__
    await self.app(scope, receive, send)
  File "C:\Users\agust\AppData\Roaming\Python\Python314\site-packages\starlette\routing.py", line 660, in __call__
    await self.middleware_stack(scope, receive, send)
  File "C:\Users\agust\AppData\Roaming\Python\Python314\site-packages\fastapi\routing.py", line 2531, in app
    await route.handle(scope, receive, send)
  File "C:\Users\agust\AppData\Roaming\Python\Python314\site-packages\fastapi\routing.py", line 1700, in handle
    await self.original_router.handle(scope, receive, send)
  File "C:\Users\agust\AppData\Roaming\Python\Python314\site-packages\fastapi\routing.py", line 2586, in handle
    await included_router._handle_selected(scope, receive, send)
  File "C:\Users\agust\AppData\Roaming\Python\Python314\site-packages\fastapi\routing.py", line 1720, in _handle_selected
    await original_route.handle(scope, receive, send)
  File "C:\Users\agust\AppData\Roaming\Python\Python314\site-packages\fastapi\routing.py", line 1239, in handle
    await app(scope, receive, send)
  File "C:\Users\agust\AppData\Roaming\Python\Python314\site-packages\fastapi\routing.py", line 150, in app
    await wrap_app_handling_exceptions(app, request)(scope, receive, send)
  File "C:\Users\agust\AppData\Roaming\Python\Python314\site-packages\starlette\_exception_handler.py", line 53, in wrapped_app
    raise exc
  File "C:\Users\agust\AppData\Roaming\Python\Python314\site-packages\starlette\_exception_handler.py", line 42, in wrapped_app
    await app(scope, receive, sender)
  File "C:\Users\agust\AppData\Roaming\Python\Python314\site-packages\fastapi\routing.py", line 136, in app
    response = await f(request)
               ^^^^^^^^^^^^^^^^
  File "C:\Users\agust\AppData\Roaming\Python\Python314\site-packages\fastapi\routing.py", line 690, in app
    raw_response = await run_endpoint_function(
                   ^^^^^^^^^^^^^^^^^^^^^^^^^^^^
    ...<3 lines>...
    )
    ^
  File "C:\Users\agust\AppData\Roaming\Python\Python314\site-packages\fastapi\routing.py", line 344, in run_endpoint_function
    return await dependant.call(**values)
           ^^^^^^^^^^^^^^^^^^^^^^^^^^^^^^
  File "X:\Arqui\AgroTech\src\modules\data_api\router.py", line 334, in delete_campo
    async with db.begin():
               ~~~~~~~~^^
  File "C:\Users\agust\AppData\Roaming\Python\Python314\site-packages\sqlalchemy\ext\asyncio\session.py", line 1886, in __aexit__
    await greenlet_spawn(
        self._sync_transaction().__exit__, type_, value, traceback
    )
  File "C:\Users\agust\AppData\Roaming\Python\Python314\site-packages\sqlalchemy\util\_concurrency_py3k.py", line 203, in greenlet_spawn
    result = context.switch(value)
  File "C:\Users\agust\AppData\Roaming\Python\Python314\site-packages\sqlalchemy\engine\util.py", line 147, in __exit__
    with util.safe_reraise():
         ~~~~~~~~~~~~~~~~~^^
  File "C:\Users\agust\AppData\Roaming\Python\Python314\site-packages\sqlalchemy\util\langhelpers.py", line 122, in __exit__
    raise exc_value.with_traceback(exc_tb)
  File "C:\Users\agust\AppData\Roaming\Python\Python314\site-packages\sqlalchemy\engine\util.py", line 145, in __exit__
    self.commit()
    ~~~~~~~~~~~^^
  File "<string>", line 2, in commit
  File "C:\Users\agust\AppData\Roaming\Python\Python314\site-packages\sqlalchemy\orm\state_changes.py", line 137, in _go
    ret_value = fn(self, *arg, **kw)
  File "C:\Users\agust\AppData\Roaming\Python\Python314\site-packages\sqlalchemy\orm\session.py", line 1316, in commit
    self._prepare_impl()
    ~~~~~~~~~~~~~~~~~~^^
  File "<string>", line 2, in _prepare_impl
  File "C:\Users\agust\AppData\Roaming\Python\Python314\site-packages\sqlalchemy\orm\state_changes.py", line 137, in _go
    ret_value = fn(self, *arg, **kw)
  File "C:\Users\agust\AppData\Roaming\Python\Python314\site-packages\sqlalchemy\orm\session.py", line 1290, in _prepare_impl
    self.session.flush()
    ~~~~~~~~~~~~~~~~~~^^
  File "C:\Users\agust\AppData\Roaming\Python\Python314\site-packages\sqlalchemy\orm\session.py", line 4353, in flush
    self._flush(objects)
    ~~~~~~~~~~~^^^^^^^^^
  File "C:\Users\agust\AppData\Roaming\Python\Python314\site-packages\sqlalchemy\orm\session.py", line 4488, in _flush
    with util.safe_reraise():
         ~~~~~~~~~~~~~~~~~^^
  File "C:\Users\agust\AppData\Roaming\Python\Python314\site-packages\sqlalchemy\util\langhelpers.py", line 122, in __exit__
    raise exc_value.with_traceback(exc_tb)
  File "C:\Users\agust\AppData\Roaming\Python\Python314\site-packages\sqlalchemy\orm\session.py", line 4449, in _flush
    flush_context.execute()
    ~~~~~~~~~~~~~~~~~~~~~^^
  File "C:\Users\agust\AppData\Roaming\Python\Python314\site-packages\sqlalchemy\orm\unitofwork.py", line 465, in execute
    rec.execute(self)
    ~~~~~~~~~~~^^^^^^
  File "C:\Users\agust\AppData\Roaming\Python\Python314\site-packages\sqlalchemy\orm\unitofwork.py", line 678, in execute
    util.preloaded.orm_persistence.delete_obj(
    ~~~~~~~~~~~~~~~~~~~~~~~~~~~~~~~~~~~~~~~~~^
        self.mapper,
        ^^^^^^^^^^^^
        uow.states_for_mapper_hierarchy(self.mapper, True, False),
        ^^^^^^^^^^^^^^^^^^^^^^^^^^^^^^^^^^^^^^^^^^^^^^^^^^^^^^^^^^
        uow,
        ^^^^
    )
    ^
  File "C:\Users\agust\AppData\Roaming\Python\Python314\site-packages\sqlalchemy\orm\persistence.py", line 194, in delete_obj
    _emit_delete_statements(
    ~~~~~~~~~~~~~~~~~~~~~~~^
        base_mapper,
        ^^^^^^^^^^^^
    ...<3 lines>...
        delete,
        ^^^^^^^
    )
    ^
  File "C:\Users\agust\AppData\Roaming\Python\Python314\site-packages\sqlalchemy\orm\persistence.py", line 1472, in _emit_delete_statements
    c = connection.execute(
        statement, del_objects, execution_options=execution_options
    )
  File "C:\Users\agust\AppData\Roaming\Python\Python314\site-packages\sqlalchemy\engine\base.py", line 1421, in execute
    return meth(
        self,
        distilled_parameters,
        execution_options or NO_OPTIONS,
    )
  File "C:\Users\agust\AppData\Roaming\Python\Python314\site-packages\sqlalchemy\sql\elements.py", line 526, in _execute_on_connection
    return connection._execute_clauseelement(
           ~~~~~~~~~~~~~~~~~~~~~~~~~~~~~~~~~^
        self, distilled_params, execution_options
        ^^^^^^^^^^^^^^^^^^^^^^^^^^^^^^^^^^^^^^^^^
    )
    ^
  File "C:\Users\agust\AppData\Roaming\Python\Python314\site-packages\sqlalchemy\engine\base.py", line 1643, in _execute_clauseelement
    ret = self._execute_context(
        dialect,
    ...<8 lines>...
        cache_hit=cache_hit,
    )
  File "C:\Users\agust\AppData\Roaming\Python\Python314\site-packages\sqlalchemy\engine\base.py", line 1848, in _execute_context
    return self._exec_single_context(
           ~~~~~~~~~~~~~~~~~~~~~~~~~^
        dialect, context, statement, parameters
        ^^^^^^^^^^^^^^^^^^^^^^^^^^^^^^^^^^^^^^^
    )
    ^
  File "C:\Users\agust\AppData\Roaming\Python\Python314\site-packages\sqlalchemy\engine\base.py", line 1988, in _exec_single_context
    self._handle_dbapi_exception(
    ~~~~~~~~~~~~~~~~~~~~~~~~~~~~^
        e, str_statement, effective_parameters, cursor, context
        ^^^^^^^^^^^^^^^^^^^^^^^^^^^^^^^^^^^^^^^^^^^^^^^^^^^^^^^
    )
    ^
  File "C:\Users\agust\AppData\Roaming\Python\Python314\site-packages\sqlalchemy\engine\base.py", line 2365, in _handle_dbapi_exception
    raise sqlalchemy_exception.with_traceback(exc_info[2]) from e
  File "C:\Users\agust\AppData\Roaming\Python\Python314\site-packages\sqlalchemy\engine\base.py", line 1969, in _exec_single_context
    self.dialect.do_execute(
    ~~~~~~~~~~~~~~~~~~~~~~~^
        cursor, str_statement, effective_parameters, context
        ^^^^^^^^^^^^^^^^^^^^^^^^^^^^^^^^^^^^^^^^^^^^^^^^^^^^
    )
    ^
  File "C:\Users\agust\AppData\Roaming\Python\Python314\site-packages\sqlalchemy\engine\default.py", line 952, in do_execute
    cursor.execute(statement, parameters)
    ~~~~~~~~~~~~~~^^^^^^^^^^^^^^^^^^^^^^^
  File "C:\Users\agust\AppData\Roaming\Python\Python314\site-packages\sqlalchemy\dialects\postgresql\asyncpg.py", line 585, in execute
    self._adapt_connection.await_(
    ~~~~~~~~~~~~~~~~~~~~~~~~~~~~~^
        self._prepare_and_execute(operation, parameters)
        ^^^^^^^^^^^^^^^^^^^^^^^^^^^^^^^^^^^^^^^^^^^^^^^^
    )
    ^
  File "C:\Users\agust\AppData\Roaming\Python\Python314\site-packages\sqlalchemy\util\_concurrency_py3k.py", line 132, in await_only
    return current.parent.switch(awaitable)  # type: ignore[no-any-return,attr-defined] # noqa: E501
           ~~~~~~~~~~~~~~~~~~~~~^^^^^^^^^^^
  File "C:\Users\agust\AppData\Roaming\Python\Python314\site-packages\sqlalchemy\util\_concurrency_py3k.py", line 196, in greenlet_spawn
    value = await result
            ^^^^^^^^^^^^
  File "C:\Users\agust\AppData\Roaming\Python\Python314\site-packages\sqlalchemy\dialects\postgresql\asyncpg.py", line 563, in _prepare_and_execute
    self._handle_exception(error)
    ~~~~~~~~~~~~~~~~~~~~~~^^^^^^^
  File "C:\Users\agust\AppData\Roaming\Python\Python314\site-packages\sqlalchemy\dialects\postgresql\asyncpg.py", line 513, in _handle_exception
    self._adapt_connection._handle_exception(error)
    ~~~~~~~~~~~~~~~~~~~~~~~~~~~~~~~~~~~~~~~~^^^^^^^
  File "C:\Users\agust\AppData\Roaming\Python\Python314\site-packages\sqlalchemy\dialects\postgresql\asyncpg.py", line 797, in _handle_exception
    raise translated_error from error
sqlalchemy.exc.IntegrityError: (sqlalchemy.dialects.postgresql.asyncpg.IntegrityError) <class 'asyncpg.exceptions.ForeignKeyViolationError'>: update or delete on table "campos" violates foreign key constraint "parcelas_nombre_campo_fkey" on table "parcelas"
DETAIL:  Key (nombre_campo)=(CampoTest2) is still referenced from table "parcelas".
[SQL: DELETE FROM campos WHERE campos.nombre_campo = $1::VARCHAR]
[parameters: ('CampoTest2',)]
(Background on this error at: https://sqlalche.me/e/20/gkpj)
Error interno no controlado | path=/api/campos/CampoTest2 | ip=127.0.0.1
Traceback (most recent call last):
  File "C:\Users\agust\AppData\Roaming\Python\Python314\site-packages\sqlalchemy\dialects\postgresql\asyncpg.py", line 550, in _prepare_and_execute
    self._rows = deque(await prepared_stmt.fetch(*parameters))
                       ^^^^^^^^^^^^^^^^^^^^^^^^^^^^^^^^^^^^^^
  File "C:\Users\agust\AppData\Roaming\Python\Python314\site-packages\asyncpg\prepared_stmt.py", line 177, in fetch
    data = await self.__bind_execute(args, 0, timeout)
           ^^^^^^^^^^^^^^^^^^^^^^^^^^^^^^^^^^^^^^^^^^^
  File "C:\Users\agust\AppData\Roaming\Python\Python314\site-packages\asyncpg\prepared_stmt.py", line 268, in __bind_execute
    data, status, _ = await self.__do_execute(
                      ^^^^^^^^^^^^^^^^^^^^^^^^
        lambda protocol: protocol.bind_execute(
        ^^^^^^^^^^^^^^^^^^^^^^^^^^^^^^^^^^^^^^^
            self._state, args, '', limit, True, timeout))
            ^^^^^^^^^^^^^^^^^^^^^^^^^^^^^^^^^^^^^^^^^^^^^
  File "C:\Users\agust\AppData\Roaming\Python\Python314\site-packages\asyncpg\prepared_stmt.py", line 257, in __do_execute
    return await executor(protocol)
           ^^^^^^^^^^^^^^^^^^^^^^^^
  File "asyncpg/protocol/protocol.pyx", line 205, in bind_execute
asyncpg.exceptions.ForeignKeyViolationError: update or delete on table "campos" violates foreign key constraint "parcelas_nombre_campo_fkey" on table "parcelas"
DETAIL:  Key (nombre_campo)=(CampoTest2) is still referenced from table "parcelas".

The above exception was the direct cause of the following exception:

Traceback (most recent call last):
  File "C:\Users\agust\AppData\Roaming\Python\Python314\site-packages\sqlalchemy\engine\base.py", line 1969, in _exec_single_context
    self.dialect.do_execute(
    ~~~~~~~~~~~~~~~~~~~~~~~^
        cursor, str_statement, effective_parameters, context
        ^^^^^^^^^^^^^^^^^^^^^^^^^^^^^^^^^^^^^^^^^^^^^^^^^^^^
    )
    ^
  File "C:\Users\agust\AppData\Roaming\Python\Python314\site-packages\sqlalchemy\engine\default.py", line 952, in do_execute
    cursor.execute(statement, parameters)
    ~~~~~~~~~~~~~~^^^^^^^^^^^^^^^^^^^^^^^
  File "C:\Users\agust\AppData\Roaming\Python\Python314\site-packages\sqlalchemy\dialects\postgresql\asyncpg.py", line 585, in execute
    self._adapt_connection.await_(
    ~~~~~~~~~~~~~~~~~~~~~~~~~~~~~^
        self._prepare_and_execute(operation, parameters)
        ^^^^^^^^^^^^^^^^^^^^^^^^^^^^^^^^^^^^^^^^^^^^^^^^
    )
    ^
  File "C:\Users\agust\AppData\Roaming\Python\Python314\site-packages\sqlalchemy\util\_concurrency_py3k.py", line 132, in await_only
    return current.parent.switch(awaitable)  # type: ignore[no-any-return,attr-defined] # noqa: E501
           ~~~~~~~~~~~~~~~~~~~~~^^^^^^^^^^^
  File "C:\Users\agust\AppData\Roaming\Python\Python314\site-packages\sqlalchemy\util\_concurrency_py3k.py", line 196, in greenlet_spawn
    value = await result
            ^^^^^^^^^^^^
  File "C:\Users\agust\AppData\Roaming\Python\Python314\site-packages\sqlalchemy\dialects\postgresql\asyncpg.py", line 563, in _prepare_and_execute
    self._handle_exception(error)
    ~~~~~~~~~~~~~~~~~~~~~~^^^^^^^
  File "C:\Users\agust\AppData\Roaming\Python\Python314\site-packages\sqlalchemy\dialects\postgresql\asyncpg.py", line 513, in _handle_exception
    self._adapt_connection._handle_exception(error)
    ~~~~~~~~~~~~~~~~~~~~~~~~~~~~~~~~~~~~~~~~^^^^^^^
  File "C:\Users\agust\AppData\Roaming\Python\Python314\site-packages\sqlalchemy\dialects\postgresql\asyncpg.py", line 797, in _handle_exception
    raise translated_error from error
sqlalchemy.dialects.postgresql.asyncpg.AsyncAdapt_asyncpg_dbapi.IntegrityError: <class 'asyncpg.exceptions.ForeignKeyViolationError'>: update or delete on table "campos" violates foreign key constraint "parcelas_nombre_campo_fkey" on table "parcelas"
DETAIL:  Key (nombre_campo)=(CampoTest2) is still referenced from table "parcelas".

The above exception was the direct cause of the following exception:

Traceback (most recent call last):
  File "C:\Users\agust\AppData\Roaming\Python\Python314\site-packages\starlette\middleware\errors.py", line 164, in __call__
    await self.app(scope, receive, _send)
  File "C:\Users\agust\AppData\Roaming\Python\Python314\site-packages\starlette\middleware\exceptions.py", line 63, in __call__
    await wrap_app_handling_exceptions(self.app, conn)(scope, receive, send)
  File "C:\Users\agust\AppData\Roaming\Python\Python314\site-packages\starlette\_exception_handler.py", line 53, in wrapped_app
    raise exc
  File "C:\Users\agust\AppData\Roaming\Python\Python314\site-packages\starlette\_exception_handler.py", line 42, in wrapped_app
    await app(scope, receive, sender)
  File "C:\Users\agust\AppData\Roaming\Python\Python314\site-packages\fastapi\middleware\asyncexitstack.py", line 18, in __call__
    await self.app(scope, receive, send)
  File "C:\Users\agust\AppData\Roaming\Python\Python314\site-packages\starlette\routing.py", line 660, in __call__
    await self.middleware_stack(scope, receive, send)
  File "C:\Users\agust\AppData\Roaming\Python\Python314\site-packages\fastapi\routing.py", line 2531, in app
    await route.handle(scope, receive, send)
  File "C:\Users\agust\AppData\Roaming\Python\Python314\site-packages\fastapi\routing.py", line 1700, in handle
    await self.original_router.handle(scope, receive, send)
  File "C:\Users\agust\AppData\Roaming\Python\Python314\site-packages\fastapi\routing.py", line 2586, in handle
    await included_router._handle_selected(scope, receive, send)
  File "C:\Users\agust\AppData\Roaming\Python\Python314\site-packages\fastapi\routing.py", line 1720, in _handle_selected
    await original_route.handle(scope, receive, send)
  File "C:\Users\agust\AppData\Roaming\Python\Python314\site-packages\fastapi\routing.py", line 1239, in handle
    await app(scope, receive, send)
  File "C:\Users\agust\AppData\Roaming\Python\Python314\site-packages\fastapi\routing.py", line 150, in app
    await wrap_app_handling_exceptions(app, request)(scope, receive, send)
  File "C:\Users\agust\AppData\Roaming\Python\Python314\site-packages\starlette\_exception_handler.py", line 53, in wrapped_app
    raise exc
  File "C:\Users\agust\AppData\Roaming\Python\Python314\site-packages\starlette\_exception_handler.py", line 42, in wrapped_app
    await app(scope, receive, sender)
  File "C:\Users\agust\AppData\Roaming\Python\Python314\site-packages\fastapi\routing.py", line 136, in app
    response = await f(request)
               ^^^^^^^^^^^^^^^^
  File "C:\Users\agust\AppData\Roaming\Python\Python314\site-packages\fastapi\routing.py", line 690, in app
    raw_response = await run_endpoint_function(
                   ^^^^^^^^^^^^^^^^^^^^^^^^^^^^
    ...<3 lines>...
    )
    ^
  File "C:\Users\agust\AppData\Roaming\Python\Python314\site-packages\fastapi\routing.py", line 344, in run_endpoint_function
    return await dependant.call(**values)
           ^^^^^^^^^^^^^^^^^^^^^^^^^^^^^^
  File "X:\Arqui\AgroTech\src\modules\data_api\router.py", line 334, in delete_campo
    async with db.begin():
               ~~~~~~~~^^
  File "C:\Users\agust\AppData\Roaming\Python\Python314\site-packages\sqlalchemy\ext\asyncio\session.py", line 1886, in __aexit__
    await greenlet_spawn(
        self._sync_transaction().__exit__, type_, value, traceback
    )
  File "C:\Users\agust\AppData\Roaming\Python\Python314\site-packages\sqlalchemy\util\_concurrency_py3k.py", line 203, in greenlet_spawn
    result = context.switch(value)
  File "C:\Users\agust\AppData\Roaming\Python\Python314\site-packages\sqlalchemy\engine\util.py", line 147, in __exit__
    with util.safe_reraise():
         ~~~~~~~~~~~~~~~~~^^
  File "C:\Users\agust\AppData\Roaming\Python\Python314\site-packages\sqlalchemy\util\langhelpers.py", line 122, in __exit__
    raise exc_value.with_traceback(exc_tb)
  File "C:\Users\agust\AppData\Roaming\Python\Python314\site-packages\sqlalchemy\engine\util.py", line 145, in __exit__
    self.commit()
    ~~~~~~~~~~~^^
  File "<string>", line 2, in commit
  File "C:\Users\agust\AppData\Roaming\Python\Python314\site-packages\sqlalchemy\orm\state_changes.py", line 137, in _go
    ret_value = fn(self, *arg, **kw)
  File "C:\Users\agust\AppData\Roaming\Python\Python314\site-packages\sqlalchemy\orm\session.py", line 1316, in commit
    self._prepare_impl()
    ~~~~~~~~~~~~~~~~~~^^
  File "<string>", line 2, in _prepare_impl
  File "C:\Users\agust\AppData\Roaming\Python\Python314\site-packages\sqlalchemy\orm\state_changes.py", line 137, in _go
    ret_value = fn(self, *arg, **kw)
  File "C:\Users\agust\AppData\Roaming\Python\Python314\site-packages\sqlalchemy\orm\session.py", line 1290, in _prepare_impl
    self.session.flush()
    ~~~~~~~~~~~~~~~~~~^^
  File "C:\Users\agust\AppData\Roaming\Python\Python314\site-packages\sqlalchemy\orm\session.py", line 4353, in flush
    self._flush(objects)
    ~~~~~~~~~~~^^^^^^^^^
  File "C:\Users\agust\AppData\Roaming\Python\Python314\site-packages\sqlalchemy\orm\session.py", line 4488, in _flush
    with util.safe_reraise():
         ~~~~~~~~~~~~~~~~~^^
  File "C:\Users\agust\AppData\Roaming\Python\Python314\site-packages\sqlalchemy\util\langhelpers.py", line 122, in __exit__
    raise exc_value.with_traceback(exc_tb)
  File "C:\Users\agust\AppData\Roaming\Python\Python314\site-packages\sqlalchemy\orm\session.py", line 4449, in _flush
    flush_context.execute()
    ~~~~~~~~~~~~~~~~~~~~~^^
  File "C:\Users\agust\AppData\Roaming\Python\Python314\site-packages\sqlalchemy\orm\unitofwork.py", line 465, in execute
    rec.execute(self)
    ~~~~~~~~~~~^^^^^^
  File "C:\Users\agust\AppData\Roaming\Python\Python314\site-packages\sqlalchemy\orm\unitofwork.py", line 678, in execute
    util.preloaded.orm_persistence.delete_obj(
    ~~~~~~~~~~~~~~~~~~~~~~~~~~~~~~~~~~~~~~~~~^
        self.mapper,
        ^^^^^^^^^^^^
        uow.states_for_mapper_hierarchy(self.mapper, True, False),
        ^^^^^^^^^^^^^^^^^^^^^^^^^^^^^^^^^^^^^^^^^^^^^^^^^^^^^^^^^^
        uow,
        ^^^^
    )
    ^
  File "C:\Users\agust\AppData\Roaming\Python\Python314\site-packages\sqlalchemy\orm\persistence.py", line 194, in delete_obj
    _emit_delete_statements(
    ~~~~~~~~~~~~~~~~~~~~~~~^
        base_mapper,
        ^^^^^^^^^^^^
    ...<3 lines>...
        delete,
        ^^^^^^^
    )
    ^
  File "C:\Users\agust\AppData\Roaming\Python\Python314\site-packages\sqlalchemy\orm\persistence.py", line 1472, in _emit_delete_statements
    c = connection.execute(
        statement, del_objects, execution_options=execution_options
    )
  File "C:\Users\agust\AppData\Roaming\Python\Python314\site-packages\sqlalchemy\engine\base.py", line 1421, in execute
    return meth(
        self,
        distilled_parameters,
        execution_options or NO_OPTIONS,
    )
  File "C:\Users\agust\AppData\Roaming\Python\Python314\site-packages\sqlalchemy\sql\elements.py", line 526, in _execute_on_connection
    return connection._execute_clauseelement(
           ~~~~~~~~~~~~~~~~~~~~~~~~~~~~~~~~~^
        self, distilled_params, execution_options
        ^^^^^^^^^^^^^^^^^^^^^^^^^^^^^^^^^^^^^^^^^
    )
    ^
  File "C:\Users\agust\AppData\Roaming\Python\Python314\site-packages\sqlalchemy\engine\base.py", line 1643, in _execute_clauseelement
    ret = self._execute_context(
        dialect,
    ...<8 lines>...
        cache_hit=cache_hit,
    )
  File "C:\Users\agust\AppData\Roaming\Python\Python314\site-packages\sqlalchemy\engine\base.py", line 1848, in _execute_context
    return self._exec_single_context(
           ~~~~~~~~~~~~~~~~~~~~~~~~~^
        dialect, context, statement, parameters
        ^^^^^^^^^^^^^^^^^^^^^^^^^^^^^^^^^^^^^^^
    )
    ^
  File "C:\Users\agust\AppData\Roaming\Python\Python314\site-packages\sqlalchemy\engine\base.py", line 1988, in _exec_single_context
    self._handle_dbapi_exception(
    ~~~~~~~~~~~~~~~~~~~~~~~~~~~~^
        e, str_statement, effective_parameters, cursor, context
        ^^^^^^^^^^^^^^^^^^^^^^^^^^^^^^^^^^^^^^^^^^^^^^^^^^^^^^^
    )
    ^
  File "C:\Users\agust\AppData\Roaming\Python\Python314\site-packages\sqlalchemy\engine\base.py", line 2365, in _handle_dbapi_exception
    raise sqlalchemy_exception.with_traceback(exc_info[2]) from e
  File "C:\Users\agust\AppData\Roaming\Python\Python314\site-packages\sqlalchemy\engine\base.py", line 1969, in _exec_single_context
    self.dialect.do_execute(
    ~~~~~~~~~~~~~~~~~~~~~~~^
        cursor, str_statement, effective_parameters, context
        ^^^^^^^^^^^^^^^^^^^^^^^^^^^^^^^^^^^^^^^^^^^^^^^^^^^^
    )
    ^
  File "C:\Users\agust\AppData\Roaming\Python\Python314\site-packages\sqlalchemy\engine\default.py", line 952, in do_execute
    cursor.execute(statement, parameters)
    ~~~~~~~~~~~~~~^^^^^^^^^^^^^^^^^^^^^^^
  File "C:\Users\agust\AppData\Roaming\Python\Python314\site-packages\sqlalchemy\dialects\postgresql\asyncpg.py", line 585, in execute
    self._adapt_connection.await_(
    ~~~~~~~~~~~~~~~~~~~~~~~~~~~~~^
        self._prepare_and_execute(operation, parameters)
        ^^^^^^^^^^^^^^^^^^^^^^^^^^^^^^^^^^^^^^^^^^^^^^^^
    )
    ^
  File "C:\Users\agust\AppData\Roaming\Python\Python314\site-packages\sqlalchemy\util\_concurrency_py3k.py", line 132, in await_only
    return current.parent.switch(awaitable)  # type: ignore[no-any-return,attr-defined] # noqa: E501
           ~~~~~~~~~~~~~~~~~~~~~^^^^^^^^^^^
  File "C:\Users\agust\AppData\Roaming\Python\Python314\site-packages\sqlalchemy\util\_concurrency_py3k.py", line 196, in greenlet_spawn
    value = await result
            ^^^^^^^^^^^^
  File "C:\Users\agust\AppData\Roaming\Python\Python314\site-packages\sqlalchemy\dialects\postgresql\asyncpg.py", line 563, in _prepare_and_execute
    self._handle_exception(error)
    ~~~~~~~~~~~~~~~~~~~~~~^^^^^^^
  File "C:\Users\agust\AppData\Roaming\Python\Python314\site-packages\sqlalchemy\dialects\postgresql\asyncpg.py", line 513, in _handle_exception
    self._adapt_connection._handle_exception(error)
    ~~~~~~~~~~~~~~~~~~~~~~~~~~~~~~~~~~~~~~~~^^^^^^^
  File "C:\Users\agust\AppData\Roaming\Python\Python314\site-packages\sqlalchemy\dialects\postgresql\asyncpg.py", line 797, in _handle_exception
    raise translated_error from error
sqlalchemy.exc.IntegrityError: (sqlalchemy.dialects.postgresql.asyncpg.IntegrityError) <class 'asyncpg.exceptions.ForeignKeyViolationError'>: update or delete on table "campos" violates foreign key constraint "parcelas_nombre_campo_fkey" on table "parcelas"
DETAIL:  Key (nombre_campo)=(CampoTest2) is still referenced from table "parcelas".
[SQL: DELETE FROM campos WHERE campos.nombre_campo = $1::VARCHAR]
[parameters: ('CampoTest2',)]
(Background on this error at: https://sqlalche.me/e/20/gkpj)
ERROR:    Exception in ASGI application
Traceback (most recent call last):
  File "C:\Users\agust\AppData\Roaming\Python\Python314\site-packages\sqlalchemy\dialects\postgresql\asyncpg.py", line 550, in _prepare_and_execute
    self._rows = deque(await prepared_stmt.fetch(*parameters))
                       ^^^^^^^^^^^^^^^^^^^^^^^^^^^^^^^^^^^^^^
  File "C:\Users\agust\AppData\Roaming\Python\Python314\site-packages\asyncpg\prepared_stmt.py", line 177, in fetch
    data = await self.__bind_execute(args, 0, timeout)
           ^^^^^^^^^^^^^^^^^^^^^^^^^^^^^^^^^^^^^^^^^^^
  File "C:\Users\agust\AppData\Roaming\Python\Python314\site-packages\asyncpg\prepared_stmt.py", line 268, in __bind_execute
    data, status, _ = await self.__do_execute(
                      ^^^^^^^^^^^^^^^^^^^^^^^^
        lambda protocol: protocol.bind_execute(
        ^^^^^^^^^^^^^^^^^^^^^^^^^^^^^^^^^^^^^^^
            self._state, args, '', limit, True, timeout))
            ^^^^^^^^^^^^^^^^^^^^^^^^^^^^^^^^^^^^^^^^^^^^^
  File "C:\Users\agust\AppData\Roaming\Python\Python314\site-packages\asyncpg\prepared_stmt.py", line 257, in __do_execute
    return await executor(protocol)
           ^^^^^^^^^^^^^^^^^^^^^^^^
  File "asyncpg/protocol/protocol.pyx", line 205, in bind_execute
asyncpg.exceptions.ForeignKeyViolationError: update or delete on table "campos" violates foreign key constraint "parcelas_nombre_campo_fkey" on table "parcelas"
DETAIL:  Key (nombre_campo)=(CampoTest2) is still referenced from table "parcelas".

The above exception was the direct cause of the following exception:

Traceback (most recent call last):
  File "C:\Users\agust\AppData\Roaming\Python\Python314\site-packages\sqlalchemy\engine\base.py", line 1969, in _exec_single_context
    self.dialect.do_execute(
    ~~~~~~~~~~~~~~~~~~~~~~~^
        cursor, str_statement, effective_parameters, context
        ^^^^^^^^^^^^^^^^^^^^^^^^^^^^^^^^^^^^^^^^^^^^^^^^^^^^
    )
    ^
  File "C:\Users\agust\AppData\Roaming\Python\Python314\site-packages\sqlalchemy\engine\default.py", line 952, in do_execute
    cursor.execute(statement, parameters)
    ~~~~~~~~~~~~~~^^^^^^^^^^^^^^^^^^^^^^^
  File "C:\Users\agust\AppData\Roaming\Python\Python314\site-packages\sqlalchemy\dialects\postgresql\asyncpg.py", line 585, in execute
    self._adapt_connection.await_(
    ~~~~~~~~~~~~~~~~~~~~~~~~~~~~~^
        self._prepare_and_execute(operation, parameters)
        ^^^^^^^^^^^^^^^^^^^^^^^^^^^^^^^^^^^^^^^^^^^^^^^^
    )
    ^
  File "C:\Users\agust\AppData\Roaming\Python\Python314\site-packages\sqlalchemy\util\_concurrency_py3k.py", line 132, in await_only
    return current.parent.switch(awaitable)  # type: ignore[no-any-return,attr-defined] # noqa: E501
           ~~~~~~~~~~~~~~~~~~~~~^^^^^^^^^^^
  File "C:\Users\agust\AppData\Roaming\Python\Python314\site-packages\sqlalchemy\util\_concurrency_py3k.py", line 196, in greenlet_spawn
    value = await result
            ^^^^^^^^^^^^
  File "C:\Users\agust\AppData\Roaming\Python\Python314\site-packages\sqlalchemy\dialects\postgresql\asyncpg.py", line 563, in _prepare_and_execute
    self._handle_exception(error)
    ~~~~~~~~~~~~~~~~~~~~~~^^^^^^^
  File "C:\Users\agust\AppData\Roaming\Python\Python314\site-packages\sqlalchemy\dialects\postgresql\asyncpg.py", line 513, in _handle_exception
    self._adapt_connection._handle_exception(error)
    ~~~~~~~~~~~~~~~~~~~~~~~~~~~~~~~~~~~~~~~~^^^^^^^
  File "C:\Users\agust\AppData\Roaming\Python\Python314\site-packages\sqlalchemy\dialects\postgresql\asyncpg.py", line 797, in _handle_exception
    raise translated_error from error
sqlalchemy.dialects.postgresql.asyncpg.AsyncAdapt_asyncpg_dbapi.IntegrityError: <class 'asyncpg.exceptions.ForeignKeyViolationError'>: update or delete on table "campos" violates foreign key constraint "parcelas_nombre_campo_fkey" on table "parcelas"
DETAIL:  Key (nombre_campo)=(CampoTest2) is still referenced from table "parcelas".

The above exception was the direct cause of the following exception:

Traceback (most recent call last):
  File "C:\Users\agust\AppData\Roaming\Python\Python314\site-packages\uvicorn\protocols\http\httptools_impl.py", line 421, in run_asgi
    result = await app(  # type: ignore[func-returns-value]
             ^^^^^^^^^^^^^^^^^^^^^^^^^^^^^^^^^^^^^^^^^^^^^^
        self.scope, self.receive, self.send
        ^^^^^^^^^^^^^^^^^^^^^^^^^^^^^^^^^^^
    )
    ^
  File "C:\Users\agust\AppData\Roaming\Python\Python314\site-packages\uvicorn\middleware\proxy_headers.py", line 62, in __call__
    return await self.app(scope, receive, send)
           ^^^^^^^^^^^^^^^^^^^^^^^^^^^^^^^^^^^^
  File "C:\Users\agust\AppData\Roaming\Python\Python314\site-packages\fastapi\applications.py", line 1163, in __call__
    await super().__call__(scope, receive, send)
  File "C:\Users\agust\AppData\Roaming\Python\Python314\site-packages\starlette\applications.py", line 90, in __call__
    await self.middleware_stack(scope, receive, send)
  File "C:\Users\agust\AppData\Roaming\Python\Python314\site-packages\starlette\middleware\errors.py", line 186, in __call__
    raise exc
  File "C:\Users\agust\AppData\Roaming\Python\Python314\site-packages\starlette\middleware\errors.py", line 164, in __call__
    await self.app(scope, receive, _send)
  File "C:\Users\agust\AppData\Roaming\Python\Python314\site-packages\starlette\middleware\exceptions.py", line 63, in __call__
    await wrap_app_handling_exceptions(self.app, conn)(scope, receive, send)
  File "C:\Users\agust\AppData\Roaming\Python\Python314\site-packages\starlette\_exception_handler.py", line 53, in wrapped_app
    raise exc
  File "C:\Users\agust\AppData\Roaming\Python\Python314\site-packages\starlette\_exception_handler.py", line 42, in wrapped_app
    await app(scope, receive, sender)
  File "C:\Users\agust\AppData\Roaming\Python\Python314\site-packages\fastapi\middleware\asyncexitstack.py", line 18, in __call__
    await self.app(scope, receive, send)
  File "C:\Users\agust\AppData\Roaming\Python\Python314\site-packages\starlette\routing.py", line 660, in __call__
    await self.middleware_stack(scope, receive, send)
  File "C:\Users\agust\AppData\Roaming\Python\Python314\site-packages\fastapi\routing.py", line 2531, in app
    await route.handle(scope, receive, send)
  File "C:\Users\agust\AppData\Roaming\Python\Python314\site-packages\fastapi\routing.py", line 1700, in handle
    await self.original_router.handle(scope, receive, send)
  File "C:\Users\agust\AppData\Roaming\Python\Python314\site-packages\fastapi\routing.py", line 2586, in handle
    await included_router._handle_selected(scope, receive, send)
  File "C:\Users\agust\AppData\Roaming\Python\Python314\site-packages\fastapi\routing.py", line 1720, in _handle_selected
    await original_route.handle(scope, receive, send)
  File "C:\Users\agust\AppData\Roaming\Python\Python314\site-packages\fastapi\routing.py", line 1239, in handle
    await app(scope, receive, send)
  File "C:\Users\agust\AppData\Roaming\Python\Python314\site-packages\fastapi\routing.py", line 150, in app
    await wrap_app_handling_exceptions(app, request)(scope, receive, send)
  File "C:\Users\agust\AppData\Roaming\Python\Python314\site-packages\starlette\_exception_handler.py", line 53, in wrapped_app
    raise exc
  File "C:\Users\agust\AppData\Roaming\Python\Python314\site-packages\starlette\_exception_handler.py", line 42, in wrapped_app
    await app(scope, receive, sender)
  File "C:\Users\agust\AppData\Roaming\Python\Python314\site-packages\fastapi\routing.py", line 136, in app
    response = await f(request)
               ^^^^^^^^^^^^^^^^
  File "C:\Users\agust\AppData\Roaming\Python\Python314\site-packages\fastapi\routing.py", line 690, in app
    raw_response = await run_endpoint_function(
                   ^^^^^^^^^^^^^^^^^^^^^^^^^^^^
    ...<3 lines>...
    )
    ^
  File "C:\Users\agust\AppData\Roaming\Python\Python314\site-packages\fastapi\routing.py", line 344, in run_endpoint_function
    return await dependant.call(**values)
           ^^^^^^^^^^^^^^^^^^^^^^^^^^^^^^
  File "X:\Arqui\AgroTech\src\modules\data_api\router.py", line 334, in delete_campo
    async with db.begin():
               ~~~~~~~~^^
  File "C:\Users\agust\AppData\Roaming\Python\Python314\site-packages\sqlalchemy\ext\asyncio\session.py", line 1886, in __aexit__
    await greenlet_spawn(
        self._sync_transaction().__exit__, type_, value, traceback
    )
  File "C:\Users\agust\AppData\Roaming\Python\Python314\site-packages\sqlalchemy\util\_concurrency_py3k.py", line 203, in greenlet_spawn
    result = context.switch(value)
  File "C:\Users\agust\AppData\Roaming\Python\Python314\site-packages\sqlalchemy\engine\util.py", line 147, in __exit__
    with util.safe_reraise():
         ~~~~~~~~~~~~~~~~~^^
  File "C:\Users\agust\AppData\Roaming\Python\Python314\site-packages\sqlalchemy\util\langhelpers.py", line 122, in __exit__
    raise exc_value.with_traceback(exc_tb)
  File "C:\Users\agust\AppData\Roaming\Python\Python314\site-packages\sqlalchemy\engine\util.py", line 145, in __exit__
    self.commit()
    ~~~~~~~~~~~^^
  File "<string>", line 2, in commit
  File "C:\Users\agust\AppData\Roaming\Python\Python314\site-packages\sqlalchemy\orm\state_changes.py", line 137, in _go
    ret_value = fn(self, *arg, **kw)
  File "C:\Users\agust\AppData\Roaming\Python\Python314\site-packages\sqlalchemy\orm\session.py", line 1316, in commit
    self._prepare_impl()
    ~~~~~~~~~~~~~~~~~~^^
  File "<string>", line 2, in _prepare_impl
  File "C:\Users\agust\AppData\Roaming\Python\Python314\site-packages\sqlalchemy\orm\state_changes.py", line 137, in _go
    ret_value = fn(self, *arg, **kw)
  File "C:\Users\agust\AppData\Roaming\Python\Python314\site-packages\sqlalchemy\orm\session.py", line 1290, in _prepare_impl
    self.session.flush()
    ~~~~~~~~~~~~~~~~~~^^
  File "C:\Users\agust\AppData\Roaming\Python\Python314\site-packages\sqlalchemy\orm\session.py", line 4353, in flush
    self._flush(objects)
    ~~~~~~~~~~~^^^^^^^^^
  File "C:\Users\agust\AppData\Roaming\Python\Python314\site-packages\sqlalchemy\orm\session.py", line 4488, in _flush
    with util.safe_reraise():
         ~~~~~~~~~~~~~~~~~^^
  File "C:\Users\agust\AppData\Roaming\Python\Python314\site-packages\sqlalchemy\util\langhelpers.py", line 122, in __exit__
    raise exc_value.with_traceback(exc_tb)
  File "C:\Users\agust\AppData\Roaming\Python\Python314\site-packages\sqlalchemy\orm\session.py", line 4449, in _flush
    flush_context.execute()
    ~~~~~~~~~~~~~~~~~~~~~^^
  File "C:\Users\agust\AppData\Roaming\Python\Python314\site-packages\sqlalchemy\orm\unitofwork.py", line 465, in execute
    rec.execute(self)
    ~~~~~~~~~~~^^^^^^
  File "C:\Users\agust\AppData\Roaming\Python\Python314\site-packages\sqlalchemy\orm\unitofwork.py", line 678, in execute
    util.preloaded.orm_persistence.delete_obj(
    ~~~~~~~~~~~~~~~~~~~~~~~~~~~~~~~~~~~~~~~~~^
        self.mapper,
        ^^^^^^^^^^^^
        uow.states_for_mapper_hierarchy(self.mapper, True, False),
        ^^^^^^^^^^^^^^^^^^^^^^^^^^^^^^^^^^^^^^^^^^^^^^^^^^^^^^^^^^
        uow,
        ^^^^
    )
    ^
  File "C:\Users\agust\AppData\Roaming\Python\Python314\site-packages\sqlalchemy\orm\persistence.py", line 194, in delete_obj
    _emit_delete_statements(
    ~~~~~~~~~~~~~~~~~~~~~~~^
        base_mapper,
        ^^^^^^^^^^^^
    ...<3 lines>...
        delete,
        ^^^^^^^
    )
    ^
  File "C:\Users\agust\AppData\Roaming\Python\Python314\site-packages\sqlalchemy\orm\persistence.py", line 1472, in _emit_delete_statements
    c = connection.execute(
        statement, del_objects, execution_options=execution_options
    )
  File "C:\Users\agust\AppData\Roaming\Python\Python314\site-packages\sqlalchemy\engine\base.py", line 1421, in execute
    return meth(
        self,
        distilled_parameters,
        execution_options or NO_OPTIONS,
    )
  File "C:\Users\agust\AppData\Roaming\Python\Python314\site-packages\sqlalchemy\sql\elements.py", line 526, in _execute_on_connection
    return connection._execute_clauseelement(
           ~~~~~~~~~~~~~~~~~~~~~~~~~~~~~~~~~^
        self, distilled_params, execution_options
        ^^^^^^^^^^^^^^^^^^^^^^^^^^^^^^^^^^^^^^^^^
    )
    ^
  File "C:\Users\agust\AppData\Roaming\Python\Python314\site-packages\sqlalchemy\engine\base.py", line 1643, in _execute_clauseelement
    ret = self._execute_context(
        dialect,
    ...<8 lines>...
        cache_hit=cache_hit,
    )
  File "C:\Users\agust\AppData\Roaming\Python\Python314\site-packages\sqlalchemy\engine\base.py", line 1848, in _execute_context
    return self._exec_single_context(
           ~~~~~~~~~~~~~~~~~~~~~~~~~^
        dialect, context, statement, parameters
        ^^^^^^^^^^^^^^^^^^^^^^^^^^^^^^^^^^^^^^^
    )
    ^
  File "C:\Users\agust\AppData\Roaming\Python\Python314\site-packages\sqlalchemy\engine\base.py", line 1988, in _exec_single_context
    self._handle_dbapi_exception(
    ~~~~~~~~~~~~~~~~~~~~~~~~~~~~^
        e, str_statement, effective_parameters, cursor, context
        ^^^^^^^^^^^^^^^^^^^^^^^^^^^^^^^^^^^^^^^^^^^^^^^^^^^^^^^
    )
    ^
  File "C:\Users\agust\AppData\Roaming\Python\Python314\site-packages\sqlalchemy\engine\base.py", line 2365, in _handle_dbapi_exception
    raise sqlalchemy_exception.with_traceback(exc_info[2]) from e
  File "C:\Users\agust\AppData\Roaming\Python\Python314\site-packages\sqlalchemy\engine\base.py", line 1969, in _exec_single_context
    self.dialect.do_execute(
    ~~~~~~~~~~~~~~~~~~~~~~~^
        cursor, str_statement, effective_parameters, context
        ^^^^^^^^^^^^^^^^^^^^^^^^^^^^^^^^^^^^^^^^^^^^^^^^^^^^
    )
    ^
  File "C:\Users\agust\AppData\Roaming\Python\Python314\site-packages\sqlalchemy\engine\default.py", line 952, in do_execute
    cursor.execute(statement, parameters)
    ~~~~~~~~~~~~~~^^^^^^^^^^^^^^^^^^^^^^^
  File "C:\Users\agust\AppData\Roaming\Python\Python314\site-packages\sqlalchemy\dialects\postgresql\asyncpg.py", line 585, in execute
    self._adapt_connection.await_(
    ~~~~~~~~~~~~~~~~~~~~~~~~~~~~~^
        self._prepare_and_execute(operation, parameters)
        ^^^^^^^^^^^^^^^^^^^^^^^^^^^^^^^^^^^^^^^^^^^^^^^^
    )
    ^
  File "C:\Users\agust\AppData\Roaming\Python\Python314\site-packages\sqlalchemy\util\_concurrency_py3k.py", line 132, in await_only
    return current.parent.switch(awaitable)  # type: ignore[no-any-return,attr-defined] # noqa: E501
           ~~~~~~~~~~~~~~~~~~~~~^^^^^^^^^^^
  File "C:\Users\agust\AppData\Roaming\Python\Python314\site-packages\sqlalchemy\util\_concurrency_py3k.py", line 196, in greenlet_spawn
    value = await result
            ^^^^^^^^^^^^
  File "C:\Users\agust\AppData\Roaming\Python\Python314\site-packages\sqlalchemy\dialects\postgresql\asyncpg.py", line 563, in _prepare_and_execute
    self._handle_exception(error)
    ~~~~~~~~~~~~~~~~~~~~~~^^^^^^^
  File "C:\Users\agust\AppData\Roaming\Python\Python314\site-packages\sqlalchemy\dialects\postgresql\asyncpg.py", line 513, in _handle_exception
    self._adapt_connection._handle_exception(error)
    ~~~~~~~~~~~~~~~~~~~~~~~~~~~~~~~~~~~~~~~~^^^^^^^
  File "C:\Users\agust\AppData\Roaming\Python\Python314\site-packages\sqlalchemy\dialects\postgresql\asyncpg.py", line 797, in _handle_exception
    raise translated_error from error
sqlalchemy.exc.IntegrityError: (sqlalchemy.dialects.postgresql.asyncpg.IntegrityError) <class 'asyncpg.exceptions.ForeignKeyViolationError'>: update or delete on table "campos" violates foreign key constraint "parcelas_nombre_campo_fkey" on table "parcelas"
DETAIL:  Key (nombre_campo)=(CampoTest2) is still referenced from table "parcelas".
[SQL: DELETE FROM campos WHERE campos.nombre_campo = $1::VARCHAR]
[parameters: ('CampoTest2',)]
(Background on this error at: https://sqlalche.me/e/20/gkpj)
Error interno no controlado | path=/api/campos/CampoTest2 | ip=127.0.0.1
Traceback (most recent call last):
  File "C:\Users\agust\AppData\Roaming\Python\Python314\site-packages\sqlalchemy\dialects\postgresql\asyncpg.py", line 550, in _prepare_and_execute
    self._rows = deque(await prepared_stmt.fetch(*parameters))
                       ^^^^^^^^^^^^^^^^^^^^^^^^^^^^^^^^^^^^^^
  File "C:\Users\agust\AppData\Roaming\Python\Python314\site-packages\asyncpg\prepared_stmt.py", line 177, in fetch
    data = await self.__bind_execute(args, 0, timeout)
           ^^^^^^^^^^^^^^^^^^^^^^^^^^^^^^^^^^^^^^^^^^^
  File "C:\Users\agust\AppData\Roaming\Python\Python314\site-packages\asyncpg\prepared_stmt.py", line 268, in __bind_execute
    data, status, _ = await self.__do_execute(
                      ^^^^^^^^^^^^^^^^^^^^^^^^
        lambda protocol: protocol.bind_execute(
        ^^^^^^^^^^^^^^^^^^^^^^^^^^^^^^^^^^^^^^^
            self._state, args, '', limit, True, timeout))
            ^^^^^^^^^^^^^^^^^^^^^^^^^^^^^^^^^^^^^^^^^^^^^
  File "C:\Users\agust\AppData\Roaming\Python\Python314\site-packages\asyncpg\prepared_stmt.py", line 257, in __do_execute
    return await executor(protocol)
           ^^^^^^^^^^^^^^^^^^^^^^^^
  File "asyncpg/protocol/protocol.pyx", line 205, in bind_execute
asyncpg.exceptions.ForeignKeyViolationError: update or delete on table "campos" violates foreign key constraint "parcelas_nombre_campo_fkey" on table "parcelas"
DETAIL:  Key (nombre_campo)=(CampoTest2) is still referenced from table "parcelas".

The above exception was the direct cause of the following exception:

Traceback (most recent call last):
  File "C:\Users\agust\AppData\Roaming\Python\Python314\site-packages\sqlalchemy\engine\base.py", line 1969, in _exec_single_context
    self.dialect.do_execute(
    ~~~~~~~~~~~~~~~~~~~~~~~^
        cursor, str_statement, effective_parameters, context
        ^^^^^^^^^^^^^^^^^^^^^^^^^^^^^^^^^^^^^^^^^^^^^^^^^^^^
    )
    ^
  File "C:\Users\agust\AppData\Roaming\Python\Python314\site-packages\sqlalchemy\engine\default.py", line 952, in do_execute
    cursor.execute(statement, parameters)
    ~~~~~~~~~~~~~~^^^^^^^^^^^^^^^^^^^^^^^
  File "C:\Users\agust\AppData\Roaming\Python\Python314\site-packages\sqlalchemy\dialects\postgresql\asyncpg.py", line 585, in execute
    self._adapt_connection.await_(
    ~~~~~~~~~~~~~~~~~~~~~~~~~~~~~^
        self._prepare_and_execute(operation, parameters)
        ^^^^^^^^^^^^^^^^^^^^^^^^^^^^^^^^^^^^^^^^^^^^^^^^
    )
    ^
  File "C:\Users\agust\AppData\Roaming\Python\Python314\site-packages\sqlalchemy\util\_concurrency_py3k.py", line 132, in await_only
    return current.parent.switch(awaitable)  # type: ignore[no-any-return,attr-defined] # noqa: E501
           ~~~~~~~~~~~~~~~~~~~~~^^^^^^^^^^^
  File "C:\Users\agust\AppData\Roaming\Python\Python314\site-packages\sqlalchemy\util\_concurrency_py3k.py", line 196, in greenlet_spawn
    value = await result
            ^^^^^^^^^^^^
  File "C:\Users\agust\AppData\Roaming\Python\Python314\site-packages\sqlalchemy\dialects\postgresql\asyncpg.py", line 563, in _prepare_and_execute
    self._handle_exception(error)
    ~~~~~~~~~~~~~~~~~~~~~~^^^^^^^
  File "C:\Users\agust\AppData\Roaming\Python\Python314\site-packages\sqlalchemy\dialects\postgresql\asyncpg.py", line 513, in _handle_exception
    self._adapt_connection._handle_exception(error)
    ~~~~~~~~~~~~~~~~~~~~~~~~~~~~~~~~~~~~~~~~^^^^^^^
  File "C:\Users\agust\AppData\Roaming\Python\Python314\site-packages\sqlalchemy\dialects\postgresql\asyncpg.py", line 797, in _handle_exception
    raise translated_error from error
sqlalchemy.dialects.postgresql.asyncpg.AsyncAdapt_asyncpg_dbapi.IntegrityError: <class 'asyncpg.exceptions.ForeignKeyViolationError'>: update or delete on table "campos" violates foreign key constraint "parcelas_nombre_campo_fkey" on table "parcelas"
DETAIL:  Key (nombre_campo)=(CampoTest2) is still referenced from table "parcelas".

The above exception was the direct cause of the following exception:

Traceback (most recent call last):
  File "C:\Users\agust\AppData\Roaming\Python\Python314\site-packages\starlette\middleware\errors.py", line 164, in __call__
    await self.app(scope, receive, _send)
  File "C:\Users\agust\AppData\Roaming\Python\Python314\site-packages\starlette\middleware\exceptions.py", line 63, in __call__
    await wrap_app_handling_exceptions(self.app, conn)(scope, receive, send)
  File "C:\Users\agust\AppData\Roaming\Python\Python314\site-packages\starlette\_exception_handler.py", line 53, in wrapped_app
    raise exc
  File "C:\Users\agust\AppData\Roaming\Python\Python314\site-packages\starlette\_exception_handler.py", line 42, in wrapped_app
    await app(scope, receive, sender)
  File "C:\Users\agust\AppData\Roaming\Python\Python314\site-packages\fastapi\middleware\asyncexitstack.py", line 18, in __call__
    await self.app(scope, receive, send)
  File "C:\Users\agust\AppData\Roaming\Python\Python314\site-packages\starlette\routing.py", line 660, in __call__
    await self.middleware_stack(scope, receive, send)
  File "C:\Users\agust\AppData\Roaming\Python\Python314\site-packages\fastapi\routing.py", line 2531, in app
    await route.handle(scope, receive, send)
  File "C:\Users\agust\AppData\Roaming\Python\Python314\site-packages\fastapi\routing.py", line 1700, in handle
    await self.original_router.handle(scope, receive, send)
  File "C:\Users\agust\AppData\Roaming\Python\Python314\site-packages\fastapi\routing.py", line 2586, in handle
    await included_router._handle_selected(scope, receive, send)
  File "C:\Users\agust\AppData\Roaming\Python\Python314\site-packages\fastapi\routing.py", line 1720, in _handle_selected
    await original_route.handle(scope, receive, send)
  File "C:\Users\agust\AppData\Roaming\Python\Python314\site-packages\fastapi\routing.py", line 1239, in handle
    await app(scope, receive, send)
  File "C:\Users\agust\AppData\Roaming\Python\Python314\site-packages\fastapi\routing.py", line 150, in app
    await wrap_app_handling_exceptions(app, request)(scope, receive, send)
  File "C:\Users\agust\AppData\Roaming\Python\Python314\site-packages\starlette\_exception_handler.py", line 53, in wrapped_app
    raise exc
  File "C:\Users\agust\AppData\Roaming\Python\Python314\site-packages\starlette\_exception_handler.py", line 42, in wrapped_app
    await app(scope, receive, sender)
  File "C:\Users\agust\AppData\Roaming\Python\Python314\site-packages\fastapi\routing.py", line 136, in app
    response = await f(request)
               ^^^^^^^^^^^^^^^^
  File "C:\Users\agust\AppData\Roaming\Python\Python314\site-packages\fastapi\routing.py", line 690, in app
    raw_response = await run_endpoint_function(
                   ^^^^^^^^^^^^^^^^^^^^^^^^^^^^
    ...<3 lines>...
    )
    ^
  File "C:\Users\agust\AppData\Roaming\Python\Python314\site-packages\fastapi\routing.py", line 344, in run_endpoint_function
    return await dependant.call(**values)
           ^^^^^^^^^^^^^^^^^^^^^^^^^^^^^^
  File "X:\Arqui\AgroTech\src\modules\data_api\router.py", line 334, in delete_campo
    async with db.begin():
               ~~~~~~~~^^
  File "C:\Users\agust\AppData\Roaming\Python\Python314\site-packages\sqlalchemy\ext\asyncio\session.py", line 1886, in __aexit__
    await greenlet_spawn(
        self._sync_transaction().__exit__, type_, value, traceback
    )
  File "C:\Users\agust\AppData\Roaming\Python\Python314\site-packages\sqlalchemy\util\_concurrency_py3k.py", line 203, in greenlet_spawn
    result = context.switch(value)
  File "C:\Users\agust\AppData\Roaming\Python\Python314\site-packages\sqlalchemy\engine\util.py", line 147, in __exit__
    with util.safe_reraise():
         ~~~~~~~~~~~~~~~~~^^
  File "C:\Users\agust\AppData\Roaming\Python\Python314\site-packages\sqlalchemy\util\langhelpers.py", line 122, in __exit__
    raise exc_value.with_traceback(exc_tb)
  File "C:\Users\agust\AppData\Roaming\Python\Python314\site-packages\sqlalchemy\engine\util.py", line 145, in __exit__
    self.commit()
    ~~~~~~~~~~~^^
  File "<string>", line 2, in commit
  File "C:\Users\agust\AppData\Roaming\Python\Python314\site-packages\sqlalchemy\orm\state_changes.py", line 137, in _go
    ret_value = fn(self, *arg, **kw)
  File "C:\Users\agust\AppData\Roaming\Python\Python314\site-packages\sqlalchemy\orm\session.py", line 1316, in commit
    self._prepare_impl()
    ~~~~~~~~~~~~~~~~~~^^
  File "<string>", line 2, in _prepare_impl
  File "C:\Users\agust\AppData\Roaming\Python\Python314\site-packages\sqlalchemy\orm\state_changes.py", line 137, in _go
    ret_value = fn(self, *arg, **kw)
  File "C:\Users\agust\AppData\Roaming\Python\Python314\site-packages\sqlalchemy\orm\session.py", line 1290, in _prepare_impl
    self.session.flush()
    ~~~~~~~~~~~~~~~~~~^^
  File "C:\Users\agust\AppData\Roaming\Python\Python314\site-packages\sqlalchemy\orm\session.py", line 4353, in flush
    self._flush(objects)
    ~~~~~~~~~~~^^^^^^^^^
  File "C:\Users\agust\AppData\Roaming\Python\Python314\site-packages\sqlalchemy\orm\session.py", line 4488, in _flush
    with util.safe_reraise():
         ~~~~~~~~~~~~~~~~~^^
  File "C:\Users\agust\AppData\Roaming\Python\Python314\site-packages\sqlalchemy\util\langhelpers.py", line 122, in __exit__
    raise exc_value.with_traceback(exc_tb)
  File "C:\Users\agust\AppData\Roaming\Python\Python314\site-packages\sqlalchemy\orm\session.py", line 4449, in _flush
    flush_context.execute()
    ~~~~~~~~~~~~~~~~~~~~~^^
  File "C:\Users\agust\AppData\Roaming\Python\Python314\site-packages\sqlalchemy\orm\unitofwork.py", line 465, in execute
    rec.execute(self)
    ~~~~~~~~~~~^^^^^^
  File "C:\Users\agust\AppData\Roaming\Python\Python314\site-packages\sqlalchemy\orm\unitofwork.py", line 678, in execute
    util.preloaded.orm_persistence.delete_obj(
    ~~~~~~~~~~~~~~~~~~~~~~~~~~~~~~~~~~~~~~~~~^
        self.mapper,
        ^^^^^^^^^^^^
        uow.states_for_mapper_hierarchy(self.mapper, True, False),
        ^^^^^^^^^^^^^^^^^^^^^^^^^^^^^^^^^^^^^^^^^^^^^^^^^^^^^^^^^^
        uow,
        ^^^^
    )
    ^
  File "C:\Users\agust\AppData\Roaming\Python\Python314\site-packages\sqlalchemy\orm\persistence.py", line 194, in delete_obj
    _emit_delete_statements(
    ~~~~~~~~~~~~~~~~~~~~~~~^
        base_mapper,
        ^^^^^^^^^^^^
    ...<3 lines>...
        delete,
        ^^^^^^^
    )
    ^
  File "C:\Users\agust\AppData\Roaming\Python\Python314\site-packages\sqlalchemy\orm\persistence.py", line 1472, in _emit_delete_statements
    c = connection.execute(
        statement, del_objects, execution_options=execution_options
    )
  File "C:\Users\agust\AppData\Roaming\Python\Python314\site-packages\sqlalchemy\engine\base.py", line 1421, in execute
    return meth(
        self,
        distilled_parameters,
        execution_options or NO_OPTIONS,
    )
  File "C:\Users\agust\AppData\Roaming\Python\Python314\site-packages\sqlalchemy\sql\elements.py", line 526, in _execute_on_connection
    return connection._execute_clauseelement(
           ~~~~~~~~~~~~~~~~~~~~~~~~~~~~~~~~~^
        self, distilled_params, execution_options
        ^^^^^^^^^^^^^^^^^^^^^^^^^^^^^^^^^^^^^^^^^
    )
    ^
  File "C:\Users\agust\AppData\Roaming\Python\Python314\site-packages\sqlalchemy\engine\base.py", line 1643, in _execute_clauseelement
    ret = self._execute_context(
        dialect,
    ...<8 lines>...
        cache_hit=cache_hit,
    )
  File "C:\Users\agust\AppData\Roaming\Python\Python314\site-packages\sqlalchemy\engine\base.py", line 1848, in _execute_context
    return self._exec_single_context(
           ~~~~~~~~~~~~~~~~~~~~~~~~~^
        dialect, context, statement, parameters
        ^^^^^^^^^^^^^^^^^^^^^^^^^^^^^^^^^^^^^^^
    )
    ^
  File "C:\Users\agust\AppData\Roaming\Python\Python314\site-packages\sqlalchemy\engine\base.py", line 1988, in _exec_single_context
    self._handle_dbapi_exception(
    ~~~~~~~~~~~~~~~~~~~~~~~~~~~~^
        e, str_statement, effective_parameters, cursor, context
        ^^^^^^^^^^^^^^^^^^^^^^^^^^^^^^^^^^^^^^^^^^^^^^^^^^^^^^^
    )
    ^
  File "C:\Users\agust\AppData\Roaming\Python\Python314\site-packages\sqlalchemy\engine\base.py", line 2365, in _handle_dbapi_exception
    raise sqlalchemy_exception.with_traceback(exc_info[2]) from e
  File "C:\Users\agust\AppData\Roaming\Python\Python314\site-packages\sqlalchemy\engine\base.py", line 1969, in _exec_single_context
    self.dialect.do_execute(
    ~~~~~~~~~~~~~~~~~~~~~~~^
        cursor, str_statement, effective_parameters, context
        ^^^^^^^^^^^^^^^^^^^^^^^^^^^^^^^^^^^^^^^^^^^^^^^^^^^^
    )
    ^
  File "C:\Users\agust\AppData\Roaming\Python\Python314\site-packages\sqlalchemy\engine\default.py", line 952, in do_execute
    cursor.execute(statement, parameters)
    ~~~~~~~~~~~~~~^^^^^^^^^^^^^^^^^^^^^^^
  File "C:\Users\agust\AppData\Roaming\Python\Python314\site-packages\sqlalchemy\dialects\postgresql\asyncpg.py", line 585, in execute
    self._adapt_connection.await_(
    ~~~~~~~~~~~~~~~~~~~~~~~~~~~~~^
        self._prepare_and_execute(operation, parameters)
        ^^^^^^^^^^^^^^^^^^^^^^^^^^^^^^^^^^^^^^^^^^^^^^^^
    )
    ^
  File "C:\Users\agust\AppData\Roaming\Python\Python314\site-packages\sqlalchemy\util\_concurrency_py3k.py", line 132, in await_only
    return current.parent.switch(awaitable)  # type: ignore[no-any-return,attr-defined] # noqa: E501
           ~~~~~~~~~~~~~~~~~~~~~^^^^^^^^^^^
  File "C:\Users\agust\AppData\Roaming\Python\Python314\site-packages\sqlalchemy\util\_concurrency_py3k.py", line 196, in greenlet_spawn
    value = await result
            ^^^^^^^^^^^^
  File "C:\Users\agust\AppData\Roaming\Python\Python314\site-packages\sqlalchemy\dialects\postgresql\asyncpg.py", line 563, in _prepare_and_execute
    self._handle_exception(error)
    ~~~~~~~~~~~~~~~~~~~~~~^^^^^^^
  File "C:\Users\agust\AppData\Roaming\Python\Python314\site-packages\sqlalchemy\dialects\postgresql\asyncpg.py", line 513, in _handle_exception
    self._adapt_connection._handle_exception(error)
    ~~~~~~~~~~~~~~~~~~~~~~~~~~~~~~~~~~~~~~~~^^^^^^^
  File "C:\Users\agust\AppData\Roaming\Python\Python314\site-packages\sqlalchemy\dialects\postgresql\asyncpg.py", line 797, in _handle_exception
    raise translated_error from error
sqlalchemy.exc.IntegrityError: (sqlalchemy.dialects.postgresql.asyncpg.IntegrityError) <class 'asyncpg.exceptions.ForeignKeyViolationError'>: update or delete on table "campos" violates foreign key constraint "parcelas_nombre_campo_fkey" on table "parcelas"
DETAIL:  Key (nombre_campo)=(CampoTest2) is still referenced from table "parcelas".
[SQL: DELETE FROM campos WHERE campos.nombre_campo = $1::VARCHAR]
[parameters: ('CampoTest2',)]
(Background on this error at: https://sqlalche.me/e/20/gkpj)
ERROR:    Exception in ASGI application
Traceback (most recent call last):
  File "C:\Users\agust\AppData\Roaming\Python\Python314\site-packages\sqlalchemy\dialects\postgresql\asyncpg.py", line 550, in _prepare_and_execute
    self._rows = deque(await prepared_stmt.fetch(*parameters))
                       ^^^^^^^^^^^^^^^^^^^^^^^^^^^^^^^^^^^^^^
  File "C:\Users\agust\AppData\Roaming\Python\Python314\site-packages\asyncpg\prepared_stmt.py", line 177, in fetch
    data = await self.__bind_execute(args, 0, timeout)
           ^^^^^^^^^^^^^^^^^^^^^^^^^^^^^^^^^^^^^^^^^^^
  File "C:\Users\agust\AppData\Roaming\Python\Python314\site-packages\asyncpg\prepared_stmt.py", line 268, in __bind_execute
    data, status, _ = await self.__do_execute(
                      ^^^^^^^^^^^^^^^^^^^^^^^^
        lambda protocol: protocol.bind_execute(
        ^^^^^^^^^^^^^^^^^^^^^^^^^^^^^^^^^^^^^^^
            self._state, args, '', limit, True, timeout))
            ^^^^^^^^^^^^^^^^^^^^^^^^^^^^^^^^^^^^^^^^^^^^^
  File "C:\Users\agust\AppData\Roaming\Python\Python314\site-packages\asyncpg\prepared_stmt.py", line 257, in __do_execute
    return await executor(protocol)
           ^^^^^^^^^^^^^^^^^^^^^^^^
  File "asyncpg/protocol/protocol.pyx", line 205, in bind_execute
asyncpg.exceptions.ForeignKeyViolationError: update or delete on table "campos" violates foreign key constraint "parcelas_nombre_campo_fkey" on table "parcelas"
DETAIL:  Key (nombre_campo)=(CampoTest2) is still referenced from table "parcelas".

The above exception was the direct cause of the following exception:

Traceback (most recent call last):
  File "C:\Users\agust\AppData\Roaming\Python\Python314\site-packages\sqlalchemy\engine\base.py", line 1969, in _exec_single_context
    self.dialect.do_execute(
    ~~~~~~~~~~~~~~~~~~~~~~~^
        cursor, str_statement, effective_parameters, context
        ^^^^^^^^^^^^^^^^^^^^^^^^^^^^^^^^^^^^^^^^^^^^^^^^^^^^
    )
    ^
  File "C:\Users\agust\AppData\Roaming\Python\Python314\site-packages\sqlalchemy\engine\default.py", line 952, in do_execute
    cursor.execute(statement, parameters)
    ~~~~~~~~~~~~~~^^^^^^^^^^^^^^^^^^^^^^^
  File "C:\Users\agust\AppData\Roaming\Python\Python314\site-packages\sqlalchemy\dialects\postgresql\asyncpg.py", line 585, in execute
    self._adapt_connection.await_(
    ~~~~~~~~~~~~~~~~~~~~~~~~~~~~~^
        self._prepare_and_execute(operation, parameters)
        ^^^^^^^^^^^^^^^^^^^^^^^^^^^^^^^^^^^^^^^^^^^^^^^^
    )
    ^
  File "C:\Users\agust\AppData\Roaming\Python\Python314\site-packages\sqlalchemy\util\_concurrency_py3k.py", line 132, in await_only
    return current.parent.switch(awaitable)  # type: ignore[no-any-return,attr-defined] # noqa: E501
           ~~~~~~~~~~~~~~~~~~~~~^^^^^^^^^^^
  File "C:\Users\agust\AppData\Roaming\Python\Python314\site-packages\sqlalchemy\util\_concurrency_py3k.py", line 196, in greenlet_spawn
    value = await result
            ^^^^^^^^^^^^
  File "C:\Users\agust\AppData\Roaming\Python\Python314\site-packages\sqlalchemy\dialects\postgresql\asyncpg.py", line 563, in _prepare_and_execute
    self._handle_exception(error)
    ~~~~~~~~~~~~~~~~~~~~~~^^^^^^^
  File "C:\Users\agust\AppData\Roaming\Python\Python314\site-packages\sqlalchemy\dialects\postgresql\asyncpg.py", line 513, in _handle_exception
    self._adapt_connection._handle_exception(error)
    ~~~~~~~~~~~~~~~~~~~~~~~~~~~~~~~~~~~~~~~~^^^^^^^
  File "C:\Users\agust\AppData\Roaming\Python\Python314\site-packages\sqlalchemy\dialects\postgresql\asyncpg.py", line 797, in _handle_exception
    raise translated_error from error
sqlalchemy.dialects.postgresql.asyncpg.AsyncAdapt_asyncpg_dbapi.IntegrityError: <class 'asyncpg.exceptions.ForeignKeyViolationError'>: update or delete on table "campos" violates foreign key constraint "parcelas_nombre_campo_fkey" on table "parcelas"
DETAIL:  Key (nombre_campo)=(CampoTest2) is still referenced from table "parcelas".

The above exception was the direct cause of the following exception:

Traceback (most recent call last):
  File "C:\Users\agust\AppData\Roaming\Python\Python314\site-packages\uvicorn\protocols\http\httptools_impl.py", line 421, in run_asgi
    result = await app(  # type: ignore[func-returns-value]
             ^^^^^^^^^^^^^^^^^^^^^^^^^^^^^^^^^^^^^^^^^^^^^^
        self.scope, self.receive, self.send
        ^^^^^^^^^^^^^^^^^^^^^^^^^^^^^^^^^^^
    )
    ^
  File "C:\Users\agust\AppData\Roaming\Python\Python314\site-packages\uvicorn\middleware\proxy_headers.py", line 62, in __call__
    return await self.app(scope, receive, send)
           ^^^^^^^^^^^^^^^^^^^^^^^^^^^^^^^^^^^^
  File "C:\Users\agust\AppData\Roaming\Python\Python314\site-packages\fastapi\applications.py", line 1163, in __call__
    await super().__call__(scope, receive, send)
  File "C:\Users\agust\AppData\Roaming\Python\Python314\site-packages\starlette\applications.py", line 90, in __call__
    await self.middleware_stack(scope, receive, send)
  File "C:\Users\agust\AppData\Roaming\Python\Python314\site-packages\starlette\middleware\errors.py", line 186, in __call__
    raise exc
  File "C:\Users\agust\AppData\Roaming\Python\Python314\site-packages\starlette\middleware\errors.py", line 164, in __call__
    await self.app(scope, receive, _send)
  File "C:\Users\agust\AppData\Roaming\Python\Python314\site-packages\starlette\middleware\exceptions.py", line 63, in __call__
    await wrap_app_handling_exceptions(self.app, conn)(scope, receive, send)
  File "C:\Users\agust\AppData\Roaming\Python\Python314\site-packages\starlette\_exception_handler.py", line 53, in wrapped_app
    raise exc
  File "C:\Users\agust\AppData\Roaming\Python\Python314\site-packages\starlette\_exception_handler.py", line 42, in wrapped_app
    await app(scope, receive, sender)
  File "C:\Users\agust\AppData\Roaming\Python\Python314\site-packages\fastapi\middleware\asyncexitstack.py", line 18, in __call__
    await self.app(scope, receive, send)
  File "C:\Users\agust\AppData\Roaming\Python\Python314\site-packages\starlette\routing.py", line 660, in __call__
    await self.middleware_stack(scope, receive, send)
  File "C:\Users\agust\AppData\Roaming\Python\Python314\site-packages\fastapi\routing.py", line 2531, in app
    await route.handle(scope, receive, send)
  File "C:\Users\agust\AppData\Roaming\Python\Python314\site-packages\fastapi\routing.py", line 1700, in handle
    await self.original_router.handle(scope, receive, send)
  File "C:\Users\agust\AppData\Roaming\Python\Python314\site-packages\fastapi\routing.py", line 2586, in handle
    await included_router._handle_selected(scope, receive, send)
  File "C:\Users\agust\AppData\Roaming\Python\Python314\site-packages\fastapi\routing.py", line 1720, in _handle_selected
    await original_route.handle(scope, receive, send)
  File "C:\Users\agust\AppData\Roaming\Python\Python314\site-packages\fastapi\routing.py", line 1239, in handle
    await app(scope, receive, send)
  File "C:\Users\agust\AppData\Roaming\Python\Python314\site-packages\fastapi\routing.py", line 150, in app
    await wrap_app_handling_exceptions(app, request)(scope, receive, send)
  File "C:\Users\agust\AppData\Roaming\Python\Python314\site-packages\starlette\_exception_handler.py", line 53, in wrapped_app
    raise exc
  File "C:\Users\agust\AppData\Roaming\Python\Python314\site-packages\starlette\_exception_handler.py", line 42, in wrapped_app
    await app(scope, receive, sender)
  File "C:\Users\agust\AppData\Roaming\Python\Python314\site-packages\fastapi\routing.py", line 136, in app
    response = await f(request)
               ^^^^^^^^^^^^^^^^
  File "C:\Users\agust\AppData\Roaming\Python\Python314\site-packages\fastapi\routing.py", line 690, in app
    raw_response = await run_endpoint_function(
                   ^^^^^^^^^^^^^^^^^^^^^^^^^^^^
    ...<3 lines>...
    )
    ^
  File "C:\Users\agust\AppData\Roaming\Python\Python314\site-packages\fastapi\routing.py", line 344, in run_endpoint_function
    return await dependant.call(**values)
           ^^^^^^^^^^^^^^^^^^^^^^^^^^^^^^
  File "X:\Arqui\AgroTech\src\modules\data_api\router.py", line 334, in delete_campo
    async with db.begin():
               ~~~~~~~~^^
  File "C:\Users\agust\AppData\Roaming\Python\Python314\site-packages\sqlalchemy\ext\asyncio\session.py", line 1886, in __aexit__
    await greenlet_spawn(
        self._sync_transaction().__exit__, type_, value, traceback
    )
  File "C:\Users\agust\AppData\Roaming\Python\Python314\site-packages\sqlalchemy\util\_concurrency_py3k.py", line 203, in greenlet_spawn
    result = context.switch(value)
  File "C:\Users\agust\AppData\Roaming\Python\Python314\site-packages\sqlalchemy\engine\util.py", line 147, in __exit__
    with util.safe_reraise():
         ~~~~~~~~~~~~~~~~~^^
  File "C:\Users\agust\AppData\Roaming\Python\Python314\site-packages\sqlalchemy\util\langhelpers.py", line 122, in __exit__
    raise exc_value.with_traceback(exc_tb)
  File "C:\Users\agust\AppData\Roaming\Python\Python314\site-packages\sqlalchemy\engine\util.py", line 145, in __exit__
    self.commit()
    ~~~~~~~~~~~^^
  File "<string>", line 2, in commit
  File "C:\Users\agust\AppData\Roaming\Python\Python314\site-packages\sqlalchemy\orm\state_changes.py", line 137, in _go
    ret_value = fn(self, *arg, **kw)
  File "C:\Users\agust\AppData\Roaming\Python\Python314\site-packages\sqlalchemy\orm\session.py", line 1316, in commit
    self._prepare_impl()
    ~~~~~~~~~~~~~~~~~~^^
  File "<string>", line 2, in _prepare_impl
  File "C:\Users\agust\AppData\Roaming\Python\Python314\site-packages\sqlalchemy\orm\state_changes.py", line 137, in _go
    ret_value = fn(self, *arg, **kw)
  File "C:\Users\agust\AppData\Roaming\Python\Python314\site-packages\sqlalchemy\orm\session.py", line 1290, in _prepare_impl
    self.session.flush()
    ~~~~~~~~~~~~~~~~~~^^
  File "C:\Users\agust\AppData\Roaming\Python\Python314\site-packages\sqlalchemy\orm\session.py", line 4353, in flush
    self._flush(objects)
    ~~~~~~~~~~~^^^^^^^^^
  File "C:\Users\agust\AppData\Roaming\Python\Python314\site-packages\sqlalchemy\orm\session.py", line 4488, in _flush
    with util.safe_reraise():
         ~~~~~~~~~~~~~~~~~^^
  File "C:\Users\agust\AppData\Roaming\Python\Python314\site-packages\sqlalchemy\util\langhelpers.py", line 122, in __exit__
    raise exc_value.with_traceback(exc_tb)
  File "C:\Users\agust\AppData\Roaming\Python\Python314\site-packages\sqlalchemy\orm\session.py", line 4449, in _flush
    flush_context.execute()
    ~~~~~~~~~~~~~~~~~~~~~^^
  File "C:\Users\agust\AppData\Roaming\Python\Python314\site-packages\sqlalchemy\orm\unitofwork.py", line 465, in execute
    rec.execute(self)
    ~~~~~~~~~~~^^^^^^
  File "C:\Users\agust\AppData\Roaming\Python\Python314\site-packages\sqlalchemy\orm\unitofwork.py", line 678, in execute
    util.preloaded.orm_persistence.delete_obj(
    ~~~~~~~~~~~~~~~~~~~~~~~~~~~~~~~~~~~~~~~~~^
        self.mapper,
        ^^^^^^^^^^^^
        uow.states_for_mapper_hierarchy(self.mapper, True, False),
        ^^^^^^^^^^^^^^^^^^^^^^^^^^^^^^^^^^^^^^^^^^^^^^^^^^^^^^^^^^
        uow,
        ^^^^
    )
    ^
  File "C:\Users\agust\AppData\Roaming\Python\Python314\site-packages\sqlalchemy\orm\persistence.py", line 194, in delete_obj
    _emit_delete_statements(
    ~~~~~~~~~~~~~~~~~~~~~~~^
        base_mapper,
        ^^^^^^^^^^^^
    ...<3 lines>...
        delete,
        ^^^^^^^
    )
    ^
  File "C:\Users\agust\AppData\Roaming\Python\Python314\site-packages\sqlalchemy\orm\persistence.py", line 1472, in _emit_delete_statements
    c = connection.execute(
        statement, del_objects, execution_options=execution_options
    )
  File "C:\Users\agust\AppData\Roaming\Python\Python314\site-packages\sqlalchemy\engine\base.py", line 1421, in execute
    return meth(
        self,
        distilled_parameters,
        execution_options or NO_OPTIONS,
    )
  File "C:\Users\agust\AppData\Roaming\Python\Python314\site-packages\sqlalchemy\sql\elements.py", line 526, in _execute_on_connection
    return connection._execute_clauseelement(
           ~~~~~~~~~~~~~~~~~~~~~~~~~~~~~~~~~^
        self, distilled_params, execution_options
        ^^^^^^^^^^^^^^^^^^^^^^^^^^^^^^^^^^^^^^^^^
    )
    ^
  File "C:\Users\agust\AppData\Roaming\Python\Python314\site-packages\sqlalchemy\engine\base.py", line 1643, in _execute_clauseelement
    ret = self._execute_context(
        dialect,
    ...<8 lines>...
        cache_hit=cache_hit,
    )
  File "C:\Users\agust\AppData\Roaming\Python\Python314\site-packages\sqlalchemy\engine\base.py", line 1848, in _execute_context
    return self._exec_single_context(
           ~~~~~~~~~~~~~~~~~~~~~~~~~^
        dialect, context, statement, parameters
        ^^^^^^^^^^^^^^^^^^^^^^^^^^^^^^^^^^^^^^^
    )
    ^
  File "C:\Users\agust\AppData\Roaming\Python\Python314\site-packages\sqlalchemy\engine\base.py", line 1988, in _exec_single_context
    self._handle_dbapi_exception(
    ~~~~~~~~~~~~~~~~~~~~~~~~~~~~^
        e, str_statement, effective_parameters, cursor, context
        ^^^^^^^^^^^^^^^^^^^^^^^^^^^^^^^^^^^^^^^^^^^^^^^^^^^^^^^
    )
    ^
  File "C:\Users\agust\AppData\Roaming\Python\Python314\site-packages\sqlalchemy\engine\base.py", line 2365, in _handle_dbapi_exception
    raise sqlalchemy_exception.with_traceback(exc_info[2]) from e
  File "C:\Users\agust\AppData\Roaming\Python\Python314\site-packages\sqlalchemy\engine\base.py", line 1969, in _exec_single_context
    self.dialect.do_execute(
    ~~~~~~~~~~~~~~~~~~~~~~~^
        cursor, str_statement, effective_parameters, context
        ^^^^^^^^^^^^^^^^^^^^^^^^^^^^^^^^^^^^^^^^^^^^^^^^^^^^
    )
    ^
  File "C:\Users\agust\AppData\Roaming\Python\Python314\site-packages\sqlalchemy\engine\default.py", line 952, in do_execute
    cursor.execute(statement, parameters)
    ~~~~~~~~~~~~~~^^^^^^^^^^^^^^^^^^^^^^^
  File "C:\Users\agust\AppData\Roaming\Python\Python314\site-packages\sqlalchemy\dialects\postgresql\asyncpg.py", line 585, in execute
    self._adapt_connection.await_(
    ~~~~~~~~~~~~~~~~~~~~~~~~~~~~~^
        self._prepare_and_execute(operation, parameters)
        ^^^^^^^^^^^^^^^^^^^^^^^^^^^^^^^^^^^^^^^^^^^^^^^^
    )
    ^
  File "C:\Users\agust\AppData\Roaming\Python\Python314\site-packages\sqlalchemy\util\_concurrency_py3k.py", line 132, in await_only
    return current.parent.switch(awaitable)  # type: ignore[no-any-return,attr-defined] # noqa: E501
           ~~~~~~~~~~~~~~~~~~~~~^^^^^^^^^^^
  File "C:\Users\agust\AppData\Roaming\Python\Python314\site-packages\sqlalchemy\util\_concurrency_py3k.py", line 196, in greenlet_spawn
    value = await result
            ^^^^^^^^^^^^
  File "C:\Users\agust\AppData\Roaming\Python\Python314\site-packages\sqlalchemy\dialects\postgresql\asyncpg.py", line 563, in _prepare_and_execute
    self._handle_exception(error)
    ~~~~~~~~~~~~~~~~~~~~~~^^^^^^^
  File "C:\Users\agust\AppData\Roaming\Python\Python314\site-packages\sqlalchemy\dialects\postgresql\asyncpg.py", line 513, in _handle_exception
    self._adapt_connection._handle_exception(error)
    ~~~~~~~~~~~~~~~~~~~~~~~~~~~~~~~~~~~~~~~~^^^^^^^
  File "C:\Users\agust\AppData\Roaming\Python\Python314\site-packages\sqlalchemy\dialects\postgresql\asyncpg.py", line 797, in _handle_exception
    raise translated_error from error
sqlalchemy.exc.IntegrityError: (sqlalchemy.dialects.postgresql.asyncpg.IntegrityError) <class 'asyncpg.exceptions.ForeignKeyViolationError'>: update or delete on table "campos" violates foreign key constraint "parcelas_nombre_campo_fkey" on table "parcelas"
DETAIL:  Key (nombre_campo)=(CampoTest2) is still referenced from table "parcelas".
[SQL: DELETE FROM campos WHERE campos.nombre_campo = $1::VARCHAR]
[parameters: ('CampoTest2',)]
(Background on this error at: https://sqlalche.me/e/20/gkpj)
Evento de seguridad | tipo=TOKEN_EXPIRED | detalle=token expirado
Evento de seguridad | code=TOKEN_EXPIRED | path=/api/campos | ip=127.0.0.1
Evento de seguridad | tipo=TOKEN_EXPIRED | detalle=token expirado
Evento de seguridad | code=TOKEN_EXPIRED | path=/api/reglas | ip=127.0.0.1
Evento de seguridad | tipo=TOKEN_EXPIRED | detalle=token expirado
Evento de seguridad | code=TOKEN_EXPIRED | path=/api/sensores | ip=127.0.0.1
Evento de seguridad | tipo=TOKEN_EXPIRED | detalle=token expirado
Evento de seguridad | code=TOKEN_EXPIRED | path=/api/campos | ip=127.0.0.1
Evento de seguridad | tipo=TOKEN_EXPIRED | detalle=token expirado
Evento de seguridad | code=TOKEN_EXPIRED | path=/api/reglas | ip=127.0.0.1
Evento de seguridad | tipo=TOKEN_EXPIRED | detalle=token expirado
Evento de seguridad | code=TOKEN_EXPIRED | path=/api/sensores | ip=127.0.0.1
Error interno no controlado | path=/api/campos/CampoTest2 | ip=127.0.0.1
Traceback (most recent call last):
  File "C:\Users\agust\AppData\Roaming\Python\Python314\site-packages\sqlalchemy\dialects\postgresql\asyncpg.py", line 550, in _prepare_and_execute
    self._rows = deque(await prepared_stmt.fetch(*parameters))
                       ^^^^^^^^^^^^^^^^^^^^^^^^^^^^^^^^^^^^^^
  File "C:\Users\agust\AppData\Roaming\Python\Python314\site-packages\asyncpg\prepared_stmt.py", line 177, in fetch
    data = await self.__bind_execute(args, 0, timeout)
           ^^^^^^^^^^^^^^^^^^^^^^^^^^^^^^^^^^^^^^^^^^^
  File "C:\Users\agust\AppData\Roaming\Python\Python314\site-packages\asyncpg\prepared_stmt.py", line 268, in __bind_execute
    data, status, _ = await self.__do_execute(
                      ^^^^^^^^^^^^^^^^^^^^^^^^
        lambda protocol: protocol.bind_execute(
        ^^^^^^^^^^^^^^^^^^^^^^^^^^^^^^^^^^^^^^^
            self._state, args, '', limit, True, timeout))
            ^^^^^^^^^^^^^^^^^^^^^^^^^^^^^^^^^^^^^^^^^^^^^
  File "C:\Users\agust\AppData\Roaming\Python\Python314\site-packages\asyncpg\prepared_stmt.py", line 257, in __do_execute
    return await executor(protocol)
           ^^^^^^^^^^^^^^^^^^^^^^^^
  File "asyncpg/protocol/protocol.pyx", line 205, in bind_execute
asyncpg.exceptions.ForeignKeyViolationError: update or delete on table "campos" violates foreign key constraint "parcelas_nombre_campo_fkey" on table "parcelas"
DETAIL:  Key (nombre_campo)=(CampoTest2) is still referenced from table "parcelas".

The above exception was the direct cause of the following exception:

Traceback (most recent call last):
  File "C:\Users\agust\AppData\Roaming\Python\Python314\site-packages\sqlalchemy\engine\base.py", line 1969, in _exec_single_context
    self.dialect.do_execute(
    ~~~~~~~~~~~~~~~~~~~~~~~^
        cursor, str_statement, effective_parameters, context
        ^^^^^^^^^^^^^^^^^^^^^^^^^^^^^^^^^^^^^^^^^^^^^^^^^^^^
    )
    ^
  File "C:\Users\agust\AppData\Roaming\Python\Python314\site-packages\sqlalchemy\engine\default.py", line 952, in do_execute
    cursor.execute(statement, parameters)
    ~~~~~~~~~~~~~~^^^^^^^^^^^^^^^^^^^^^^^
  File "C:\Users\agust\AppData\Roaming\Python\Python314\site-packages\sqlalchemy\dialects\postgresql\asyncpg.py", line 585, in execute
    self._adapt_connection.await_(
    ~~~~~~~~~~~~~~~~~~~~~~~~~~~~~^
        self._prepare_and_execute(operation, parameters)
        ^^^^^^^^^^^^^^^^^^^^^^^^^^^^^^^^^^^^^^^^^^^^^^^^
    )
    ^
  File "C:\Users\agust\AppData\Roaming\Python\Python314\site-packages\sqlalchemy\util\_concurrency_py3k.py", line 132, in await_only
    return current.parent.switch(awaitable)  # type: ignore[no-any-return,attr-defined] # noqa: E501
           ~~~~~~~~~~~~~~~~~~~~~^^^^^^^^^^^
  File "C:\Users\agust\AppData\Roaming\Python\Python314\site-packages\sqlalchemy\util\_concurrency_py3k.py", line 196, in greenlet_spawn
    value = await result
            ^^^^^^^^^^^^
  File "C:\Users\agust\AppData\Roaming\Python\Python314\site-packages\sqlalchemy\dialects\postgresql\asyncpg.py", line 563, in _prepare_and_execute
    self._handle_exception(error)
    ~~~~~~~~~~~~~~~~~~~~~~^^^^^^^
  File "C:\Users\agust\AppData\Roaming\Python\Python314\site-packages\sqlalchemy\dialects\postgresql\asyncpg.py", line 513, in _handle_exception
    self._adapt_connection._handle_exception(error)
    ~~~~~~~~~~~~~~~~~~~~~~~~~~~~~~~~~~~~~~~~^^^^^^^
  File "C:\Users\agust\AppData\Roaming\Python\Python314\site-packages\sqlalchemy\dialects\postgresql\asyncpg.py", line 797, in _handle_exception
    raise translated_error from error
sqlalchemy.dialects.postgresql.asyncpg.AsyncAdapt_asyncpg_dbapi.IntegrityError: <class 'asyncpg.exceptions.ForeignKeyViolationError'>: update or delete on table "campos" violates foreign key constraint "parcelas_nombre_campo_fkey" on table "parcelas"
DETAIL:  Key (nombre_campo)=(CampoTest2) is still referenced from table "parcelas".

The above exception was the direct cause of the following exception:

Traceback (most recent call last):
  File "C:\Users\agust\AppData\Roaming\Python\Python314\site-packages\starlette\middleware\errors.py", line 164, in __call__
    await self.app(scope, receive, _send)
  File "C:\Users\agust\AppData\Roaming\Python\Python314\site-packages\starlette\middleware\exceptions.py", line 63, in __call__
    await wrap_app_handling_exceptions(self.app, conn)(scope, receive, send)
  File "C:\Users\agust\AppData\Roaming\Python\Python314\site-packages\starlette\_exception_handler.py", line 53, in wrapped_app
    raise exc
  File "C:\Users\agust\AppData\Roaming\Python\Python314\site-packages\starlette\_exception_handler.py", line 42, in wrapped_app
    await app(scope, receive, sender)
  File "C:\Users\agust\AppData\Roaming\Python\Python314\site-packages\fastapi\middleware\asyncexitstack.py", line 18, in __call__
    await self.app(scope, receive, send)
  File "C:\Users\agust\AppData\Roaming\Python\Python314\site-packages\starlette\routing.py", line 660, in __call__
    await self.middleware_stack(scope, receive, send)
  File "C:\Users\agust\AppData\Roaming\Python\Python314\site-packages\fastapi\routing.py", line 2531, in app
    await route.handle(scope, receive, send)
  File "C:\Users\agust\AppData\Roaming\Python\Python314\site-packages\fastapi\routing.py", line 1700, in handle
    await self.original_router.handle(scope, receive, send)
  File "C:\Users\agust\AppData\Roaming\Python\Python314\site-packages\fastapi\routing.py", line 2586, in handle
    await included_router._handle_selected(scope, receive, send)
  File "C:\Users\agust\AppData\Roaming\Python\Python314\site-packages\fastapi\routing.py", line 1720, in _handle_selected
    await original_route.handle(scope, receive, send)
  File "C:\Users\agust\AppData\Roaming\Python\Python314\site-packages\fastapi\routing.py", line 1239, in handle
    await app(scope, receive, send)
  File "C:\Users\agust\AppData\Roaming\Python\Python314\site-packages\fastapi\routing.py", line 150, in app
    await wrap_app_handling_exceptions(app, request)(scope, receive, send)
  File "C:\Users\agust\AppData\Roaming\Python\Python314\site-packages\starlette\_exception_handler.py", line 53, in wrapped_app
    raise exc
  File "C:\Users\agust\AppData\Roaming\Python\Python314\site-packages\starlette\_exception_handler.py", line 42, in wrapped_app
    await app(scope, receive, sender)
  File "C:\Users\agust\AppData\Roaming\Python\Python314\site-packages\fastapi\routing.py", line 136, in app
    response = await f(request)
               ^^^^^^^^^^^^^^^^
  File "C:\Users\agust\AppData\Roaming\Python\Python314\site-packages\fastapi\routing.py", line 690, in app
    raw_response = await run_endpoint_function(
                   ^^^^^^^^^^^^^^^^^^^^^^^^^^^^
    ...<3 lines>...
    )
    ^
  File "C:\Users\agust\AppData\Roaming\Python\Python314\site-packages\fastapi\routing.py", line 344, in run_endpoint_function
    return await dependant.call(**values)
           ^^^^^^^^^^^^^^^^^^^^^^^^^^^^^^
  File "X:\Arqui\AgroTech\src\modules\data_api\router.py", line 334, in delete_campo
    async with db.begin():
               ~~~~~~~~^^
  File "C:\Users\agust\AppData\Roaming\Python\Python314\site-packages\sqlalchemy\ext\asyncio\session.py", line 1886, in __aexit__
    await greenlet_spawn(
        self._sync_transaction().__exit__, type_, value, traceback
    )
  File "C:\Users\agust\AppData\Roaming\Python\Python314\site-packages\sqlalchemy\util\_concurrency_py3k.py", line 203, in greenlet_spawn
    result = context.switch(value)
  File "C:\Users\agust\AppData\Roaming\Python\Python314\site-packages\sqlalchemy\engine\util.py", line 147, in __exit__
    with util.safe_reraise():
         ~~~~~~~~~~~~~~~~~^^
  File "C:\Users\agust\AppData\Roaming\Python\Python314\site-packages\sqlalchemy\util\langhelpers.py", line 122, in __exit__
    raise exc_value.with_traceback(exc_tb)
  File "C:\Users\agust\AppData\Roaming\Python\Python314\site-packages\sqlalchemy\engine\util.py", line 145, in __exit__
    self.commit()
    ~~~~~~~~~~~^^
  File "<string>", line 2, in commit
  File "C:\Users\agust\AppData\Roaming\Python\Python314\site-packages\sqlalchemy\orm\state_changes.py", line 137, in _go
    ret_value = fn(self, *arg, **kw)
  File "C:\Users\agust\AppData\Roaming\Python\Python314\site-packages\sqlalchemy\orm\session.py", line 1316, in commit
    self._prepare_impl()
    ~~~~~~~~~~~~~~~~~~^^
  File "<string>", line 2, in _prepare_impl
  File "C:\Users\agust\AppData\Roaming\Python\Python314\site-packages\sqlalchemy\orm\state_changes.py", line 137, in _go
    ret_value = fn(self, *arg, **kw)
  File "C:\Users\agust\AppData\Roaming\Python\Python314\site-packages\sqlalchemy\orm\session.py", line 1290, in _prepare_impl
    self.session.flush()
    ~~~~~~~~~~~~~~~~~~^^
  File "C:\Users\agust\AppData\Roaming\Python\Python314\site-packages\sqlalchemy\orm\session.py", line 4353, in flush
    self._flush(objects)
    ~~~~~~~~~~~^^^^^^^^^
  File "C:\Users\agust\AppData\Roaming\Python\Python314\site-packages\sqlalchemy\orm\session.py", line 4488, in _flush
    with util.safe_reraise():
         ~~~~~~~~~~~~~~~~~^^
  File "C:\Users\agust\AppData\Roaming\Python\Python314\site-packages\sqlalchemy\util\langhelpers.py", line 122, in __exit__
    raise exc_value.with_traceback(exc_tb)
  File "C:\Users\agust\AppData\Roaming\Python\Python314\site-packages\sqlalchemy\orm\session.py", line 4449, in _flush
    flush_context.execute()
    ~~~~~~~~~~~~~~~~~~~~~^^
  File "C:\Users\agust\AppData\Roaming\Python\Python314\site-packages\sqlalchemy\orm\unitofwork.py", line 465, in execute
    rec.execute(self)
    ~~~~~~~~~~~^^^^^^
  File "C:\Users\agust\AppData\Roaming\Python\Python314\site-packages\sqlalchemy\orm\unitofwork.py", line 678, in execute
    util.preloaded.orm_persistence.delete_obj(
    ~~~~~~~~~~~~~~~~~~~~~~~~~~~~~~~~~~~~~~~~~^
        self.mapper,
        ^^^^^^^^^^^^
        uow.states_for_mapper_hierarchy(self.mapper, True, False),
        ^^^^^^^^^^^^^^^^^^^^^^^^^^^^^^^^^^^^^^^^^^^^^^^^^^^^^^^^^^
        uow,
        ^^^^
    )
    ^
  File "C:\Users\agust\AppData\Roaming\Python\Python314\site-packages\sqlalchemy\orm\persistence.py", line 194, in delete_obj
    _emit_delete_statements(
    ~~~~~~~~~~~~~~~~~~~~~~~^
        base_mapper,
        ^^^^^^^^^^^^
    ...<3 lines>...
        delete,
        ^^^^^^^
    )
    ^
  File "C:\Users\agust\AppData\Roaming\Python\Python314\site-packages\sqlalchemy\orm\persistence.py", line 1472, in _emit_delete_statements
    c = connection.execute(
        statement, del_objects, execution_options=execution_options
    )
  File "C:\Users\agust\AppData\Roaming\Python\Python314\site-packages\sqlalchemy\engine\base.py", line 1421, in execute
    return meth(
        self,
        distilled_parameters,
        execution_options or NO_OPTIONS,
    )
  File "C:\Users\agust\AppData\Roaming\Python\Python314\site-packages\sqlalchemy\sql\elements.py", line 526, in _execute_on_connection
    return connection._execute_clauseelement(
           ~~~~~~~~~~~~~~~~~~~~~~~~~~~~~~~~~^
        self, distilled_params, execution_options
        ^^^^^^^^^^^^^^^^^^^^^^^^^^^^^^^^^^^^^^^^^
    )
    ^
  File "C:\Users\agust\AppData\Roaming\Python\Python314\site-packages\sqlalchemy\engine\base.py", line 1643, in _execute_clauseelement
    ret = self._execute_context(
        dialect,
    ...<8 lines>...
        cache_hit=cache_hit,
    )
  File "C:\Users\agust\AppData\Roaming\Python\Python314\site-packages\sqlalchemy\engine\base.py", line 1848, in _execute_context
    return self._exec_single_context(
           ~~~~~~~~~~~~~~~~~~~~~~~~~^
        dialect, context, statement, parameters
        ^^^^^^^^^^^^^^^^^^^^^^^^^^^^^^^^^^^^^^^
    )
    ^
  File "C:\Users\agust\AppData\Roaming\Python\Python314\site-packages\sqlalchemy\engine\base.py", line 1988, in _exec_single_context
    self._handle_dbapi_exception(
    ~~~~~~~~~~~~~~~~~~~~~~~~~~~~^
        e, str_statement, effective_parameters, cursor, context
        ^^^^^^^^^^^^^^^^^^^^^^^^^^^^^^^^^^^^^^^^^^^^^^^^^^^^^^^
    )
    ^
  File "C:\Users\agust\AppData\Roaming\Python\Python314\site-packages\sqlalchemy\engine\base.py", line 2365, in _handle_dbapi_exception
    raise sqlalchemy_exception.with_traceback(exc_info[2]) from e
  File "C:\Users\agust\AppData\Roaming\Python\Python314\site-packages\sqlalchemy\engine\base.py", line 1969, in _exec_single_context
    self.dialect.do_execute(
    ~~~~~~~~~~~~~~~~~~~~~~~^
        cursor, str_statement, effective_parameters, context
        ^^^^^^^^^^^^^^^^^^^^^^^^^^^^^^^^^^^^^^^^^^^^^^^^^^^^
    )
    ^
  File "C:\Users\agust\AppData\Roaming\Python\Python314\site-packages\sqlalchemy\engine\default.py", line 952, in do_execute
    cursor.execute(statement, parameters)
    ~~~~~~~~~~~~~~^^^^^^^^^^^^^^^^^^^^^^^
  File "C:\Users\agust\AppData\Roaming\Python\Python314\site-packages\sqlalchemy\dialects\postgresql\asyncpg.py", line 585, in execute
    self._adapt_connection.await_(
    ~~~~~~~~~~~~~~~~~~~~~~~~~~~~~^
        self._prepare_and_execute(operation, parameters)
        ^^^^^^^^^^^^^^^^^^^^^^^^^^^^^^^^^^^^^^^^^^^^^^^^
    )
    ^
  File "C:\Users\agust\AppData\Roaming\Python\Python314\site-packages\sqlalchemy\util\_concurrency_py3k.py", line 132, in await_only
    return current.parent.switch(awaitable)  # type: ignore[no-any-return,attr-defined] # noqa: E501
           ~~~~~~~~~~~~~~~~~~~~~^^^^^^^^^^^
  File "C:\Users\agust\AppData\Roaming\Python\Python314\site-packages\sqlalchemy\util\_concurrency_py3k.py", line 196, in greenlet_spawn
    value = await result
            ^^^^^^^^^^^^
  File "C:\Users\agust\AppData\Roaming\Python\Python314\site-packages\sqlalchemy\dialects\postgresql\asyncpg.py", line 563, in _prepare_and_execute
    self._handle_exception(error)
    ~~~~~~~~~~~~~~~~~~~~~~^^^^^^^
  File "C:\Users\agust\AppData\Roaming\Python\Python314\site-packages\sqlalchemy\dialects\postgresql\asyncpg.py", line 513, in _handle_exception
    self._adapt_connection._handle_exception(error)
    ~~~~~~~~~~~~~~~~~~~~~~~~~~~~~~~~~~~~~~~~^^^^^^^
  File "C:\Users\agust\AppData\Roaming\Python\Python314\site-packages\sqlalchemy\dialects\postgresql\asyncpg.py", line 797, in _handle_exception
    raise translated_error from error
sqlalchemy.exc.IntegrityError: (sqlalchemy.dialects.postgresql.asyncpg.IntegrityError) <class 'asyncpg.exceptions.ForeignKeyViolationError'>: update or delete on table "campos" violates foreign key constraint "parcelas_nombre_campo_fkey" on table "parcelas"
DETAIL:  Key (nombre_campo)=(CampoTest2) is still referenced from table "parcelas".
[SQL: DELETE FROM campos WHERE campos.nombre_campo = $1::VARCHAR]
[parameters: ('CampoTest2',)]
(Background on this error at: https://sqlalche.me/e/20/gkpj)
ERROR:    Exception in ASGI application
Traceback (most recent call last):
  File "C:\Users\agust\AppData\Roaming\Python\Python314\site-packages\sqlalchemy\dialects\postgresql\asyncpg.py", line 550, in _prepare_and_execute
    self._rows = deque(await prepared_stmt.fetch(*parameters))
                       ^^^^^^^^^^^^^^^^^^^^^^^^^^^^^^^^^^^^^^
  File "C:\Users\agust\AppData\Roaming\Python\Python314\site-packages\asyncpg\prepared_stmt.py", line 177, in fetch
    data = await self.__bind_execute(args, 0, timeout)
           ^^^^^^^^^^^^^^^^^^^^^^^^^^^^^^^^^^^^^^^^^^^
  File "C:\Users\agust\AppData\Roaming\Python\Python314\site-packages\asyncpg\prepared_stmt.py", line 268, in __bind_execute
    data, status, _ = await self.__do_execute(
                      ^^^^^^^^^^^^^^^^^^^^^^^^
        lambda protocol: protocol.bind_execute(
        ^^^^^^^^^^^^^^^^^^^^^^^^^^^^^^^^^^^^^^^
            self._state, args, '', limit, True, timeout))
            ^^^^^^^^^^^^^^^^^^^^^^^^^^^^^^^^^^^^^^^^^^^^^
  File "C:\Users\agust\AppData\Roaming\Python\Python314\site-packages\asyncpg\prepared_stmt.py", line 257, in __do_execute
    return await executor(protocol)
           ^^^^^^^^^^^^^^^^^^^^^^^^
  File "asyncpg/protocol/protocol.pyx", line 205, in bind_execute
asyncpg.exceptions.ForeignKeyViolationError: update or delete on table "campos" violates foreign key constraint "parcelas_nombre_campo_fkey" on table "parcelas"
DETAIL:  Key (nombre_campo)=(CampoTest2) is still referenced from table "parcelas".

The above exception was the direct cause of the following exception:

Traceback (most recent call last):
  File "C:\Users\agust\AppData\Roaming\Python\Python314\site-packages\sqlalchemy\engine\base.py", line 1969, in _exec_single_context
    self.dialect.do_execute(
    ~~~~~~~~~~~~~~~~~~~~~~~^
        cursor, str_statement, effective_parameters, context
        ^^^^^^^^^^^^^^^^^^^^^^^^^^^^^^^^^^^^^^^^^^^^^^^^^^^^
    )
    ^
  File "C:\Users\agust\AppData\Roaming\Python\Python314\site-packages\sqlalchemy\engine\default.py", line 952, in do_execute
    cursor.execute(statement, parameters)
    ~~~~~~~~~~~~~~^^^^^^^^^^^^^^^^^^^^^^^
  File "C:\Users\agust\AppData\Roaming\Python\Python314\site-packages\sqlalchemy\dialects\postgresql\asyncpg.py", line 585, in execute
    self._adapt_connection.await_(
    ~~~~~~~~~~~~~~~~~~~~~~~~~~~~~^
        self._prepare_and_execute(operation, parameters)
        ^^^^^^^^^^^^^^^^^^^^^^^^^^^^^^^^^^^^^^^^^^^^^^^^
    )
    ^
  File "C:\Users\agust\AppData\Roaming\Python\Python314\site-packages\sqlalchemy\util\_concurrency_py3k.py", line 132, in await_only
    return current.parent.switch(awaitable)  # type: ignore[no-any-return,attr-defined] # noqa: E501
           ~~~~~~~~~~~~~~~~~~~~~^^^^^^^^^^^
  File "C:\Users\agust\AppData\Roaming\Python\Python314\site-packages\sqlalchemy\util\_concurrency_py3k.py", line 196, in greenlet_spawn
    value = await result
            ^^^^^^^^^^^^
  File "C:\Users\agust\AppData\Roaming\Python\Python314\site-packages\sqlalchemy\dialects\postgresql\asyncpg.py", line 563, in _prepare_and_execute
    self._handle_exception(error)
    ~~~~~~~~~~~~~~~~~~~~~~^^^^^^^
  File "C:\Users\agust\AppData\Roaming\Python\Python314\site-packages\sqlalchemy\dialects\postgresql\asyncpg.py", line 513, in _handle_exception
    self._adapt_connection._handle_exception(error)
    ~~~~~~~~~~~~~~~~~~~~~~~~~~~~~~~~~~~~~~~~^^^^^^^
  File "C:\Users\agust\AppData\Roaming\Python\Python314\site-packages\sqlalchemy\dialects\postgresql\asyncpg.py", line 797, in _handle_exception
    raise translated_error from error
sqlalchemy.dialects.postgresql.asyncpg.AsyncAdapt_asyncpg_dbapi.IntegrityError: <class 'asyncpg.exceptions.ForeignKeyViolationError'>: update or delete on table "campos" violates foreign key constraint "parcelas_nombre_campo_fkey" on table "parcelas"
DETAIL:  Key (nombre_campo)=(CampoTest2) is still referenced from table "parcelas".

The above exception was the direct cause of the following exception:

Traceback (most recent call last):
  File "C:\Users\agust\AppData\Roaming\Python\Python314\site-packages\uvicorn\protocols\http\httptools_impl.py", line 421, in run_asgi
    result = await app(  # type: ignore[func-returns-value]
             ^^^^^^^^^^^^^^^^^^^^^^^^^^^^^^^^^^^^^^^^^^^^^^
        self.scope, self.receive, self.send
        ^^^^^^^^^^^^^^^^^^^^^^^^^^^^^^^^^^^
    )
    ^
  File "C:\Users\agust\AppData\Roaming\Python\Python314\site-packages\uvicorn\middleware\proxy_headers.py", line 62, in __call__
    return await self.app(scope, receive, send)
           ^^^^^^^^^^^^^^^^^^^^^^^^^^^^^^^^^^^^
  File "C:\Users\agust\AppData\Roaming\Python\Python314\site-packages\fastapi\applications.py", line 1163, in __call__
    await super().__call__(scope, receive, send)
  File "C:\Users\agust\AppData\Roaming\Python\Python314\site-packages\starlette\applications.py", line 90, in __call__
    await self.middleware_stack(scope, receive, send)
  File "C:\Users\agust\AppData\Roaming\Python\Python314\site-packages\starlette\middleware\errors.py", line 186, in __call__
    raise exc
  File "C:\Users\agust\AppData\Roaming\Python\Python314\site-packages\starlette\middleware\errors.py", line 164, in __call__
    await self.app(scope, receive, _send)
  File "C:\Users\agust\AppData\Roaming\Python\Python314\site-packages\starlette\middleware\exceptions.py", line 63, in __call__
    await wrap_app_handling_exceptions(self.app, conn)(scope, receive, send)
  File "C:\Users\agust\AppData\Roaming\Python\Python314\site-packages\starlette\_exception_handler.py", line 53, in wrapped_app
    raise exc
  File "C:\Users\agust\AppData\Roaming\Python\Python314\site-packages\starlette\_exception_handler.py", line 42, in wrapped_app
    await app(scope, receive, sender)
  File "C:\Users\agust\AppData\Roaming\Python\Python314\site-packages\fastapi\middleware\asyncexitstack.py", line 18, in __call__
    await self.app(scope, receive, send)
  File "C:\Users\agust\AppData\Roaming\Python\Python314\site-packages\starlette\routing.py", line 660, in __call__
    await self.middleware_stack(scope, receive, send)
  File "C:\Users\agust\AppData\Roaming\Python\Python314\site-packages\fastapi\routing.py", line 2531, in app
    await route.handle(scope, receive, send)
  File "C:\Users\agust\AppData\Roaming\Python\Python314\site-packages\fastapi\routing.py", line 1700, in handle
    await self.original_router.handle(scope, receive, send)
  File "C:\Users\agust\AppData\Roaming\Python\Python314\site-packages\fastapi\routing.py", line 2586, in handle
    await included_router._handle_selected(scope, receive, send)
  File "C:\Users\agust\AppData\Roaming\Python\Python314\site-packages\fastapi\routing.py", line 1720, in _handle_selected
    await original_route.handle(scope, receive, send)
  File "C:\Users\agust\AppData\Roaming\Python\Python314\site-packages\fastapi\routing.py", line 1239, in handle
    await app(scope, receive, send)
  File "C:\Users\agust\AppData\Roaming\Python\Python314\site-packages\fastapi\routing.py", line 150, in app
    await wrap_app_handling_exceptions(app, request)(scope, receive, send)
  File "C:\Users\agust\AppData\Roaming\Python\Python314\site-packages\starlette\_exception_handler.py", line 53, in wrapped_app
    raise exc
  File "C:\Users\agust\AppData\Roaming\Python\Python314\site-packages\starlette\_exception_handler.py", line 42, in wrapped_app
    await app(scope, receive, sender)
  File "C:\Users\agust\AppData\Roaming\Python\Python314\site-packages\fastapi\routing.py", line 136, in app
    response = await f(request)
               ^^^^^^^^^^^^^^^^
  File "C:\Users\agust\AppData\Roaming\Python\Python314\site-packages\fastapi\routing.py", line 690, in app
    raw_response = await run_endpoint_function(
                   ^^^^^^^^^^^^^^^^^^^^^^^^^^^^
    ...<3 lines>...
    )
    ^
  File "C:\Users\agust\AppData\Roaming\Python\Python314\site-packages\fastapi\routing.py", line 344, in run_endpoint_function
    return await dependant.call(**values)
           ^^^^^^^^^^^^^^^^^^^^^^^^^^^^^^
  File "X:\Arqui\AgroTech\src\modules\data_api\router.py", line 334, in delete_campo
    async with db.begin():
               ~~~~~~~~^^
  File "C:\Users\agust\AppData\Roaming\Python\Python314\site-packages\sqlalchemy\ext\asyncio\session.py", line 1886, in __aexit__
    await greenlet_spawn(
        self._sync_transaction().__exit__, type_, value, traceback
    )
  File "C:\Users\agust\AppData\Roaming\Python\Python314\site-packages\sqlalchemy\util\_concurrency_py3k.py", line 203, in greenlet_spawn
    result = context.switch(value)
  File "C:\Users\agust\AppData\Roaming\Python\Python314\site-packages\sqlalchemy\engine\util.py", line 147, in __exit__
    with util.safe_reraise():
         ~~~~~~~~~~~~~~~~~^^
  File "C:\Users\agust\AppData\Roaming\Python\Python314\site-packages\sqlalchemy\util\langhelpers.py", line 122, in __exit__
    raise exc_value.with_traceback(exc_tb)
  File "C:\Users\agust\AppData\Roaming\Python\Python314\site-packages\sqlalchemy\engine\util.py", line 145, in __exit__
    self.commit()
    ~~~~~~~~~~~^^
  File "<string>", line 2, in commit
  File "C:\Users\agust\AppData\Roaming\Python\Python314\site-packages\sqlalchemy\orm\state_changes.py", line 137, in _go
    ret_value = fn(self, *arg, **kw)
  File "C:\Users\agust\AppData\Roaming\Python\Python314\site-packages\sqlalchemy\orm\session.py", line 1316, in commit
    self._prepare_impl()
    ~~~~~~~~~~~~~~~~~~^^
  File "<string>", line 2, in _prepare_impl
  File "C:\Users\agust\AppData\Roaming\Python\Python314\site-packages\sqlalchemy\orm\state_changes.py", line 137, in _go
    ret_value = fn(self, *arg, **kw)
  File "C:\Users\agust\AppData\Roaming\Python\Python314\site-packages\sqlalchemy\orm\session.py", line 1290, in _prepare_impl
    self.session.flush()
    ~~~~~~~~~~~~~~~~~~^^
  File "C:\Users\agust\AppData\Roaming\Python\Python314\site-packages\sqlalchemy\orm\session.py", line 4353, in flush
    self._flush(objects)
    ~~~~~~~~~~~^^^^^^^^^
  File "C:\Users\agust\AppData\Roaming\Python\Python314\site-packages\sqlalchemy\orm\session.py", line 4488, in _flush
    with util.safe_reraise():
         ~~~~~~~~~~~~~~~~~^^
  File "C:\Users\agust\AppData\Roaming\Python\Python314\site-packages\sqlalchemy\util\langhelpers.py", line 122, in __exit__
    raise exc_value.with_traceback(exc_tb)
  File "C:\Users\agust\AppData\Roaming\Python\Python314\site-packages\sqlalchemy\orm\session.py", line 4449, in _flush
    flush_context.execute()
    ~~~~~~~~~~~~~~~~~~~~~^^
  File "C:\Users\agust\AppData\Roaming\Python\Python314\site-packages\sqlalchemy\orm\unitofwork.py", line 465, in execute
    rec.execute(self)
    ~~~~~~~~~~~^^^^^^
  File "C:\Users\agust\AppData\Roaming\Python\Python314\site-packages\sqlalchemy\orm\unitofwork.py", line 678, in execute
    util.preloaded.orm_persistence.delete_obj(
    ~~~~~~~~~~~~~~~~~~~~~~~~~~~~~~~~~~~~~~~~~^
        self.mapper,
        ^^^^^^^^^^^^
        uow.states_for_mapper_hierarchy(self.mapper, True, False),
        ^^^^^^^^^^^^^^^^^^^^^^^^^^^^^^^^^^^^^^^^^^^^^^^^^^^^^^^^^^
        uow,
        ^^^^
    )
    ^
  File "C:\Users\agust\AppData\Roaming\Python\Python314\site-packages\sqlalchemy\orm\persistence.py", line 194, in delete_obj
    _emit_delete_statements(
    ~~~~~~~~~~~~~~~~~~~~~~~^
        base_mapper,
        ^^^^^^^^^^^^
    ...<3 lines>...
        delete,
        ^^^^^^^
    )
    ^
  File "C:\Users\agust\AppData\Roaming\Python\Python314\site-packages\sqlalchemy\orm\persistence.py", line 1472, in _emit_delete_statements
    c = connection.execute(
        statement, del_objects, execution_options=execution_options
    )
  File "C:\Users\agust\AppData\Roaming\Python\Python314\site-packages\sqlalchemy\engine\base.py", line 1421, in execute
    return meth(
        self,
        distilled_parameters,
        execution_options or NO_OPTIONS,
    )
  File "C:\Users\agust\AppData\Roaming\Python\Python314\site-packages\sqlalchemy\sql\elements.py", line 526, in _execute_on_connection
    return connection._execute_clauseelement(
           ~~~~~~~~~~~~~~~~~~~~~~~~~~~~~~~~~^
        self, distilled_params, execution_options
        ^^^^^^^^^^^^^^^^^^^^^^^^^^^^^^^^^^^^^^^^^
    )
    ^
  File "C:\Users\agust\AppData\Roaming\Python\Python314\site-packages\sqlalchemy\engine\base.py", line 1643, in _execute_clauseelement
    ret = self._execute_context(
        dialect,
    ...<8 lines>...
        cache_hit=cache_hit,
    )
  File "C:\Users\agust\AppData\Roaming\Python\Python314\site-packages\sqlalchemy\engine\base.py", line 1848, in _execute_context
    return self._exec_single_context(
           ~~~~~~~~~~~~~~~~~~~~~~~~~^
        dialect, context, statement, parameters
        ^^^^^^^^^^^^^^^^^^^^^^^^^^^^^^^^^^^^^^^
    )
    ^
  File "C:\Users\agust\AppData\Roaming\Python\Python314\site-packages\sqlalchemy\engine\base.py", line 1988, in _exec_single_context
    self._handle_dbapi_exception(
    ~~~~~~~~~~~~~~~~~~~~~~~~~~~~^
        e, str_statement, effective_parameters, cursor, context
        ^^^^^^^^^^^^^^^^^^^^^^^^^^^^^^^^^^^^^^^^^^^^^^^^^^^^^^^
    )
    ^
  File "C:\Users\agust\AppData\Roaming\Python\Python314\site-packages\sqlalchemy\engine\base.py", line 2365, in _handle_dbapi_exception
    raise sqlalchemy_exception.with_traceback(exc_info[2]) from e
  File "C:\Users\agust\AppData\Roaming\Python\Python314\site-packages\sqlalchemy\engine\base.py", line 1969, in _exec_single_context
    self.dialect.do_execute(
    ~~~~~~~~~~~~~~~~~~~~~~~^
        cursor, str_statement, effective_parameters, context
        ^^^^^^^^^^^^^^^^^^^^^^^^^^^^^^^^^^^^^^^^^^^^^^^^^^^^
    )
    ^
  File "C:\Users\agust\AppData\Roaming\Python\Python314\site-packages\sqlalchemy\engine\default.py", line 952, in do_execute
    cursor.execute(statement, parameters)
    ~~~~~~~~~~~~~~^^^^^^^^^^^^^^^^^^^^^^^
  File "C:\Users\agust\AppData\Roaming\Python\Python314\site-packages\sqlalchemy\dialects\postgresql\asyncpg.py", line 585, in execute
    self._adapt_connection.await_(
    ~~~~~~~~~~~~~~~~~~~~~~~~~~~~~^
        self._prepare_and_execute(operation, parameters)
        ^^^^^^^^^^^^^^^^^^^^^^^^^^^^^^^^^^^^^^^^^^^^^^^^
    )
    ^
  File "C:\Users\agust\AppData\Roaming\Python\Python314\site-packages\sqlalchemy\util\_concurrency_py3k.py", line 132, in await_only
    return current.parent.switch(awaitable)  # type: ignore[no-any-return,attr-defined] # noqa: E501
           ~~~~~~~~~~~~~~~~~~~~~^^^^^^^^^^^
  File "C:\Users\agust\AppData\Roaming\Python\Python314\site-packages\sqlalchemy\util\_concurrency_py3k.py", line 196, in greenlet_spawn
    value = await result
            ^^^^^^^^^^^^
  File "C:\Users\agust\AppData\Roaming\Python\Python314\site-packages\sqlalchemy\dialects\postgresql\asyncpg.py", line 563, in _prepare_and_execute
    self._handle_exception(error)
    ~~~~~~~~~~~~~~~~~~~~~~^^^^^^^
  File "C:\Users\agust\AppData\Roaming\Python\Python314\site-packages\sqlalchemy\dialects\postgresql\asyncpg.py", line 513, in _handle_exception
    self._adapt_connection._handle_exception(error)
    ~~~~~~~~~~~~~~~~~~~~~~~~~~~~~~~~~~~~~~~~^^^^^^^
  File "C:\Users\agust\AppData\Roaming\Python\Python314\site-packages\sqlalchemy\dialects\postgresql\asyncpg.py", line 797, in _handle_exception
    raise translated_error from error
sqlalchemy.exc.IntegrityError: (sqlalchemy.dialects.postgresql.asyncpg.IntegrityError) <class 'asyncpg.exceptions.ForeignKeyViolationError'>: update or delete on table "campos" violates foreign key constraint "parcelas_nombre_campo_fkey" on table "parcelas"
DETAIL:  Key (nombre_campo)=(CampoTest2) is still referenced from table "parcelas".
[SQL: DELETE FROM campos WHERE campos.nombre_campo = $1::VARCHAR]
[parameters: ('CampoTest2',)]
(Background on this error at: https://sqlalche.me/e/20/gkpj)
Error interno no controlado | path=/api/campos/CampoTest2 | ip=127.0.0.1
Traceback (most recent call last):
  File "C:\Users\agust\AppData\Roaming\Python\Python314\site-packages\sqlalchemy\dialects\postgresql\asyncpg.py", line 550, in _prepare_and_execute
    self._rows = deque(await prepared_stmt.fetch(*parameters))
                       ^^^^^^^^^^^^^^^^^^^^^^^^^^^^^^^^^^^^^^
  File "C:\Users\agust\AppData\Roaming\Python\Python314\site-packages\asyncpg\prepared_stmt.py", line 177, in fetch
    data = await self.__bind_execute(args, 0, timeout)
           ^^^^^^^^^^^^^^^^^^^^^^^^^^^^^^^^^^^^^^^^^^^
  File "C:\Users\agust\AppData\Roaming\Python\Python314\site-packages\asyncpg\prepared_stmt.py", line 268, in __bind_execute
    data, status, _ = await self.__do_execute(
                      ^^^^^^^^^^^^^^^^^^^^^^^^
        lambda protocol: protocol.bind_execute(
        ^^^^^^^^^^^^^^^^^^^^^^^^^^^^^^^^^^^^^^^
            self._state, args, '', limit, True, timeout))
            ^^^^^^^^^^^^^^^^^^^^^^^^^^^^^^^^^^^^^^^^^^^^^
  File "C:\Users\agust\AppData\Roaming\Python\Python314\site-packages\asyncpg\prepared_stmt.py", line 257, in __do_execute
    return await executor(protocol)
           ^^^^^^^^^^^^^^^^^^^^^^^^
  File "asyncpg/protocol/protocol.pyx", line 205, in bind_execute
asyncpg.exceptions.ForeignKeyViolationError: update or delete on table "campos" violates foreign key constraint "parcelas_nombre_campo_fkey" on table "parcelas"
DETAIL:  Key (nombre_campo)=(CampoTest2) is still referenced from table "parcelas".

The above exception was the direct cause of the following exception:

Traceback (most recent call last):
  File "C:\Users\agust\AppData\Roaming\Python\Python314\site-packages\sqlalchemy\engine\base.py", line 1969, in _exec_single_context
    self.dialect.do_execute(
    ~~~~~~~~~~~~~~~~~~~~~~~^
        cursor, str_statement, effective_parameters, context
        ^^^^^^^^^^^^^^^^^^^^^^^^^^^^^^^^^^^^^^^^^^^^^^^^^^^^
    )
    ^
  File "C:\Users\agust\AppData\Roaming\Python\Python314\site-packages\sqlalchemy\engine\default.py", line 952, in do_execute
    cursor.execute(statement, parameters)
    ~~~~~~~~~~~~~~^^^^^^^^^^^^^^^^^^^^^^^
  File "C:\Users\agust\AppData\Roaming\Python\Python314\site-packages\sqlalchemy\dialects\postgresql\asyncpg.py", line 585, in execute
    self._adapt_connection.await_(
    ~~~~~~~~~~~~~~~~~~~~~~~~~~~~~^
        self._prepare_and_execute(operation, parameters)
        ^^^^^^^^^^^^^^^^^^^^^^^^^^^^^^^^^^^^^^^^^^^^^^^^
    )
    ^
  File "C:\Users\agust\AppData\Roaming\Python\Python314\site-packages\sqlalchemy\util\_concurrency_py3k.py", line 132, in await_only
    return current.parent.switch(awaitable)  # type: ignore[no-any-return,attr-defined] # noqa: E501
           ~~~~~~~~~~~~~~~~~~~~~^^^^^^^^^^^
  File "C:\Users\agust\AppData\Roaming\Python\Python314\site-packages\sqlalchemy\util\_concurrency_py3k.py", line 196, in greenlet_spawn
    value = await result
            ^^^^^^^^^^^^
  File "C:\Users\agust\AppData\Roaming\Python\Python314\site-packages\sqlalchemy\dialects\postgresql\asyncpg.py", line 563, in _prepare_and_execute
    self._handle_exception(error)
    ~~~~~~~~~~~~~~~~~~~~~~^^^^^^^
  File "C:\Users\agust\AppData\Roaming\Python\Python314\site-packages\sqlalchemy\dialects\postgresql\asyncpg.py", line 513, in _handle_exception
    self._adapt_connection._handle_exception(error)
    ~~~~~~~~~~~~~~~~~~~~~~~~~~~~~~~~~~~~~~~~^^^^^^^
  File "C:\Users\agust\AppData\Roaming\Python\Python314\site-packages\sqlalchemy\dialects\postgresql\asyncpg.py", line 797, in _handle_exception
    raise translated_error from error
sqlalchemy.dialects.postgresql.asyncpg.AsyncAdapt_asyncpg_dbapi.IntegrityError: <class 'asyncpg.exceptions.ForeignKeyViolationError'>: update or delete on table "campos" violates foreign key constraint "parcelas_nombre_campo_fkey" on table "parcelas"
DETAIL:  Key (nombre_campo)=(CampoTest2) is still referenced from table "parcelas".

The above exception was the direct cause of the following exception:

Traceback (most recent call last):
  File "C:\Users\agust\AppData\Roaming\Python\Python314\site-packages\starlette\middleware\errors.py", line 164, in __call__
    await self.app(scope, receive, _send)
  File "C:\Users\agust\AppData\Roaming\Python\Python314\site-packages\starlette\middleware\exceptions.py", line 63, in __call__
    await wrap_app_handling_exceptions(self.app, conn)(scope, receive, send)
  File "C:\Users\agust\AppData\Roaming\Python\Python314\site-packages\starlette\_exception_handler.py", line 53, in wrapped_app
    raise exc
  File "C:\Users\agust\AppData\Roaming\Python\Python314\site-packages\starlette\_exception_handler.py", line 42, in wrapped_app
    await app(scope, receive, sender)
  File "C:\Users\agust\AppData\Roaming\Python\Python314\site-packages\fastapi\middleware\asyncexitstack.py", line 18, in __call__
    await self.app(scope, receive, send)
  File "C:\Users\agust\AppData\Roaming\Python\Python314\site-packages\starlette\routing.py", line 660, in __call__
    await self.middleware_stack(scope, receive, send)
  File "C:\Users\agust\AppData\Roaming\Python\Python314\site-packages\fastapi\routing.py", line 2531, in app
    await route.handle(scope, receive, send)
  File "C:\Users\agust\AppData\Roaming\Python\Python314\site-packages\fastapi\routing.py", line 1700, in handle
    await self.original_router.handle(scope, receive, send)
  File "C:\Users\agust\AppData\Roaming\Python\Python314\site-packages\fastapi\routing.py", line 2586, in handle
    await included_router._handle_selected(scope, receive, send)
  File "C:\Users\agust\AppData\Roaming\Python\Python314\site-packages\fastapi\routing.py", line 1720, in _handle_selected
    await original_route.handle(scope, receive, send)
  File "C:\Users\agust\AppData\Roaming\Python\Python314\site-packages\fastapi\routing.py", line 1239, in handle
    await app(scope, receive, send)
  File "C:\Users\agust\AppData\Roaming\Python\Python314\site-packages\fastapi\routing.py", line 150, in app
    await wrap_app_handling_exceptions(app, request)(scope, receive, send)
  File "C:\Users\agust\AppData\Roaming\Python\Python314\site-packages\starlette\_exception_handler.py", line 53, in wrapped_app
    raise exc
  File "C:\Users\agust\AppData\Roaming\Python\Python314\site-packages\starlette\_exception_handler.py", line 42, in wrapped_app
    await app(scope, receive, sender)
  File "C:\Users\agust\AppData\Roaming\Python\Python314\site-packages\fastapi\routing.py", line 136, in app
    response = await f(request)
               ^^^^^^^^^^^^^^^^
  File "C:\Users\agust\AppData\Roaming\Python\Python314\site-packages\fastapi\routing.py", line 690, in app
    raw_response = await run_endpoint_function(
                   ^^^^^^^^^^^^^^^^^^^^^^^^^^^^
    ...<3 lines>...
    )
    ^
  File "C:\Users\agust\AppData\Roaming\Python\Python314\site-packages\fastapi\routing.py", line 344, in run_endpoint_function
    return await dependant.call(**values)
           ^^^^^^^^^^^^^^^^^^^^^^^^^^^^^^
  File "X:\Arqui\AgroTech\src\modules\data_api\router.py", line 334, in delete_campo
    async with db.begin():
               ~~~~~~~~^^
  File "C:\Users\agust\AppData\Roaming\Python\Python314\site-packages\sqlalchemy\ext\asyncio\session.py", line 1886, in __aexit__
    await greenlet_spawn(
        self._sync_transaction().__exit__, type_, value, traceback
    )
  File "C:\Users\agust\AppData\Roaming\Python\Python314\site-packages\sqlalchemy\util\_concurrency_py3k.py", line 203, in greenlet_spawn
    result = context.switch(value)
  File "C:\Users\agust\AppData\Roaming\Python\Python314\site-packages\sqlalchemy\engine\util.py", line 147, in __exit__
    with util.safe_reraise():
         ~~~~~~~~~~~~~~~~~^^
  File "C:\Users\agust\AppData\Roaming\Python\Python314\site-packages\sqlalchemy\util\langhelpers.py", line 122, in __exit__
    raise exc_value.with_traceback(exc_tb)
  File "C:\Users\agust\AppData\Roaming\Python\Python314\site-packages\sqlalchemy\engine\util.py", line 145, in __exit__
    self.commit()
    ~~~~~~~~~~~^^
  File "<string>", line 2, in commit
  File "C:\Users\agust\AppData\Roaming\Python\Python314\site-packages\sqlalchemy\orm\state_changes.py", line 137, in _go
    ret_value = fn(self, *arg, **kw)
  File "C:\Users\agust\AppData\Roaming\Python\Python314\site-packages\sqlalchemy\orm\session.py", line 1316, in commit
    self._prepare_impl()
    ~~~~~~~~~~~~~~~~~~^^
  File "<string>", line 2, in _prepare_impl
  File "C:\Users\agust\AppData\Roaming\Python\Python314\site-packages\sqlalchemy\orm\state_changes.py", line 137, in _go
    ret_value = fn(self, *arg, **kw)
  File "C:\Users\agust\AppData\Roaming\Python\Python314\site-packages\sqlalchemy\orm\session.py", line 1290, in _prepare_impl
    self.session.flush()
    ~~~~~~~~~~~~~~~~~~^^
  File "C:\Users\agust\AppData\Roaming\Python\Python314\site-packages\sqlalchemy\orm\session.py", line 4353, in flush
    self._flush(objects)
    ~~~~~~~~~~~^^^^^^^^^
  File "C:\Users\agust\AppData\Roaming\Python\Python314\site-packages\sqlalchemy\orm\session.py", line 4488, in _flush
    with util.safe_reraise():
         ~~~~~~~~~~~~~~~~~^^
  File "C:\Users\agust\AppData\Roaming\Python\Python314\site-packages\sqlalchemy\util\langhelpers.py", line 122, in __exit__
    raise exc_value.with_traceback(exc_tb)
  File "C:\Users\agust\AppData\Roaming\Python\Python314\site-packages\sqlalchemy\orm\session.py", line 4449, in _flush
    flush_context.execute()
    ~~~~~~~~~~~~~~~~~~~~~^^
  File "C:\Users\agust\AppData\Roaming\Python\Python314\site-packages\sqlalchemy\orm\unitofwork.py", line 465, in execute
    rec.execute(self)
    ~~~~~~~~~~~^^^^^^
  File "C:\Users\agust\AppData\Roaming\Python\Python314\site-packages\sqlalchemy\orm\unitofwork.py", line 678, in execute
    util.preloaded.orm_persistence.delete_obj(
    ~~~~~~~~~~~~~~~~~~~~~~~~~~~~~~~~~~~~~~~~~^
        self.mapper,
        ^^^^^^^^^^^^
        uow.states_for_mapper_hierarchy(self.mapper, True, False),
        ^^^^^^^^^^^^^^^^^^^^^^^^^^^^^^^^^^^^^^^^^^^^^^^^^^^^^^^^^^
        uow,
        ^^^^
    )
    ^
  File "C:\Users\agust\AppData\Roaming\Python\Python314\site-packages\sqlalchemy\orm\persistence.py", line 194, in delete_obj
    _emit_delete_statements(
    ~~~~~~~~~~~~~~~~~~~~~~~^
        base_mapper,
        ^^^^^^^^^^^^
    ...<3 lines>...
        delete,
        ^^^^^^^
    )
    ^
  File "C:\Users\agust\AppData\Roaming\Python\Python314\site-packages\sqlalchemy\orm\persistence.py", line 1472, in _emit_delete_statements
    c = connection.execute(
        statement, del_objects, execution_options=execution_options
    )
  File "C:\Users\agust\AppData\Roaming\Python\Python314\site-packages\sqlalchemy\engine\base.py", line 1421, in execute
    return meth(
        self,
        distilled_parameters,
        execution_options or NO_OPTIONS,
    )
  File "C:\Users\agust\AppData\Roaming\Python\Python314\site-packages\sqlalchemy\sql\elements.py", line 526, in _execute_on_connection
    return connection._execute_clauseelement(
           ~~~~~~~~~~~~~~~~~~~~~~~~~~~~~~~~~^
        self, distilled_params, execution_options
        ^^^^^^^^^^^^^^^^^^^^^^^^^^^^^^^^^^^^^^^^^
    )
    ^
  File "C:\Users\agust\AppData\Roaming\Python\Python314\site-packages\sqlalchemy\engine\base.py", line 1643, in _execute_clauseelement
    ret = self._execute_context(
        dialect,
    ...<8 lines>...
        cache_hit=cache_hit,
    )
  File "C:\Users\agust\AppData\Roaming\Python\Python314\site-packages\sqlalchemy\engine\base.py", line 1848, in _execute_context
    return self._exec_single_context(
           ~~~~~~~~~~~~~~~~~~~~~~~~~^
        dialect, context, statement, parameters
        ^^^^^^^^^^^^^^^^^^^^^^^^^^^^^^^^^^^^^^^
    )
    ^
  File "C:\Users\agust\AppData\Roaming\Python\Python314\site-packages\sqlalchemy\engine\base.py", line 1988, in _exec_single_context
    self._handle_dbapi_exception(
    ~~~~~~~~~~~~~~~~~~~~~~~~~~~~^
        e, str_statement, effective_parameters, cursor, context
        ^^^^^^^^^^^^^^^^^^^^^^^^^^^^^^^^^^^^^^^^^^^^^^^^^^^^^^^
    )
    ^
  File "C:\Users\agust\AppData\Roaming\Python\Python314\site-packages\sqlalchemy\engine\base.py", line 2365, in _handle_dbapi_exception
    raise sqlalchemy_exception.with_traceback(exc_info[2]) from e
  File "C:\Users\agust\AppData\Roaming\Python\Python314\site-packages\sqlalchemy\engine\base.py", line 1969, in _exec_single_context
    self.dialect.do_execute(
    ~~~~~~~~~~~~~~~~~~~~~~~^
        cursor, str_statement, effective_parameters, context
        ^^^^^^^^^^^^^^^^^^^^^^^^^^^^^^^^^^^^^^^^^^^^^^^^^^^^
    )
    ^
  File "C:\Users\agust\AppData\Roaming\Python\Python314\site-packages\sqlalchemy\engine\default.py", line 952, in do_execute
    cursor.execute(statement, parameters)
    ~~~~~~~~~~~~~~^^^^^^^^^^^^^^^^^^^^^^^
  File "C:\Users\agust\AppData\Roaming\Python\Python314\site-packages\sqlalchemy\dialects\postgresql\asyncpg.py", line 585, in execute
    self._adapt_connection.await_(
    ~~~~~~~~~~~~~~~~~~~~~~~~~~~~~^
        self._prepare_and_execute(operation, parameters)
        ^^^^^^^^^^^^^^^^^^^^^^^^^^^^^^^^^^^^^^^^^^^^^^^^
    )
    ^
  File "C:\Users\agust\AppData\Roaming\Python\Python314\site-packages\sqlalchemy\util\_concurrency_py3k.py", line 132, in await_only
    return current.parent.switch(awaitable)  # type: ignore[no-any-return,attr-defined] # noqa: E501
           ~~~~~~~~~~~~~~~~~~~~~^^^^^^^^^^^
  File "C:\Users\agust\AppData\Roaming\Python\Python314\site-packages\sqlalchemy\util\_concurrency_py3k.py", line 196, in greenlet_spawn
    value = await result
            ^^^^^^^^^^^^
  File "C:\Users\agust\AppData\Roaming\Python\Python314\site-packages\sqlalchemy\dialects\postgresql\asyncpg.py", line 563, in _prepare_and_execute
    self._handle_exception(error)
    ~~~~~~~~~~~~~~~~~~~~~~^^^^^^^
  File "C:\Users\agust\AppData\Roaming\Python\Python314\site-packages\sqlalchemy\dialects\postgresql\asyncpg.py", line 513, in _handle_exception
    self._adapt_connection._handle_exception(error)
    ~~~~~~~~~~~~~~~~~~~~~~~~~~~~~~~~~~~~~~~~^^^^^^^
  File "C:\Users\agust\AppData\Roaming\Python\Python314\site-packages\sqlalchemy\dialects\postgresql\asyncpg.py", line 797, in _handle_exception
    raise translated_error from error
sqlalchemy.exc.IntegrityError: (sqlalchemy.dialects.postgresql.asyncpg.IntegrityError) <class 'asyncpg.exceptions.ForeignKeyViolationError'>: update or delete on table "campos" violates foreign key constraint "parcelas_nombre_campo_fkey" on table "parcelas"
DETAIL:  Key (nombre_campo)=(CampoTest2) is still referenced from table "parcelas".
[SQL: DELETE FROM campos WHERE campos.nombre_campo = $1::VARCHAR]
[parameters: ('CampoTest2',)]
(Background on this error at: https://sqlalche.me/e/20/gkpj)
ERROR:    Exception in ASGI application
Traceback (most recent call last):
  File "C:\Users\agust\AppData\Roaming\Python\Python314\site-packages\sqlalchemy\dialects\postgresql\asyncpg.py", line 550, in _prepare_and_execute
    self._rows = deque(await prepared_stmt.fetch(*parameters))
                       ^^^^^^^^^^^^^^^^^^^^^^^^^^^^^^^^^^^^^^
  File "C:\Users\agust\AppData\Roaming\Python\Python314\site-packages\asyncpg\prepared_stmt.py", line 177, in fetch
    data = await self.__bind_execute(args, 0, timeout)
           ^^^^^^^^^^^^^^^^^^^^^^^^^^^^^^^^^^^^^^^^^^^
  File "C:\Users\agust\AppData\Roaming\Python\Python314\site-packages\asyncpg\prepared_stmt.py", line 268, in __bind_execute
    data, status, _ = await self.__do_execute(
                      ^^^^^^^^^^^^^^^^^^^^^^^^
        lambda protocol: protocol.bind_execute(
        ^^^^^^^^^^^^^^^^^^^^^^^^^^^^^^^^^^^^^^^
            self._state, args, '', limit, True, timeout))
            ^^^^^^^^^^^^^^^^^^^^^^^^^^^^^^^^^^^^^^^^^^^^^
  File "C:\Users\agust\AppData\Roaming\Python\Python314\site-packages\asyncpg\prepared_stmt.py", line 257, in __do_execute
    return await executor(protocol)
           ^^^^^^^^^^^^^^^^^^^^^^^^
  File "asyncpg/protocol/protocol.pyx", line 205, in bind_execute
asyncpg.exceptions.ForeignKeyViolationError: update or delete on table "campos" violates foreign key constraint "parcelas_nombre_campo_fkey" on table "parcelas"
DETAIL:  Key (nombre_campo)=(CampoTest2) is still referenced from table "parcelas".

The above exception was the direct cause of the following exception:

Traceback (most recent call last):
  File "C:\Users\agust\AppData\Roaming\Python\Python314\site-packages\sqlalchemy\engine\base.py", line 1969, in _exec_single_context
    self.dialect.do_execute(
    ~~~~~~~~~~~~~~~~~~~~~~~^
        cursor, str_statement, effective_parameters, context
        ^^^^^^^^^^^^^^^^^^^^^^^^^^^^^^^^^^^^^^^^^^^^^^^^^^^^
    )
    ^
  File "C:\Users\agust\AppData\Roaming\Python\Python314\site-packages\sqlalchemy\engine\default.py", line 952, in do_execute
    cursor.execute(statement, parameters)
    ~~~~~~~~~~~~~~^^^^^^^^^^^^^^^^^^^^^^^
  File "C:\Users\agust\AppData\Roaming\Python\Python314\site-packages\sqlalchemy\dialects\postgresql\asyncpg.py", line 585, in execute
    self._adapt_connection.await_(
    ~~~~~~~~~~~~~~~~~~~~~~~~~~~~~^
        self._prepare_and_execute(operation, parameters)
        ^^^^^^^^^^^^^^^^^^^^^^^^^^^^^^^^^^^^^^^^^^^^^^^^
    )
    ^
  File "C:\Users\agust\AppData\Roaming\Python\Python314\site-packages\sqlalchemy\util\_concurrency_py3k.py", line 132, in await_only
    return current.parent.switch(awaitable)  # type: ignore[no-any-return,attr-defined] # noqa: E501
           ~~~~~~~~~~~~~~~~~~~~~^^^^^^^^^^^
  File "C:\Users\agust\AppData\Roaming\Python\Python314\site-packages\sqlalchemy\util\_concurrency_py3k.py", line 196, in greenlet_spawn
    value = await result
            ^^^^^^^^^^^^
  File "C:\Users\agust\AppData\Roaming\Python\Python314\site-packages\sqlalchemy\dialects\postgresql\asyncpg.py", line 563, in _prepare_and_execute
    self._handle_exception(error)
    ~~~~~~~~~~~~~~~~~~~~~~^^^^^^^
  File "C:\Users\agust\AppData\Roaming\Python\Python314\site-packages\sqlalchemy\dialects\postgresql\asyncpg.py", line 513, in _handle_exception
    self._adapt_connection._handle_exception(error)
    ~~~~~~~~~~~~~~~~~~~~~~~~~~~~~~~~~~~~~~~~^^^^^^^
  File "C:\Users\agust\AppData\Roaming\Python\Python314\site-packages\sqlalchemy\dialects\postgresql\asyncpg.py", line 797, in _handle_exception
    raise translated_error from error
sqlalchemy.dialects.postgresql.asyncpg.AsyncAdapt_asyncpg_dbapi.IntegrityError: <class 'asyncpg.exceptions.ForeignKeyViolationError'>: update or delete on table "campos" violates foreign key constraint "parcelas_nombre_campo_fkey" on table "parcelas"
DETAIL:  Key (nombre_campo)=(CampoTest2) is still referenced from table "parcelas".

The above exception was the direct cause of the following exception:

Traceback (most recent call last):
  File "C:\Users\agust\AppData\Roaming\Python\Python314\site-packages\uvicorn\protocols\http\httptools_impl.py", line 421, in run_asgi
    result = await app(  # type: ignore[func-returns-value]
             ^^^^^^^^^^^^^^^^^^^^^^^^^^^^^^^^^^^^^^^^^^^^^^
        self.scope, self.receive, self.send
        ^^^^^^^^^^^^^^^^^^^^^^^^^^^^^^^^^^^
    )
    ^
  File "C:\Users\agust\AppData\Roaming\Python\Python314\site-packages\uvicorn\middleware\proxy_headers.py", line 62, in __call__
    return await self.app(scope, receive, send)
           ^^^^^^^^^^^^^^^^^^^^^^^^^^^^^^^^^^^^
  File "C:\Users\agust\AppData\Roaming\Python\Python314\site-packages\fastapi\applications.py", line 1163, in __call__
    await super().__call__(scope, receive, send)
  File "C:\Users\agust\AppData\Roaming\Python\Python314\site-packages\starlette\applications.py", line 90, in __call__
    await self.middleware_stack(scope, receive, send)
  File "C:\Users\agust\AppData\Roaming\Python\Python314\site-packages\starlette\middleware\errors.py", line 186, in __call__
    raise exc
  File "C:\Users\agust\AppData\Roaming\Python\Python314\site-packages\starlette\middleware\errors.py", line 164, in __call__
    await self.app(scope, receive, _send)
  File "C:\Users\agust\AppData\Roaming\Python\Python314\site-packages\starlette\middleware\exceptions.py", line 63, in __call__
    await wrap_app_handling_exceptions(self.app, conn)(scope, receive, send)
  File "C:\Users\agust\AppData\Roaming\Python\Python314\site-packages\starlette\_exception_handler.py", line 53, in wrapped_app
    raise exc
  File "C:\Users\agust\AppData\Roaming\Python\Python314\site-packages\starlette\_exception_handler.py", line 42, in wrapped_app
    await app(scope, receive, sender)
  File "C:\Users\agust\AppData\Roaming\Python\Python314\site-packages\fastapi\middleware\asyncexitstack.py", line 18, in __call__
    await self.app(scope, receive, send)
  File "C:\Users\agust\AppData\Roaming\Python\Python314\site-packages\starlette\routing.py", line 660, in __call__
    await self.middleware_stack(scope, receive, send)
  File "C:\Users\agust\AppData\Roaming\Python\Python314\site-packages\fastapi\routing.py", line 2531, in app
    await route.handle(scope, receive, send)
  File "C:\Users\agust\AppData\Roaming\Python\Python314\site-packages\fastapi\routing.py", line 1700, in handle
    await self.original_router.handle(scope, receive, send)
  File "C:\Users\agust\AppData\Roaming\Python\Python314\site-packages\fastapi\routing.py", line 2586, in handle
    await included_router._handle_selected(scope, receive, send)
  File "C:\Users\agust\AppData\Roaming\Python\Python314\site-packages\fastapi\routing.py", line 1720, in _handle_selected
    await original_route.handle(scope, receive, send)
  File "C:\Users\agust\AppData\Roaming\Python\Python314\site-packages\fastapi\routing.py", line 1239, in handle
    await app(scope, receive, send)
  File "C:\Users\agust\AppData\Roaming\Python\Python314\site-packages\fastapi\routing.py", line 150, in app
    await wrap_app_handling_exceptions(app, request)(scope, receive, send)
  File "C:\Users\agust\AppData\Roaming\Python\Python314\site-packages\starlette\_exception_handler.py", line 53, in wrapped_app
    raise exc
  File "C:\Users\agust\AppData\Roaming\Python\Python314\site-packages\starlette\_exception_handler.py", line 42, in wrapped_app
    await app(scope, receive, sender)
  File "C:\Users\agust\AppData\Roaming\Python\Python314\site-packages\fastapi\routing.py", line 136, in app
    response = await f(request)
               ^^^^^^^^^^^^^^^^
  File "C:\Users\agust\AppData\Roaming\Python\Python314\site-packages\fastapi\routing.py", line 690, in app
    raw_response = await run_endpoint_function(
                   ^^^^^^^^^^^^^^^^^^^^^^^^^^^^
    ...<3 lines>...
    )
    ^
  File "C:\Users\agust\AppData\Roaming\Python\Python314\site-packages\fastapi\routing.py", line 344, in run_endpoint_function
    return await dependant.call(**values)
           ^^^^^^^^^^^^^^^^^^^^^^^^^^^^^^
  File "X:\Arqui\AgroTech\src\modules\data_api\router.py", line 334, in delete_campo
    async with db.begin():
               ~~~~~~~~^^
  File "C:\Users\agust\AppData\Roaming\Python\Python314\site-packages\sqlalchemy\ext\asyncio\session.py", line 1886, in __aexit__
    await greenlet_spawn(
        self._sync_transaction().__exit__, type_, value, traceback
    )
  File "C:\Users\agust\AppData\Roaming\Python\Python314\site-packages\sqlalchemy\util\_concurrency_py3k.py", line 203, in greenlet_spawn
    result = context.switch(value)
  File "C:\Users\agust\AppData\Roaming\Python\Python314\site-packages\sqlalchemy\engine\util.py", line 147, in __exit__
    with util.safe_reraise():
         ~~~~~~~~~~~~~~~~~^^
  File "C:\Users\agust\AppData\Roaming\Python\Python314\site-packages\sqlalchemy\util\langhelpers.py", line 122, in __exit__
    raise exc_value.with_traceback(exc_tb)
  File "C:\Users\agust\AppData\Roaming\Python\Python314\site-packages\sqlalchemy\engine\util.py", line 145, in __exit__
    self.commit()
    ~~~~~~~~~~~^^
  File "<string>", line 2, in commit
  File "C:\Users\agust\AppData\Roaming\Python\Python314\site-packages\sqlalchemy\orm\state_changes.py", line 137, in _go
    ret_value = fn(self, *arg, **kw)
  File "C:\Users\agust\AppData\Roaming\Python\Python314\site-packages\sqlalchemy\orm\session.py", line 1316, in commit
    self._prepare_impl()
    ~~~~~~~~~~~~~~~~~~^^
  File "<string>", line 2, in _prepare_impl
  File "C:\Users\agust\AppData\Roaming\Python\Python314\site-packages\sqlalchemy\orm\state_changes.py", line 137, in _go
    ret_value = fn(self, *arg, **kw)
  File "C:\Users\agust\AppData\Roaming\Python\Python314\site-packages\sqlalchemy\orm\session.py", line 1290, in _prepare_impl
    self.session.flush()
    ~~~~~~~~~~~~~~~~~~^^
  File "C:\Users\agust\AppData\Roaming\Python\Python314\site-packages\sqlalchemy\orm\session.py", line 4353, in flush
    self._flush(objects)
    ~~~~~~~~~~~^^^^^^^^^
  File "C:\Users\agust\AppData\Roaming\Python\Python314\site-packages\sqlalchemy\orm\session.py", line 4488, in _flush
    with util.safe_reraise():
         ~~~~~~~~~~~~~~~~~^^
  File "C:\Users\agust\AppData\Roaming\Python\Python314\site-packages\sqlalchemy\util\langhelpers.py", line 122, in __exit__
    raise exc_value.with_traceback(exc_tb)
  File "C:\Users\agust\AppData\Roaming\Python\Python314\site-packages\sqlalchemy\orm\session.py", line 4449, in _flush
    flush_context.execute()
    ~~~~~~~~~~~~~~~~~~~~~^^
  File "C:\Users\agust\AppData\Roaming\Python\Python314\site-packages\sqlalchemy\orm\unitofwork.py", line 465, in execute
    rec.execute(self)
    ~~~~~~~~~~~^^^^^^
  File "C:\Users\agust\AppData\Roaming\Python\Python314\site-packages\sqlalchemy\orm\unitofwork.py", line 678, in execute
    util.preloaded.orm_persistence.delete_obj(
    ~~~~~~~~~~~~~~~~~~~~~~~~~~~~~~~~~~~~~~~~~^
        self.mapper,
        ^^^^^^^^^^^^
        uow.states_for_mapper_hierarchy(self.mapper, True, False),
        ^^^^^^^^^^^^^^^^^^^^^^^^^^^^^^^^^^^^^^^^^^^^^^^^^^^^^^^^^^
        uow,
        ^^^^
    )
    ^
  File "C:\Users\agust\AppData\Roaming\Python\Python314\site-packages\sqlalchemy\orm\persistence.py", line 194, in delete_obj
    _emit_delete_statements(
    ~~~~~~~~~~~~~~~~~~~~~~~^
        base_mapper,
        ^^^^^^^^^^^^
    ...<3 lines>...
        delete,
        ^^^^^^^
    )
    ^
  File "C:\Users\agust\AppData\Roaming\Python\Python314\site-packages\sqlalchemy\orm\persistence.py", line 1472, in _emit_delete_statements
    c = connection.execute(
        statement, del_objects, execution_options=execution_options
    )
  File "C:\Users\agust\AppData\Roaming\Python\Python314\site-packages\sqlalchemy\engine\base.py", line 1421, in execute
    return meth(
        self,
        distilled_parameters,
        execution_options or NO_OPTIONS,
    )
  File "C:\Users\agust\AppData\Roaming\Python\Python314\site-packages\sqlalchemy\sql\elements.py", line 526, in _execute_on_connection
    return connection._execute_clauseelement(
           ~~~~~~~~~~~~~~~~~~~~~~~~~~~~~~~~~^
        self, distilled_params, execution_options
        ^^^^^^^^^^^^^^^^^^^^^^^^^^^^^^^^^^^^^^^^^
    )
    ^
  File "C:\Users\agust\AppData\Roaming\Python\Python314\site-packages\sqlalchemy\engine\base.py", line 1643, in _execute_clauseelement
    ret = self._execute_context(
        dialect,
    ...<8 lines>...
        cache_hit=cache_hit,
    )
  File "C:\Users\agust\AppData\Roaming\Python\Python314\site-packages\sqlalchemy\engine\base.py", line 1848, in _execute_context
    return self._exec_single_context(
           ~~~~~~~~~~~~~~~~~~~~~~~~~^
        dialect, context, statement, parameters
        ^^^^^^^^^^^^^^^^^^^^^^^^^^^^^^^^^^^^^^^
    )
    ^
  File "C:\Users\agust\AppData\Roaming\Python\Python314\site-packages\sqlalchemy\engine\base.py", line 1988, in _exec_single_context
    self._handle_dbapi_exception(
    ~~~~~~~~~~~~~~~~~~~~~~~~~~~~^
        e, str_statement, effective_parameters, cursor, context
        ^^^^^^^^^^^^^^^^^^^^^^^^^^^^^^^^^^^^^^^^^^^^^^^^^^^^^^^
    )
    ^
  File "C:\Users\agust\AppData\Roaming\Python\Python314\site-packages\sqlalchemy\engine\base.py", line 2365, in _handle_dbapi_exception
    raise sqlalchemy_exception.with_traceback(exc_info[2]) from e
  File "C:\Users\agust\AppData\Roaming\Python\Python314\site-packages\sqlalchemy\engine\base.py", line 1969, in _exec_single_context
    self.dialect.do_execute(
    ~~~~~~~~~~~~~~~~~~~~~~~^
        cursor, str_statement, effective_parameters, context
        ^^^^^^^^^^^^^^^^^^^^^^^^^^^^^^^^^^^^^^^^^^^^^^^^^^^^
    )
    ^
  File "C:\Users\agust\AppData\Roaming\Python\Python314\site-packages\sqlalchemy\engine\default.py", line 952, in do_execute
    cursor.execute(statement, parameters)
    ~~~~~~~~~~~~~~^^^^^^^^^^^^^^^^^^^^^^^
  File "C:\Users\agust\AppData\Roaming\Python\Python314\site-packages\sqlalchemy\dialects\postgresql\asyncpg.py", line 585, in execute
    self._adapt_connection.await_(
    ~~~~~~~~~~~~~~~~~~~~~~~~~~~~~^
        self._prepare_and_execute(operation, parameters)
        ^^^^^^^^^^^^^^^^^^^^^^^^^^^^^^^^^^^^^^^^^^^^^^^^
    )
    ^
  File "C:\Users\agust\AppData\Roaming\Python\Python314\site-packages\sqlalchemy\util\_concurrency_py3k.py", line 132, in await_only
    return current.parent.switch(awaitable)  # type: ignore[no-any-return,attr-defined] # noqa: E501
           ~~~~~~~~~~~~~~~~~~~~~^^^^^^^^^^^
  File "C:\Users\agust\AppData\Roaming\Python\Python314\site-packages\sqlalchemy\util\_concurrency_py3k.py", line 196, in greenlet_spawn
    value = await result
            ^^^^^^^^^^^^
  File "C:\Users\agust\AppData\Roaming\Python\Python314\site-packages\sqlalchemy\dialects\postgresql\asyncpg.py", line 563, in _prepare_and_execute
    self._handle_exception(error)
    ~~~~~~~~~~~~~~~~~~~~~~^^^^^^^
  File "C:\Users\agust\AppData\Roaming\Python\Python314\site-packages\sqlalchemy\dialects\postgresql\asyncpg.py", line 513, in _handle_exception
    self._adapt_connection._handle_exception(error)
    ~~~~~~~~~~~~~~~~~~~~~~~~~~~~~~~~~~~~~~~~^^^^^^^
  File "C:\Users\agust\AppData\Roaming\Python\Python314\site-packages\sqlalchemy\dialects\postgresql\asyncpg.py", line 797, in _handle_exception
    raise translated_error from error
sqlalchemy.exc.IntegrityError: (sqlalchemy.dialects.postgresql.asyncpg.IntegrityError) <class 'asyncpg.exceptions.ForeignKeyViolationError'>: update or delete on table "campos" violates foreign key constraint "parcelas_nombre_campo_fkey" on table "parcelas"
DETAIL:  Key (nombre_campo)=(CampoTest2) is still referenced from table "parcelas".
[SQL: DELETE FROM campos WHERE campos.nombre_campo = $1::VARCHAR]
[parameters: ('CampoTest2',)]
(Background on this error at: https://sqlalche.me/e/20/gkpj)
Error interno no controlado | path=/api/campos/CampoTest2 | ip=127.0.0.1
Traceback (most recent call last):
  File "C:\Users\agust\AppData\Roaming\Python\Python314\site-packages\sqlalchemy\dialects\postgresql\asyncpg.py", line 550, in _prepare_and_execute
    self._rows = deque(await prepared_stmt.fetch(*parameters))
                       ^^^^^^^^^^^^^^^^^^^^^^^^^^^^^^^^^^^^^^
  File "C:\Users\agust\AppData\Roaming\Python\Python314\site-packages\asyncpg\prepared_stmt.py", line 177, in fetch
    data = await self.__bind_execute(args, 0, timeout)
           ^^^^^^^^^^^^^^^^^^^^^^^^^^^^^^^^^^^^^^^^^^^
  File "C:\Users\agust\AppData\Roaming\Python\Python314\site-packages\asyncpg\prepared_stmt.py", line 268, in __bind_execute
    data, status, _ = await self.__do_execute(
                      ^^^^^^^^^^^^^^^^^^^^^^^^
        lambda protocol: protocol.bind_execute(
        ^^^^^^^^^^^^^^^^^^^^^^^^^^^^^^^^^^^^^^^
            self._state, args, '', limit, True, timeout))
            ^^^^^^^^^^^^^^^^^^^^^^^^^^^^^^^^^^^^^^^^^^^^^
  File "C:\Users\agust\AppData\Roaming\Python\Python314\site-packages\asyncpg\prepared_stmt.py", line 257, in __do_execute
    return await executor(protocol)
           ^^^^^^^^^^^^^^^^^^^^^^^^
  File "asyncpg/protocol/protocol.pyx", line 205, in bind_execute
asyncpg.exceptions.ForeignKeyViolationError: update or delete on table "campos" violates foreign key constraint "parcelas_nombre_campo_fkey" on table "parcelas"
DETAIL:  Key (nombre_campo)=(CampoTest2) is still referenced from table "parcelas".

The above exception was the direct cause of the following exception:

Traceback (most recent call last):
  File "C:\Users\agust\AppData\Roaming\Python\Python314\site-packages\sqlalchemy\engine\base.py", line 1969, in _exec_single_context
    self.dialect.do_execute(
    ~~~~~~~~~~~~~~~~~~~~~~~^
        cursor, str_statement, effective_parameters, context
        ^^^^^^^^^^^^^^^^^^^^^^^^^^^^^^^^^^^^^^^^^^^^^^^^^^^^
    )
    ^
  File "C:\Users\agust\AppData\Roaming\Python\Python314\site-packages\sqlalchemy\engine\default.py", line 952, in do_execute
    cursor.execute(statement, parameters)
    ~~~~~~~~~~~~~~^^^^^^^^^^^^^^^^^^^^^^^
  File "C:\Users\agust\AppData\Roaming\Python\Python314\site-packages\sqlalchemy\dialects\postgresql\asyncpg.py", line 585, in execute
    self._adapt_connection.await_(
    ~~~~~~~~~~~~~~~~~~~~~~~~~~~~~^
        self._prepare_and_execute(operation, parameters)
        ^^^^^^^^^^^^^^^^^^^^^^^^^^^^^^^^^^^^^^^^^^^^^^^^
    )
    ^
  File "C:\Users\agust\AppData\Roaming\Python\Python314\site-packages\sqlalchemy\util\_concurrency_py3k.py", line 132, in await_only
    return current.parent.switch(awaitable)  # type: ignore[no-any-return,attr-defined] # noqa: E501
           ~~~~~~~~~~~~~~~~~~~~~^^^^^^^^^^^
  File "C:\Users\agust\AppData\Roaming\Python\Python314\site-packages\sqlalchemy\util\_concurrency_py3k.py", line 196, in greenlet_spawn
    value = await result
            ^^^^^^^^^^^^
  File "C:\Users\agust\AppData\Roaming\Python\Python314\site-packages\sqlalchemy\dialects\postgresql\asyncpg.py", line 563, in _prepare_and_execute
    self._handle_exception(error)
    ~~~~~~~~~~~~~~~~~~~~~~^^^^^^^
  File "C:\Users\agust\AppData\Roaming\Python\Python314\site-packages\sqlalchemy\dialects\postgresql\asyncpg.py", line 513, in _handle_exception
    self._adapt_connection._handle_exception(error)
    ~~~~~~~~~~~~~~~~~~~~~~~~~~~~~~~~~~~~~~~~^^^^^^^
  File "C:\Users\agust\AppData\Roaming\Python\Python314\site-packages\sqlalchemy\dialects\postgresql\asyncpg.py", line 797, in _handle_exception
    raise translated_error from error
sqlalchemy.dialects.postgresql.asyncpg.AsyncAdapt_asyncpg_dbapi.IntegrityError: <class 'asyncpg.exceptions.ForeignKeyViolationError'>: update or delete on table "campos" violates foreign key constraint "parcelas_nombre_campo_fkey" on table "parcelas"
DETAIL:  Key (nombre_campo)=(CampoTest2) is still referenced from table "parcelas".

The above exception was the direct cause of the following exception:

Traceback (most recent call last):
  File "C:\Users\agust\AppData\Roaming\Python\Python314\site-packages\starlette\middleware\errors.py", line 164, in __call__
    await self.app(scope, receive, _send)
  File "C:\Users\agust\AppData\Roaming\Python\Python314\site-packages\starlette\middleware\exceptions.py", line 63, in __call__
    await wrap_app_handling_exceptions(self.app, conn)(scope, receive, send)
  File "C:\Users\agust\AppData\Roaming\Python\Python314\site-packages\starlette\_exception_handler.py", line 53, in wrapped_app
    raise exc
  File "C:\Users\agust\AppData\Roaming\Python\Python314\site-packages\starlette\_exception_handler.py", line 42, in wrapped_app
    await app(scope, receive, sender)
  File "C:\Users\agust\AppData\Roaming\Python\Python314\site-packages\fastapi\middleware\asyncexitstack.py", line 18, in __call__
    await self.app(scope, receive, send)
  File "C:\Users\agust\AppData\Roaming\Python\Python314\site-packages\starlette\routing.py", line 660, in __call__
    await self.middleware_stack(scope, receive, send)
  File "C:\Users\agust\AppData\Roaming\Python\Python314\site-packages\fastapi\routing.py", line 2531, in app
    await route.handle(scope, receive, send)
  File "C:\Users\agust\AppData\Roaming\Python\Python314\site-packages\fastapi\routing.py", line 1700, in handle
    await self.original_router.handle(scope, receive, send)
  File "C:\Users\agust\AppData\Roaming\Python\Python314\site-packages\fastapi\routing.py", line 2586, in handle
    await included_router._handle_selected(scope, receive, send)
  File "C:\Users\agust\AppData\Roaming\Python\Python314\site-packages\fastapi\routing.py", line 1720, in _handle_selected
    await original_route.handle(scope, receive, send)
  File "C:\Users\agust\AppData\Roaming\Python\Python314\site-packages\fastapi\routing.py", line 1239, in handle
    await app(scope, receive, send)
  File "C:\Users\agust\AppData\Roaming\Python\Python314\site-packages\fastapi\routing.py", line 150, in app
    await wrap_app_handling_exceptions(app, request)(scope, receive, send)
  File "C:\Users\agust\AppData\Roaming\Python\Python314\site-packages\starlette\_exception_handler.py", line 53, in wrapped_app
    raise exc
  File "C:\Users\agust\AppData\Roaming\Python\Python314\site-packages\starlette\_exception_handler.py", line 42, in wrapped_app
    await app(scope, receive, sender)
  File "C:\Users\agust\AppData\Roaming\Python\Python314\site-packages\fastapi\routing.py", line 136, in app
    response = await f(request)
               ^^^^^^^^^^^^^^^^
  File "C:\Users\agust\AppData\Roaming\Python\Python314\site-packages\fastapi\routing.py", line 690, in app
    raw_response = await run_endpoint_function(
                   ^^^^^^^^^^^^^^^^^^^^^^^^^^^^
    ...<3 lines>...
    )
    ^
  File "C:\Users\agust\AppData\Roaming\Python\Python314\site-packages\fastapi\routing.py", line 344, in run_endpoint_function
    return await dependant.call(**values)
           ^^^^^^^^^^^^^^^^^^^^^^^^^^^^^^
  File "X:\Arqui\AgroTech\src\modules\data_api\router.py", line 334, in delete_campo
    async with db.begin():
               ~~~~~~~~^^
  File "C:\Users\agust\AppData\Roaming\Python\Python314\site-packages\sqlalchemy\ext\asyncio\session.py", line 1886, in __aexit__
    await greenlet_spawn(
        self._sync_transaction().__exit__, type_, value, traceback
    )
  File "C:\Users\agust\AppData\Roaming\Python\Python314\site-packages\sqlalchemy\util\_concurrency_py3k.py", line 203, in greenlet_spawn
    result = context.switch(value)
  File "C:\Users\agust\AppData\Roaming\Python\Python314\site-packages\sqlalchemy\engine\util.py", line 147, in __exit__
    with util.safe_reraise():
         ~~~~~~~~~~~~~~~~~^^
  File "C:\Users\agust\AppData\Roaming\Python\Python314\site-packages\sqlalchemy\util\langhelpers.py", line 122, in __exit__
    raise exc_value.with_traceback(exc_tb)
  File "C:\Users\agust\AppData\Roaming\Python\Python314\site-packages\sqlalchemy\engine\util.py", line 145, in __exit__
    self.commit()
    ~~~~~~~~~~~^^
  File "<string>", line 2, in commit
  File "C:\Users\agust\AppData\Roaming\Python\Python314\site-packages\sqlalchemy\orm\state_changes.py", line 137, in _go
    ret_value = fn(self, *arg, **kw)
  File "C:\Users\agust\AppData\Roaming\Python\Python314\site-packages\sqlalchemy\orm\session.py", line 1316, in commit
    self._prepare_impl()
    ~~~~~~~~~~~~~~~~~~^^
  File "<string>", line 2, in _prepare_impl
  File "C:\Users\agust\AppData\Roaming\Python\Python314\site-packages\sqlalchemy\orm\state_changes.py", line 137, in _go
    ret_value = fn(self, *arg, **kw)
  File "C:\Users\agust\AppData\Roaming\Python\Python314\site-packages\sqlalchemy\orm\session.py", line 1290, in _prepare_impl
    self.session.flush()
    ~~~~~~~~~~~~~~~~~~^^
  File "C:\Users\agust\AppData\Roaming\Python\Python314\site-packages\sqlalchemy\orm\session.py", line 4353, in flush
    self._flush(objects)
    ~~~~~~~~~~~^^^^^^^^^
  File "C:\Users\agust\AppData\Roaming\Python\Python314\site-packages\sqlalchemy\orm\session.py", line 4488, in _flush
    with util.safe_reraise():
         ~~~~~~~~~~~~~~~~~^^
  File "C:\Users\agust\AppData\Roaming\Python\Python314\site-packages\sqlalchemy\util\langhelpers.py", line 122, in __exit__
    raise exc_value.with_traceback(exc_tb)
  File "C:\Users\agust\AppData\Roaming\Python\Python314\site-packages\sqlalchemy\orm\session.py", line 4449, in _flush
    flush_context.execute()
    ~~~~~~~~~~~~~~~~~~~~~^^
  File "C:\Users\agust\AppData\Roaming\Python\Python314\site-packages\sqlalchemy\orm\unitofwork.py", line 465, in execute
    rec.execute(self)
    ~~~~~~~~~~~^^^^^^
  File "C:\Users\agust\AppData\Roaming\Python\Python314\site-packages\sqlalchemy\orm\unitofwork.py", line 678, in execute
    util.preloaded.orm_persistence.delete_obj(
    ~~~~~~~~~~~~~~~~~~~~~~~~~~~~~~~~~~~~~~~~~^
        self.mapper,
        ^^^^^^^^^^^^
        uow.states_for_mapper_hierarchy(self.mapper, True, False),
        ^^^^^^^^^^^^^^^^^^^^^^^^^^^^^^^^^^^^^^^^^^^^^^^^^^^^^^^^^^
        uow,
        ^^^^
    )
    ^
  File "C:\Users\agust\AppData\Roaming\Python\Python314\site-packages\sqlalchemy\orm\persistence.py", line 194, in delete_obj
    _emit_delete_statements(
    ~~~~~~~~~~~~~~~~~~~~~~~^
        base_mapper,
        ^^^^^^^^^^^^
    ...<3 lines>...
        delete,
        ^^^^^^^
    )
    ^
  File "C:\Users\agust\AppData\Roaming\Python\Python314\site-packages\sqlalchemy\orm\persistence.py", line 1472, in _emit_delete_statements
    c = connection.execute(
        statement, del_objects, execution_options=execution_options
    )
  File "C:\Users\agust\AppData\Roaming\Python\Python314\site-packages\sqlalchemy\engine\base.py", line 1421, in execute
    return meth(
        self,
        distilled_parameters,
        execution_options or NO_OPTIONS,
    )
  File "C:\Users\agust\AppData\Roaming\Python\Python314\site-packages\sqlalchemy\sql\elements.py", line 526, in _execute_on_connection
    return connection._execute_clauseelement(
           ~~~~~~~~~~~~~~~~~~~~~~~~~~~~~~~~~^
        self, distilled_params, execution_options
        ^^^^^^^^^^^^^^^^^^^^^^^^^^^^^^^^^^^^^^^^^
    )
    ^
  File "C:\Users\agust\AppData\Roaming\Python\Python314\site-packages\sqlalchemy\engine\base.py", line 1643, in _execute_clauseelement
    ret = self._execute_context(
        dialect,
    ...<8 lines>...
        cache_hit=cache_hit,
    )
  File "C:\Users\agust\AppData\Roaming\Python\Python314\site-packages\sqlalchemy\engine\base.py", line 1848, in _execute_context
    return self._exec_single_context(
           ~~~~~~~~~~~~~~~~~~~~~~~~~^
        dialect, context, statement, parameters
        ^^^^^^^^^^^^^^^^^^^^^^^^^^^^^^^^^^^^^^^
    )
    ^
  File "C:\Users\agust\AppData\Roaming\Python\Python314\site-packages\sqlalchemy\engine\base.py", line 1988, in _exec_single_context
    self._handle_dbapi_exception(
    ~~~~~~~~~~~~~~~~~~~~~~~~~~~~^
        e, str_statement, effective_parameters, cursor, context
        ^^^^^^^^^^^^^^^^^^^^^^^^^^^^^^^^^^^^^^^^^^^^^^^^^^^^^^^
    )
    ^
  File "C:\Users\agust\AppData\Roaming\Python\Python314\site-packages\sqlalchemy\engine\base.py", line 2365, in _handle_dbapi_exception
    raise sqlalchemy_exception.with_traceback(exc_info[2]) from e
  File "C:\Users\agust\AppData\Roaming\Python\Python314\site-packages\sqlalchemy\engine\base.py", line 1969, in _exec_single_context
    self.dialect.do_execute(
    ~~~~~~~~~~~~~~~~~~~~~~~^
        cursor, str_statement, effective_parameters, context
        ^^^^^^^^^^^^^^^^^^^^^^^^^^^^^^^^^^^^^^^^^^^^^^^^^^^^
    )
    ^
  File "C:\Users\agust\AppData\Roaming\Python\Python314\site-packages\sqlalchemy\engine\default.py", line 952, in do_execute
    cursor.execute(statement, parameters)
    ~~~~~~~~~~~~~~^^^^^^^^^^^^^^^^^^^^^^^
  File "C:\Users\agust\AppData\Roaming\Python\Python314\site-packages\sqlalchemy\dialects\postgresql\asyncpg.py", line 585, in execute
    self._adapt_connection.await_(
    ~~~~~~~~~~~~~~~~~~~~~~~~~~~~~^
        self._prepare_and_execute(operation, parameters)
        ^^^^^^^^^^^^^^^^^^^^^^^^^^^^^^^^^^^^^^^^^^^^^^^^
    )
    ^
  File "C:\Users\agust\AppData\Roaming\Python\Python314\site-packages\sqlalchemy\util\_concurrency_py3k.py", line 132, in await_only
    return current.parent.switch(awaitable)  # type: ignore[no-any-return,attr-defined] # noqa: E501
           ~~~~~~~~~~~~~~~~~~~~~^^^^^^^^^^^
  File "C:\Users\agust\AppData\Roaming\Python\Python314\site-packages\sqlalchemy\util\_concurrency_py3k.py", line 196, in greenlet_spawn
    value = await result
            ^^^^^^^^^^^^
  File "C:\Users\agust\AppData\Roaming\Python\Python314\site-packages\sqlalchemy\dialects\postgresql\asyncpg.py", line 563, in _prepare_and_execute
    self._handle_exception(error)
    ~~~~~~~~~~~~~~~~~~~~~~^^^^^^^
  File "C:\Users\agust\AppData\Roaming\Python\Python314\site-packages\sqlalchemy\dialects\postgresql\asyncpg.py", line 513, in _handle_exception
    self._adapt_connection._handle_exception(error)
    ~~~~~~~~~~~~~~~~~~~~~~~~~~~~~~~~~~~~~~~~^^^^^^^
  File "C:\Users\agust\AppData\Roaming\Python\Python314\site-packages\sqlalchemy\dialects\postgresql\asyncpg.py", line 797, in _handle_exception
    raise translated_error from error
sqlalchemy.exc.IntegrityError: (sqlalchemy.dialects.postgresql.asyncpg.IntegrityError) <class 'asyncpg.exceptions.ForeignKeyViolationError'>: update or delete on table "campos" violates foreign key constraint "parcelas_nombre_campo_fkey" on table "parcelas"
DETAIL:  Key (nombre_campo)=(CampoTest2) is still referenced from table "parcelas".
[SQL: DELETE FROM campos WHERE campos.nombre_campo = $1::VARCHAR]
[parameters: ('CampoTest2',)]
(Background on this error at: https://sqlalche.me/e/20/gkpj)
ERROR:    Exception in ASGI application
Traceback (most recent call last):
  File "C:\Users\agust\AppData\Roaming\Python\Python314\site-packages\sqlalchemy\dialects\postgresql\asyncpg.py", line 550, in _prepare_and_execute
    self._rows = deque(await prepared_stmt.fetch(*parameters))
                       ^^^^^^^^^^^^^^^^^^^^^^^^^^^^^^^^^^^^^^
  File "C:\Users\agust\AppData\Roaming\Python\Python314\site-packages\asyncpg\prepared_stmt.py", line 177, in fetch
    data = await self.__bind_execute(args, 0, timeout)
           ^^^^^^^^^^^^^^^^^^^^^^^^^^^^^^^^^^^^^^^^^^^
  File "C:\Users\agust\AppData\Roaming\Python\Python314\site-packages\asyncpg\prepared_stmt.py", line 268, in __bind_execute
    data, status, _ = await self.__do_execute(
                      ^^^^^^^^^^^^^^^^^^^^^^^^
        lambda protocol: protocol.bind_execute(
        ^^^^^^^^^^^^^^^^^^^^^^^^^^^^^^^^^^^^^^^
            self._state, args, '', limit, True, timeout))
            ^^^^^^^^^^^^^^^^^^^^^^^^^^^^^^^^^^^^^^^^^^^^^
  File "C:\Users\agust\AppData\Roaming\Python\Python314\site-packages\asyncpg\prepared_stmt.py", line 257, in __do_execute
    return await executor(protocol)
           ^^^^^^^^^^^^^^^^^^^^^^^^
  File "asyncpg/protocol/protocol.pyx", line 205, in bind_execute
asyncpg.exceptions.ForeignKeyViolationError: update or delete on table "campos" violates foreign key constraint "parcelas_nombre_campo_fkey" on table "parcelas"
DETAIL:  Key (nombre_campo)=(CampoTest2) is still referenced from table "parcelas".

The above exception was the direct cause of the following exception:

Traceback (most recent call last):
  File "C:\Users\agust\AppData\Roaming\Python\Python314\site-packages\sqlalchemy\engine\base.py", line 1969, in _exec_single_context
    self.dialect.do_execute(
    ~~~~~~~~~~~~~~~~~~~~~~~^
        cursor, str_statement, effective_parameters, context
        ^^^^^^^^^^^^^^^^^^^^^^^^^^^^^^^^^^^^^^^^^^^^^^^^^^^^
    )
    ^
  File "C:\Users\agust\AppData\Roaming\Python\Python314\site-packages\sqlalchemy\engine\default.py", line 952, in do_execute
    cursor.execute(statement, parameters)
    ~~~~~~~~~~~~~~^^^^^^^^^^^^^^^^^^^^^^^
  File "C:\Users\agust\AppData\Roaming\Python\Python314\site-packages\sqlalchemy\dialects\postgresql\asyncpg.py", line 585, in execute
    self._adapt_connection.await_(
    ~~~~~~~~~~~~~~~~~~~~~~~~~~~~~^
        self._prepare_and_execute(operation, parameters)
        ^^^^^^^^^^^^^^^^^^^^^^^^^^^^^^^^^^^^^^^^^^^^^^^^
    )
    ^
  File "C:\Users\agust\AppData\Roaming\Python\Python314\site-packages\sqlalchemy\util\_concurrency_py3k.py", line 132, in await_only
    return current.parent.switch(awaitable)  # type: ignore[no-any-return,attr-defined] # noqa: E501
           ~~~~~~~~~~~~~~~~~~~~~^^^^^^^^^^^
  File "C:\Users\agust\AppData\Roaming\Python\Python314\site-packages\sqlalchemy\util\_concurrency_py3k.py", line 196, in greenlet_spawn
    value = await result
            ^^^^^^^^^^^^
  File "C:\Users\agust\AppData\Roaming\Python\Python314\site-packages\sqlalchemy\dialects\postgresql\asyncpg.py", line 563, in _prepare_and_execute
    self._handle_exception(error)
    ~~~~~~~~~~~~~~~~~~~~~~^^^^^^^
  File "C:\Users\agust\AppData\Roaming\Python\Python314\site-packages\sqlalchemy\dialects\postgresql\asyncpg.py", line 513, in _handle_exception
    self._adapt_connection._handle_exception(error)
    ~~~~~~~~~~~~~~~~~~~~~~~~~~~~~~~~~~~~~~~~^^^^^^^
  File "C:\Users\agust\AppData\Roaming\Python\Python314\site-packages\sqlalchemy\dialects\postgresql\asyncpg.py", line 797, in _handle_exception
    raise translated_error from error
sqlalchemy.dialects.postgresql.asyncpg.AsyncAdapt_asyncpg_dbapi.IntegrityError: <class 'asyncpg.exceptions.ForeignKeyViolationError'>: update or delete on table "campos" violates foreign key constraint "parcelas_nombre_campo_fkey" on table "parcelas"
DETAIL:  Key (nombre_campo)=(CampoTest2) is still referenced from table "parcelas".

The above exception was the direct cause of the following exception:

Traceback (most recent call last):
  File "C:\Users\agust\AppData\Roaming\Python\Python314\site-packages\uvicorn\protocols\http\httptools_impl.py", line 421, in run_asgi
    result = await app(  # type: ignore[func-returns-value]
             ^^^^^^^^^^^^^^^^^^^^^^^^^^^^^^^^^^^^^^^^^^^^^^
        self.scope, self.receive, self.send
        ^^^^^^^^^^^^^^^^^^^^^^^^^^^^^^^^^^^
    )
    ^
  File "C:\Users\agust\AppData\Roaming\Python\Python314\site-packages\uvicorn\middleware\proxy_headers.py", line 62, in __call__
    return await self.app(scope, receive, send)
           ^^^^^^^^^^^^^^^^^^^^^^^^^^^^^^^^^^^^
  File "C:\Users\agust\AppData\Roaming\Python\Python314\site-packages\fastapi\applications.py", line 1163, in __call__
    await super().__call__(scope, receive, send)
  File "C:\Users\agust\AppData\Roaming\Python\Python314\site-packages\starlette\applications.py", line 90, in __call__
    await self.middleware_stack(scope, receive, send)
  File "C:\Users\agust\AppData\Roaming\Python\Python314\site-packages\starlette\middleware\errors.py", line 186, in __call__
    raise exc
  File "C:\Users\agust\AppData\Roaming\Python\Python314\site-packages\starlette\middleware\errors.py", line 164, in __call__
    await self.app(scope, receive, _send)
  File "C:\Users\agust\AppData\Roaming\Python\Python314\site-packages\starlette\middleware\exceptions.py", line 63, in __call__
    await wrap_app_handling_exceptions(self.app, conn)(scope, receive, send)
  File "C:\Users\agust\AppData\Roaming\Python\Python314\site-packages\starlette\_exception_handler.py", line 53, in wrapped_app
    raise exc
  File "C:\Users\agust\AppData\Roaming\Python\Python314\site-packages\starlette\_exception_handler.py", line 42, in wrapped_app
    await app(scope, receive, sender)
  File "C:\Users\agust\AppData\Roaming\Python\Python314\site-packages\fastapi\middleware\asyncexitstack.py", line 18, in __call__
    await self.app(scope, receive, send)
  File "C:\Users\agust\AppData\Roaming\Python\Python314\site-packages\starlette\routing.py", line 660, in __call__
    await self.middleware_stack(scope, receive, send)
  File "C:\Users\agust\AppData\Roaming\Python\Python314\site-packages\fastapi\routing.py", line 2531, in app
    await route.handle(scope, receive, send)
  File "C:\Users\agust\AppData\Roaming\Python\Python314\site-packages\fastapi\routing.py", line 1700, in handle
    await self.original_router.handle(scope, receive, send)
  File "C:\Users\agust\AppData\Roaming\Python\Python314\site-packages\fastapi\routing.py", line 2586, in handle
    await included_router._handle_selected(scope, receive, send)
  File "C:\Users\agust\AppData\Roaming\Python\Python314\site-packages\fastapi\routing.py", line 1720, in _handle_selected
    await original_route.handle(scope, receive, send)
  File "C:\Users\agust\AppData\Roaming\Python\Python314\site-packages\fastapi\routing.py", line 1239, in handle
    await app(scope, receive, send)
  File "C:\Users\agust\AppData\Roaming\Python\Python314\site-packages\fastapi\routing.py", line 150, in app
    await wrap_app_handling_exceptions(app, request)(scope, receive, send)
  File "C:\Users\agust\AppData\Roaming\Python\Python314\site-packages\starlette\_exception_handler.py", line 53, in wrapped_app
    raise exc
  File "C:\Users\agust\AppData\Roaming\Python\Python314\site-packages\starlette\_exception_handler.py", line 42, in wrapped_app
    await app(scope, receive, sender)
  File "C:\Users\agust\AppData\Roaming\Python\Python314\site-packages\fastapi\routing.py", line 136, in app
    response = await f(request)
               ^^^^^^^^^^^^^^^^
  File "C:\Users\agust\AppData\Roaming\Python\Python314\site-packages\fastapi\routing.py", line 690, in app
    raw_response = await run_endpoint_function(
                   ^^^^^^^^^^^^^^^^^^^^^^^^^^^^
    ...<3 lines>...
    )
    ^
  File "C:\Users\agust\AppData\Roaming\Python\Python314\site-packages\fastapi\routing.py", line 344, in run_endpoint_function
    return await dependant.call(**values)
           ^^^^^^^^^^^^^^^^^^^^^^^^^^^^^^
  File "X:\Arqui\AgroTech\src\modules\data_api\router.py", line 334, in delete_campo
    async with db.begin():
               ~~~~~~~~^^
  File "C:\Users\agust\AppData\Roaming\Python\Python314\site-packages\sqlalchemy\ext\asyncio\session.py", line 1886, in __aexit__
    await greenlet_spawn(
        self._sync_transaction().__exit__, type_, value, traceback
    )
  File "C:\Users\agust\AppData\Roaming\Python\Python314\site-packages\sqlalchemy\util\_concurrency_py3k.py", line 203, in greenlet_spawn
    result = context.switch(value)
  File "C:\Users\agust\AppData\Roaming\Python\Python314\site-packages\sqlalchemy\engine\util.py", line 147, in __exit__
    with util.safe_reraise():
         ~~~~~~~~~~~~~~~~~^^
  File "C:\Users\agust\AppData\Roaming\Python\Python314\site-packages\sqlalchemy\util\langhelpers.py", line 122, in __exit__
    raise exc_value.with_traceback(exc_tb)
  File "C:\Users\agust\AppData\Roaming\Python\Python314\site-packages\sqlalchemy\engine\util.py", line 145, in __exit__
    self.commit()
    ~~~~~~~~~~~^^
  File "<string>", line 2, in commit
  File "C:\Users\agust\AppData\Roaming\Python\Python314\site-packages\sqlalchemy\orm\state_changes.py", line 137, in _go
    ret_value = fn(self, *arg, **kw)
  File "C:\Users\agust\AppData\Roaming\Python\Python314\site-packages\sqlalchemy\orm\session.py", line 1316, in commit
    self._prepare_impl()
    ~~~~~~~~~~~~~~~~~~^^
  File "<string>", line 2, in _prepare_impl
  File "C:\Users\agust\AppData\Roaming\Python\Python314\site-packages\sqlalchemy\orm\state_changes.py", line 137, in _go
    ret_value = fn(self, *arg, **kw)
  File "C:\Users\agust\AppData\Roaming\Python\Python314\site-packages\sqlalchemy\orm\session.py", line 1290, in _prepare_impl
    self.session.flush()
    ~~~~~~~~~~~~~~~~~~^^
  File "C:\Users\agust\AppData\Roaming\Python\Python314\site-packages\sqlalchemy\orm\session.py", line 4353, in flush
    self._flush(objects)
    ~~~~~~~~~~~^^^^^^^^^
  File "C:\Users\agust\AppData\Roaming\Python\Python314\site-packages\sqlalchemy\orm\session.py", line 4488, in _flush
    with util.safe_reraise():
         ~~~~~~~~~~~~~~~~~^^
  File "C:\Users\agust\AppData\Roaming\Python\Python314\site-packages\sqlalchemy\util\langhelpers.py", line 122, in __exit__
    raise exc_value.with_traceback(exc_tb)
  File "C:\Users\agust\AppData\Roaming\Python\Python314\site-packages\sqlalchemy\orm\session.py", line 4449, in _flush
    flush_context.execute()
    ~~~~~~~~~~~~~~~~~~~~~^^
  File "C:\Users\agust\AppData\Roaming\Python\Python314\site-packages\sqlalchemy\orm\unitofwork.py", line 465, in execute
    rec.execute(self)
    ~~~~~~~~~~~^^^^^^
  File "C:\Users\agust\AppData\Roaming\Python\Python314\site-packages\sqlalchemy\orm\unitofwork.py", line 678, in execute
    util.preloaded.orm_persistence.delete_obj(
    ~~~~~~~~~~~~~~~~~~~~~~~~~~~~~~~~~~~~~~~~~^
        self.mapper,
        ^^^^^^^^^^^^
        uow.states_for_mapper_hierarchy(self.mapper, True, False),
        ^^^^^^^^^^^^^^^^^^^^^^^^^^^^^^^^^^^^^^^^^^^^^^^^^^^^^^^^^^
        uow,
        ^^^^
    )
    ^
  File "C:\Users\agust\AppData\Roaming\Python\Python314\site-packages\sqlalchemy\orm\persistence.py", line 194, in delete_obj
    _emit_delete_statements(
    ~~~~~~~~~~~~~~~~~~~~~~~^
        base_mapper,
        ^^^^^^^^^^^^
    ...<3 lines>...
        delete,
        ^^^^^^^
    )
    ^
  File "C:\Users\agust\AppData\Roaming\Python\Python314\site-packages\sqlalchemy\orm\persistence.py", line 1472, in _emit_delete_statements
    c = connection.execute(
        statement, del_objects, execution_options=execution_options
    )
  File "C:\Users\agust\AppData\Roaming\Python\Python314\site-packages\sqlalchemy\engine\base.py", line 1421, in execute
    return meth(
        self,
        distilled_parameters,
        execution_options or NO_OPTIONS,
    )
  File "C:\Users\agust\AppData\Roaming\Python\Python314\site-packages\sqlalchemy\sql\elements.py", line 526, in _execute_on_connection
    return connection._execute_clauseelement(
           ~~~~~~~~~~~~~~~~~~~~~~~~~~~~~~~~~^
        self, distilled_params, execution_options
        ^^^^^^^^^^^^^^^^^^^^^^^^^^^^^^^^^^^^^^^^^
    )
    ^
  File "C:\Users\agust\AppData\Roaming\Python\Python314\site-packages\sqlalchemy\engine\base.py", line 1643, in _execute_clauseelement
    ret = self._execute_context(
        dialect,
    ...<8 lines>...
        cache_hit=cache_hit,
    )
  File "C:\Users\agust\AppData\Roaming\Python\Python314\site-packages\sqlalchemy\engine\base.py", line 1848, in _execute_context
    return self._exec_single_context(
           ~~~~~~~~~~~~~~~~~~~~~~~~~^
        dialect, context, statement, parameters
        ^^^^^^^^^^^^^^^^^^^^^^^^^^^^^^^^^^^^^^^
    )
    ^
  File "C:\Users\agust\AppData\Roaming\Python\Python314\site-packages\sqlalchemy\engine\base.py", line 1988, in _exec_single_context
    self._handle_dbapi_exception(
    ~~~~~~~~~~~~~~~~~~~~~~~~~~~~^
        e, str_statement, effective_parameters, cursor, context
        ^^^^^^^^^^^^^^^^^^^^^^^^^^^^^^^^^^^^^^^^^^^^^^^^^^^^^^^
    )
    ^
  File "C:\Users\agust\AppData\Roaming\Python\Python314\site-packages\sqlalchemy\engine\base.py", line 2365, in _handle_dbapi_exception
    raise sqlalchemy_exception.with_traceback(exc_info[2]) from e
  File "C:\Users\agust\AppData\Roaming\Python\Python314\site-packages\sqlalchemy\engine\base.py", line 1969, in _exec_single_context
    self.dialect.do_execute(
    ~~~~~~~~~~~~~~~~~~~~~~~^
        cursor, str_statement, effective_parameters, context
        ^^^^^^^^^^^^^^^^^^^^^^^^^^^^^^^^^^^^^^^^^^^^^^^^^^^^
    )
    ^
  File "C:\Users\agust\AppData\Roaming\Python\Python314\site-packages\sqlalchemy\engine\default.py", line 952, in do_execute
    cursor.execute(statement, parameters)
    ~~~~~~~~~~~~~~^^^^^^^^^^^^^^^^^^^^^^^
  File "C:\Users\agust\AppData\Roaming\Python\Python314\site-packages\sqlalchemy\dialects\postgresql\asyncpg.py", line 585, in execute
    self._adapt_connection.await_(
    ~~~~~~~~~~~~~~~~~~~~~~~~~~~~~^
        self._prepare_and_execute(operation, parameters)
        ^^^^^^^^^^^^^^^^^^^^^^^^^^^^^^^^^^^^^^^^^^^^^^^^
    )
    ^
  File "C:\Users\agust\AppData\Roaming\Python\Python314\site-packages\sqlalchemy\util\_concurrency_py3k.py", line 132, in await_only
    return current.parent.switch(awaitable)  # type: ignore[no-any-return,attr-defined] # noqa: E501
           ~~~~~~~~~~~~~~~~~~~~~^^^^^^^^^^^
  File "C:\Users\agust\AppData\Roaming\Python\Python314\site-packages\sqlalchemy\util\_concurrency_py3k.py", line 196, in greenlet_spawn
    value = await result
            ^^^^^^^^^^^^
  File "C:\Users\agust\AppData\Roaming\Python\Python314\site-packages\sqlalchemy\dialects\postgresql\asyncpg.py", line 563, in _prepare_and_execute
    self._handle_exception(error)
    ~~~~~~~~~~~~~~~~~~~~~~^^^^^^^
  File "C:\Users\agust\AppData\Roaming\Python\Python314\site-packages\sqlalchemy\dialects\postgresql\asyncpg.py", line 513, in _handle_exception
    self._adapt_connection._handle_exception(error)
    ~~~~~~~~~~~~~~~~~~~~~~~~~~~~~~~~~~~~~~~~^^^^^^^
  File "C:\Users\agust\AppData\Roaming\Python\Python314\site-packages\sqlalchemy\dialects\postgresql\asyncpg.py", line 797, in _handle_exception
    raise translated_error from error
sqlalchemy.exc.IntegrityError: (sqlalchemy.dialects.postgresql.asyncpg.IntegrityError) <class 'asyncpg.exceptions.ForeignKeyViolationError'>: update or delete on table "campos" violates foreign key constraint "parcelas_nombre_campo_fkey" on table "parcelas"
DETAIL:  Key (nombre_campo)=(CampoTest2) is still referenced from table "parcelas".
[SQL: DELETE FROM campos WHERE campos.nombre_campo = $1::VARCHAR]
[parameters: ('CampoTest2',)]
(Background on this error at: https://sqlalche.me/e/20/gkpj)
Error interno no controlado | path=/api/campos/CampoX | ip=127.0.0.1
Traceback (most recent call last):
  File "C:\Users\agust\AppData\Roaming\Python\Python314\site-packages\sqlalchemy\dialects\postgresql\asyncpg.py", line 550, in _prepare_and_execute
    self._rows = deque(await prepared_stmt.fetch(*parameters))
                       ^^^^^^^^^^^^^^^^^^^^^^^^^^^^^^^^^^^^^^
  File "C:\Users\agust\AppData\Roaming\Python\Python314\site-packages\asyncpg\prepared_stmt.py", line 177, in fetch
    data = await self.__bind_execute(args, 0, timeout)
           ^^^^^^^^^^^^^^^^^^^^^^^^^^^^^^^^^^^^^^^^^^^
  File "C:\Users\agust\AppData\Roaming\Python\Python314\site-packages\asyncpg\prepared_stmt.py", line 268, in __bind_execute
    data, status, _ = await self.__do_execute(
                      ^^^^^^^^^^^^^^^^^^^^^^^^
        lambda protocol: protocol.bind_execute(
        ^^^^^^^^^^^^^^^^^^^^^^^^^^^^^^^^^^^^^^^
            self._state, args, '', limit, True, timeout))
            ^^^^^^^^^^^^^^^^^^^^^^^^^^^^^^^^^^^^^^^^^^^^^
  File "C:\Users\agust\AppData\Roaming\Python\Python314\site-packages\asyncpg\prepared_stmt.py", line 257, in __do_execute
    return await executor(protocol)
           ^^^^^^^^^^^^^^^^^^^^^^^^
  File "asyncpg/protocol/protocol.pyx", line 205, in bind_execute
asyncpg.exceptions.ForeignKeyViolationError: update or delete on table "campos" violates foreign key constraint "parcelas_nombre_campo_fkey" on table "parcelas"
DETAIL:  Key (nombre_campo)=(CampoX) is still referenced from table "parcelas".

The above exception was the direct cause of the following exception:

Traceback (most recent call last):
  File "C:\Users\agust\AppData\Roaming\Python\Python314\site-packages\sqlalchemy\engine\base.py", line 1969, in _exec_single_context
    self.dialect.do_execute(
    ~~~~~~~~~~~~~~~~~~~~~~~^
        cursor, str_statement, effective_parameters, context
        ^^^^^^^^^^^^^^^^^^^^^^^^^^^^^^^^^^^^^^^^^^^^^^^^^^^^
    )
    ^
  File "C:\Users\agust\AppData\Roaming\Python\Python314\site-packages\sqlalchemy\engine\default.py", line 952, in do_execute
    cursor.execute(statement, parameters)
    ~~~~~~~~~~~~~~^^^^^^^^^^^^^^^^^^^^^^^
  File "C:\Users\agust\AppData\Roaming\Python\Python314\site-packages\sqlalchemy\dialects\postgresql\asyncpg.py", line 585, in execute
    self._adapt_connection.await_(
    ~~~~~~~~~~~~~~~~~~~~~~~~~~~~~^
        self._prepare_and_execute(operation, parameters)
        ^^^^^^^^^^^^^^^^^^^^^^^^^^^^^^^^^^^^^^^^^^^^^^^^
    )
    ^
  File "C:\Users\agust\AppData\Roaming\Python\Python314\site-packages\sqlalchemy\util\_concurrency_py3k.py", line 132, in await_only
    return current.parent.switch(awaitable)  # type: ignore[no-any-return,attr-defined] # noqa: E501
           ~~~~~~~~~~~~~~~~~~~~~^^^^^^^^^^^
  File "C:\Users\agust\AppData\Roaming\Python\Python314\site-packages\sqlalchemy\util\_concurrency_py3k.py", line 196, in greenlet_spawn
    value = await result
            ^^^^^^^^^^^^
  File "C:\Users\agust\AppData\Roaming\Python\Python314\site-packages\sqlalchemy\dialects\postgresql\asyncpg.py", line 563, in _prepare_and_execute
    self._handle_exception(error)
    ~~~~~~~~~~~~~~~~~~~~~~^^^^^^^
  File "C:\Users\agust\AppData\Roaming\Python\Python314\site-packages\sqlalchemy\dialects\postgresql\asyncpg.py", line 513, in _handle_exception
    self._adapt_connection._handle_exception(error)
    ~~~~~~~~~~~~~~~~~~~~~~~~~~~~~~~~~~~~~~~~^^^^^^^
  File "C:\Users\agust\AppData\Roaming\Python\Python314\site-packages\sqlalchemy\dialects\postgresql\asyncpg.py", line 797, in _handle_exception
    raise translated_error from error
sqlalchemy.dialects.postgresql.asyncpg.AsyncAdapt_asyncpg_dbapi.IntegrityError: <class 'asyncpg.exceptions.ForeignKeyViolationError'>: update or delete on table "campos" violates foreign key constraint "parcelas_nombre_campo_fkey" on table "parcelas"
DETAIL:  Key (nombre_campo)=(CampoX) is still referenced from table "parcelas".

The above exception was the direct cause of the following exception:

Traceback (most recent call last):
  File "C:\Users\agust\AppData\Roaming\Python\Python314\site-packages\starlette\middleware\errors.py", line 164, in __call__
    await self.app(scope, receive, _send)
  File "C:\Users\agust\AppData\Roaming\Python\Python314\site-packages\starlette\middleware\exceptions.py", line 63, in __call__
    await wrap_app_handling_exceptions(self.app, conn)(scope, receive, send)
  File "C:\Users\agust\AppData\Roaming\Python\Python314\site-packages\starlette\_exception_handler.py", line 53, in wrapped_app
    raise exc
  File "C:\Users\agust\AppData\Roaming\Python\Python314\site-packages\starlette\_exception_handler.py", line 42, in wrapped_app
    await app(scope, receive, sender)
  File "C:\Users\agust\AppData\Roaming\Python\Python314\site-packages\fastapi\middleware\asyncexitstack.py", line 18, in __call__
    await self.app(scope, receive, send)
  File "C:\Users\agust\AppData\Roaming\Python\Python314\site-packages\starlette\routing.py", line 660, in __call__
    await self.middleware_stack(scope, receive, send)
  File "C:\Users\agust\AppData\Roaming\Python\Python314\site-packages\fastapi\routing.py", line 2531, in app
    await route.handle(scope, receive, send)
  File "C:\Users\agust\AppData\Roaming\Python\Python314\site-packages\fastapi\routing.py", line 1700, in handle
    await self.original_router.handle(scope, receive, send)
  File "C:\Users\agust\AppData\Roaming\Python\Python314\site-packages\fastapi\routing.py", line 2586, in handle
    await included_router._handle_selected(scope, receive, send)
  File "C:\Users\agust\AppData\Roaming\Python\Python314\site-packages\fastapi\routing.py", line 1720, in _handle_selected
    await original_route.handle(scope, receive, send)
  File "C:\Users\agust\AppData\Roaming\Python\Python314\site-packages\fastapi\routing.py", line 1239, in handle
    await app(scope, receive, send)
  File "C:\Users\agust\AppData\Roaming\Python\Python314\site-packages\fastapi\routing.py", line 150, in app
    await wrap_app_handling_exceptions(app, request)(scope, receive, send)
  File "C:\Users\agust\AppData\Roaming\Python\Python314\site-packages\starlette\_exception_handler.py", line 53, in wrapped_app
    raise exc
  File "C:\Users\agust\AppData\Roaming\Python\Python314\site-packages\starlette\_exception_handler.py", line 42, in wrapped_app
    await app(scope, receive, sender)
  File "C:\Users\agust\AppData\Roaming\Python\Python314\site-packages\fastapi\routing.py", line 136, in app
    response = await f(request)
               ^^^^^^^^^^^^^^^^
  File "C:\Users\agust\AppData\Roaming\Python\Python314\site-packages\fastapi\routing.py", line 690, in app
    raw_response = await run_endpoint_function(
                   ^^^^^^^^^^^^^^^^^^^^^^^^^^^^
    ...<3 lines>...
    )
    ^
  File "C:\Users\agust\AppData\Roaming\Python\Python314\site-packages\fastapi\routing.py", line 344, in run_endpoint_function
    return await dependant.call(**values)
           ^^^^^^^^^^^^^^^^^^^^^^^^^^^^^^
  File "X:\Arqui\AgroTech\src\modules\data_api\router.py", line 334, in delete_campo
    async with db.begin():
               ~~~~~~~~^^
  File "C:\Users\agust\AppData\Roaming\Python\Python314\site-packages\sqlalchemy\ext\asyncio\session.py", line 1886, in __aexit__
    await greenlet_spawn(
        self._sync_transaction().__exit__, type_, value, traceback
    )
  File "C:\Users\agust\AppData\Roaming\Python\Python314\site-packages\sqlalchemy\util\_concurrency_py3k.py", line 203, in greenlet_spawn
    result = context.switch(value)
  File "C:\Users\agust\AppData\Roaming\Python\Python314\site-packages\sqlalchemy\engine\util.py", line 147, in __exit__
    with util.safe_reraise():
         ~~~~~~~~~~~~~~~~~^^
  File "C:\Users\agust\AppData\Roaming\Python\Python314\site-packages\sqlalchemy\util\langhelpers.py", line 122, in __exit__
    raise exc_value.with_traceback(exc_tb)
  File "C:\Users\agust\AppData\Roaming\Python\Python314\site-packages\sqlalchemy\engine\util.py", line 145, in __exit__
    self.commit()
    ~~~~~~~~~~~^^
  File "<string>", line 2, in commit
  File "C:\Users\agust\AppData\Roaming\Python\Python314\site-packages\sqlalchemy\orm\state_changes.py", line 137, in _go
    ret_value = fn(self, *arg, **kw)
  File "C:\Users\agust\AppData\Roaming\Python\Python314\site-packages\sqlalchemy\orm\session.py", line 1316, in commit
    self._prepare_impl()
    ~~~~~~~~~~~~~~~~~~^^
  File "<string>", line 2, in _prepare_impl
  File "C:\Users\agust\AppData\Roaming\Python\Python314\site-packages\sqlalchemy\orm\state_changes.py", line 137, in _go
    ret_value = fn(self, *arg, **kw)
  File "C:\Users\agust\AppData\Roaming\Python\Python314\site-packages\sqlalchemy\orm\session.py", line 1290, in _prepare_impl
    self.session.flush()
    ~~~~~~~~~~~~~~~~~~^^
  File "C:\Users\agust\AppData\Roaming\Python\Python314\site-packages\sqlalchemy\orm\session.py", line 4353, in flush
    self._flush(objects)
    ~~~~~~~~~~~^^^^^^^^^
  File "C:\Users\agust\AppData\Roaming\Python\Python314\site-packages\sqlalchemy\orm\session.py", line 4488, in _flush
    with util.safe_reraise():
         ~~~~~~~~~~~~~~~~~^^
  File "C:\Users\agust\AppData\Roaming\Python\Python314\site-packages\sqlalchemy\util\langhelpers.py", line 122, in __exit__
    raise exc_value.with_traceback(exc_tb)
  File "C:\Users\agust\AppData\Roaming\Python\Python314\site-packages\sqlalchemy\orm\session.py", line 4449, in _flush
    flush_context.execute()
    ~~~~~~~~~~~~~~~~~~~~~^^
  File "C:\Users\agust\AppData\Roaming\Python\Python314\site-packages\sqlalchemy\orm\unitofwork.py", line 465, in execute
    rec.execute(self)
    ~~~~~~~~~~~^^^^^^
  File "C:\Users\agust\AppData\Roaming\Python\Python314\site-packages\sqlalchemy\orm\unitofwork.py", line 678, in execute
    util.preloaded.orm_persistence.delete_obj(
    ~~~~~~~~~~~~~~~~~~~~~~~~~~~~~~~~~~~~~~~~~^
        self.mapper,
        ^^^^^^^^^^^^
        uow.states_for_mapper_hierarchy(self.mapper, True, False),
        ^^^^^^^^^^^^^^^^^^^^^^^^^^^^^^^^^^^^^^^^^^^^^^^^^^^^^^^^^^
        uow,
        ^^^^
    )
    ^
  File "C:\Users\agust\AppData\Roaming\Python\Python314\site-packages\sqlalchemy\orm\persistence.py", line 194, in delete_obj
    _emit_delete_statements(
    ~~~~~~~~~~~~~~~~~~~~~~~^
        base_mapper,
        ^^^^^^^^^^^^
    ...<3 lines>...
        delete,
        ^^^^^^^
    )
    ^
  File "C:\Users\agust\AppData\Roaming\Python\Python314\site-packages\sqlalchemy\orm\persistence.py", line 1472, in _emit_delete_statements
    c = connection.execute(
        statement, del_objects, execution_options=execution_options
    )
  File "C:\Users\agust\AppData\Roaming\Python\Python314\site-packages\sqlalchemy\engine\base.py", line 1421, in execute
    return meth(
        self,
        distilled_parameters,
        execution_options or NO_OPTIONS,
    )
  File "C:\Users\agust\AppData\Roaming\Python\Python314\site-packages\sqlalchemy\sql\elements.py", line 526, in _execute_on_connection
    return connection._execute_clauseelement(
           ~~~~~~~~~~~~~~~~~~~~~~~~~~~~~~~~~^
        self, distilled_params, execution_options
        ^^^^^^^^^^^^^^^^^^^^^^^^^^^^^^^^^^^^^^^^^
    )
    ^
  File "C:\Users\agust\AppData\Roaming\Python\Python314\site-packages\sqlalchemy\engine\base.py", line 1643, in _execute_clauseelement
    ret = self._execute_context(
        dialect,
    ...<8 lines>...
        cache_hit=cache_hit,
    )
  File "C:\Users\agust\AppData\Roaming\Python\Python314\site-packages\sqlalchemy\engine\base.py", line 1848, in _execute_context
    return self._exec_single_context(
           ~~~~~~~~~~~~~~~~~~~~~~~~~^
        dialect, context, statement, parameters
        ^^^^^^^^^^^^^^^^^^^^^^^^^^^^^^^^^^^^^^^
    )
    ^
  File "C:\Users\agust\AppData\Roaming\Python\Python314\site-packages\sqlalchemy\engine\base.py", line 1988, in _exec_single_context
    self._handle_dbapi_exception(
    ~~~~~~~~~~~~~~~~~~~~~~~~~~~~^
        e, str_statement, effective_parameters, cursor, context
        ^^^^^^^^^^^^^^^^^^^^^^^^^^^^^^^^^^^^^^^^^^^^^^^^^^^^^^^
    )
    ^
  File "C:\Users\agust\AppData\Roaming\Python\Python314\site-packages\sqlalchemy\engine\base.py", line 2365, in _handle_dbapi_exception
    raise sqlalchemy_exception.with_traceback(exc_info[2]) from e
  File "C:\Users\agust\AppData\Roaming\Python\Python314\site-packages\sqlalchemy\engine\base.py", line 1969, in _exec_single_context
    self.dialect.do_execute(
    ~~~~~~~~~~~~~~~~~~~~~~~^
        cursor, str_statement, effective_parameters, context
        ^^^^^^^^^^^^^^^^^^^^^^^^^^^^^^^^^^^^^^^^^^^^^^^^^^^^
    )
    ^
  File "C:\Users\agust\AppData\Roaming\Python\Python314\site-packages\sqlalchemy\engine\default.py", line 952, in do_execute
    cursor.execute(statement, parameters)
    ~~~~~~~~~~~~~~^^^^^^^^^^^^^^^^^^^^^^^
  File "C:\Users\agust\AppData\Roaming\Python\Python314\site-packages\sqlalchemy\dialects\postgresql\asyncpg.py", line 585, in execute
    self._adapt_connection.await_(
    ~~~~~~~~~~~~~~~~~~~~~~~~~~~~~^
        self._prepare_and_execute(operation, parameters)
        ^^^^^^^^^^^^^^^^^^^^^^^^^^^^^^^^^^^^^^^^^^^^^^^^
    )
    ^
  File "C:\Users\agust\AppData\Roaming\Python\Python314\site-packages\sqlalchemy\util\_concurrency_py3k.py", line 132, in await_only
    return current.parent.switch(awaitable)  # type: ignore[no-any-return,attr-defined] # noqa: E501
           ~~~~~~~~~~~~~~~~~~~~~^^^^^^^^^^^
  File "C:\Users\agust\AppData\Roaming\Python\Python314\site-packages\sqlalchemy\util\_concurrency_py3k.py", line 196, in greenlet_spawn
    value = await result
            ^^^^^^^^^^^^
  File "C:\Users\agust\AppData\Roaming\Python\Python314\site-packages\sqlalchemy\dialects\postgresql\asyncpg.py", line 563, in _prepare_and_execute
    self._handle_exception(error)
    ~~~~~~~~~~~~~~~~~~~~~~^^^^^^^
  File "C:\Users\agust\AppData\Roaming\Python\Python314\site-packages\sqlalchemy\dialects\postgresql\asyncpg.py", line 513, in _handle_exception
    self._adapt_connection._handle_exception(error)
    ~~~~~~~~~~~~~~~~~~~~~~~~~~~~~~~~~~~~~~~~^^^^^^^
  File "C:\Users\agust\AppData\Roaming\Python\Python314\site-packages\sqlalchemy\dialects\postgresql\asyncpg.py", line 797, in _handle_exception
    raise translated_error from error
sqlalchemy.exc.IntegrityError: (sqlalchemy.dialects.postgresql.asyncpg.IntegrityError) <class 'asyncpg.exceptions.ForeignKeyViolationError'>: update or delete on table "campos" violates foreign key constraint "parcelas_nombre_campo_fkey" on table "parcelas"
DETAIL:  Key (nombre_campo)=(CampoX) is still referenced from table "parcelas".
[SQL: DELETE FROM campos WHERE campos.nombre_campo = $1::VARCHAR]
[parameters: ('CampoX',)]
(Background on this error at: https://sqlalche.me/e/20/gkpj)
ERROR:    Exception in ASGI application
Traceback (most recent call last):
  File "C:\Users\agust\AppData\Roaming\Python\Python314\site-packages\sqlalchemy\dialects\postgresql\asyncpg.py", line 550, in _prepare_and_execute
    self._rows = deque(await prepared_stmt.fetch(*parameters))
                       ^^^^^^^^^^^^^^^^^^^^^^^^^^^^^^^^^^^^^^
  File "C:\Users\agust\AppData\Roaming\Python\Python314\site-packages\asyncpg\prepared_stmt.py", line 177, in fetch
    data = await self.__bind_execute(args, 0, timeout)
           ^^^^^^^^^^^^^^^^^^^^^^^^^^^^^^^^^^^^^^^^^^^
  File "C:\Users\agust\AppData\Roaming\Python\Python314\site-packages\asyncpg\prepared_stmt.py", line 268, in __bind_execute
    data, status, _ = await self.__do_execute(
                      ^^^^^^^^^^^^^^^^^^^^^^^^
        lambda protocol: protocol.bind_execute(
        ^^^^^^^^^^^^^^^^^^^^^^^^^^^^^^^^^^^^^^^
            self._state, args, '', limit, True, timeout))
            ^^^^^^^^^^^^^^^^^^^^^^^^^^^^^^^^^^^^^^^^^^^^^
  File "C:\Users\agust\AppData\Roaming\Python\Python314\site-packages\asyncpg\prepared_stmt.py", line 257, in __do_execute
    return await executor(protocol)
           ^^^^^^^^^^^^^^^^^^^^^^^^
  File "asyncpg/protocol/protocol.pyx", line 205, in bind_execute
asyncpg.exceptions.ForeignKeyViolationError: update or delete on table "campos" violates foreign key constraint "parcelas_nombre_campo_fkey" on table "parcelas"
DETAIL:  Key (nombre_campo)=(CampoX) is still referenced from table "parcelas".

The above exception was the direct cause of the following exception:

Traceback (most recent call last):
  File "C:\Users\agust\AppData\Roaming\Python\Python314\site-packages\sqlalchemy\engine\base.py", line 1969, in _exec_single_context
    self.dialect.do_execute(
    ~~~~~~~~~~~~~~~~~~~~~~~^
        cursor, str_statement, effective_parameters, context
        ^^^^^^^^^^^^^^^^^^^^^^^^^^^^^^^^^^^^^^^^^^^^^^^^^^^^
    )
    ^
  File "C:\Users\agust\AppData\Roaming\Python\Python314\site-packages\sqlalchemy\engine\default.py", line 952, in do_execute
    cursor.execute(statement, parameters)
    ~~~~~~~~~~~~~~^^^^^^^^^^^^^^^^^^^^^^^
  File "C:\Users\agust\AppData\Roaming\Python\Python314\site-packages\sqlalchemy\dialects\postgresql\asyncpg.py", line 585, in execute
    self._adapt_connection.await_(
    ~~~~~~~~~~~~~~~~~~~~~~~~~~~~~^
        self._prepare_and_execute(operation, parameters)
        ^^^^^^^^^^^^^^^^^^^^^^^^^^^^^^^^^^^^^^^^^^^^^^^^
    )
    ^
  File "C:\Users\agust\AppData\Roaming\Python\Python314\site-packages\sqlalchemy\util\_concurrency_py3k.py", line 132, in await_only
    return current.parent.switch(awaitable)  # type: ignore[no-any-return,attr-defined] # noqa: E501
           ~~~~~~~~~~~~~~~~~~~~~^^^^^^^^^^^
  File "C:\Users\agust\AppData\Roaming\Python\Python314\site-packages\sqlalchemy\util\_concurrency_py3k.py", line 196, in greenlet_spawn
    value = await result
            ^^^^^^^^^^^^
  File "C:\Users\agust\AppData\Roaming\Python\Python314\site-packages\sqlalchemy\dialects\postgresql\asyncpg.py", line 563, in _prepare_and_execute
    self._handle_exception(error)
    ~~~~~~~~~~~~~~~~~~~~~~^^^^^^^
  File "C:\Users\agust\AppData\Roaming\Python\Python314\site-packages\sqlalchemy\dialects\postgresql\asyncpg.py", line 513, in _handle_exception
    self._adapt_connection._handle_exception(error)
    ~~~~~~~~~~~~~~~~~~~~~~~~~~~~~~~~~~~~~~~~^^^^^^^
  File "C:\Users\agust\AppData\Roaming\Python\Python314\site-packages\sqlalchemy\dialects\postgresql\asyncpg.py", line 797, in _handle_exception
    raise translated_error from error
sqlalchemy.dialects.postgresql.asyncpg.AsyncAdapt_asyncpg_dbapi.IntegrityError: <class 'asyncpg.exceptions.ForeignKeyViolationError'>: update or delete on table "campos" violates foreign key constraint "parcelas_nombre_campo_fkey" on table "parcelas"
DETAIL:  Key (nombre_campo)=(CampoX) is still referenced from table "parcelas".

The above exception was the direct cause of the following exception:

Traceback (most recent call last):
  File "C:\Users\agust\AppData\Roaming\Python\Python314\site-packages\uvicorn\protocols\http\httptools_impl.py", line 421, in run_asgi
    result = await app(  # type: ignore[func-returns-value]
             ^^^^^^^^^^^^^^^^^^^^^^^^^^^^^^^^^^^^^^^^^^^^^^
        self.scope, self.receive, self.send
        ^^^^^^^^^^^^^^^^^^^^^^^^^^^^^^^^^^^
    )
    ^
  File "C:\Users\agust\AppData\Roaming\Python\Python314\site-packages\uvicorn\middleware\proxy_headers.py", line 62, in __call__
    return await self.app(scope, receive, send)
           ^^^^^^^^^^^^^^^^^^^^^^^^^^^^^^^^^^^^
  File "C:\Users\agust\AppData\Roaming\Python\Python314\site-packages\fastapi\applications.py", line 1163, in __call__
    await super().__call__(scope, receive, send)
  File "C:\Users\agust\AppData\Roaming\Python\Python314\site-packages\starlette\applications.py", line 90, in __call__
    await self.middleware_stack(scope, receive, send)
  File "C:\Users\agust\AppData\Roaming\Python\Python314\site-packages\starlette\middleware\errors.py", line 186, in __call__
    raise exc
  File "C:\Users\agust\AppData\Roaming\Python\Python314\site-packages\starlette\middleware\errors.py", line 164, in __call__
    await self.app(scope, receive, _send)
  File "C:\Users\agust\AppData\Roaming\Python\Python314\site-packages\starlette\middleware\exceptions.py", line 63, in __call__
    await wrap_app_handling_exceptions(self.app, conn)(scope, receive, send)
  File "C:\Users\agust\AppData\Roaming\Python\Python314\site-packages\starlette\_exception_handler.py", line 53, in wrapped_app
    raise exc
  File "C:\Users\agust\AppData\Roaming\Python\Python314\site-packages\starlette\_exception_handler.py", line 42, in wrapped_app
    await app(scope, receive, sender)
  File "C:\Users\agust\AppData\Roaming\Python\Python314\site-packages\fastapi\middleware\asyncexitstack.py", line 18, in __call__
    await self.app(scope, receive, send)
  File "C:\Users\agust\AppData\Roaming\Python\Python314\site-packages\starlette\routing.py", line 660, in __call__
    await self.middleware_stack(scope, receive, send)
  File "C:\Users\agust\AppData\Roaming\Python\Python314\site-packages\fastapi\routing.py", line 2531, in app
    await route.handle(scope, receive, send)
  File "C:\Users\agust\AppData\Roaming\Python\Python314\site-packages\fastapi\routing.py", line 1700, in handle
    await self.original_router.handle(scope, receive, send)
  File "C:\Users\agust\AppData\Roaming\Python\Python314\site-packages\fastapi\routing.py", line 2586, in handle
    await included_router._handle_selected(scope, receive, send)
  File "C:\Users\agust\AppData\Roaming\Python\Python314\site-packages\fastapi\routing.py", line 1720, in _handle_selected
    await original_route.handle(scope, receive, send)
  File "C:\Users\agust\AppData\Roaming\Python\Python314\site-packages\fastapi\routing.py", line 1239, in handle
    await app(scope, receive, send)
  File "C:\Users\agust\AppData\Roaming\Python\Python314\site-packages\fastapi\routing.py", line 150, in app
    await wrap_app_handling_exceptions(app, request)(scope, receive, send)
  File "C:\Users\agust\AppData\Roaming\Python\Python314\site-packages\starlette\_exception_handler.py", line 53, in wrapped_app
    raise exc
  File "C:\Users\agust\AppData\Roaming\Python\Python314\site-packages\starlette\_exception_handler.py", line 42, in wrapped_app
    await app(scope, receive, sender)
  File "C:\Users\agust\AppData\Roaming\Python\Python314\site-packages\fastapi\routing.py", line 136, in app
    response = await f(request)
               ^^^^^^^^^^^^^^^^
  File "C:\Users\agust\AppData\Roaming\Python\Python314\site-packages\fastapi\routing.py", line 690, in app
    raw_response = await run_endpoint_function(
                   ^^^^^^^^^^^^^^^^^^^^^^^^^^^^
    ...<3 lines>...
    )
    ^
  File "C:\Users\agust\AppData\Roaming\Python\Python314\site-packages\fastapi\routing.py", line 344, in run_endpoint_function
    return await dependant.call(**values)
           ^^^^^^^^^^^^^^^^^^^^^^^^^^^^^^
  File "X:\Arqui\AgroTech\src\modules\data_api\router.py", line 334, in delete_campo
    async with db.begin():
               ~~~~~~~~^^
  File "C:\Users\agust\AppData\Roaming\Python\Python314\site-packages\sqlalchemy\ext\asyncio\session.py", line 1886, in __aexit__
    await greenlet_spawn(
        self._sync_transaction().__exit__, type_, value, traceback
    )
  File "C:\Users\agust\AppData\Roaming\Python\Python314\site-packages\sqlalchemy\util\_concurrency_py3k.py", line 203, in greenlet_spawn
    result = context.switch(value)
  File "C:\Users\agust\AppData\Roaming\Python\Python314\site-packages\sqlalchemy\engine\util.py", line 147, in __exit__
    with util.safe_reraise():
         ~~~~~~~~~~~~~~~~~^^
  File "C:\Users\agust\AppData\Roaming\Python\Python314\site-packages\sqlalchemy\util\langhelpers.py", line 122, in __exit__
    raise exc_value.with_traceback(exc_tb)
  File "C:\Users\agust\AppData\Roaming\Python\Python314\site-packages\sqlalchemy\engine\util.py", line 145, in __exit__
    self.commit()
    ~~~~~~~~~~~^^
  File "<string>", line 2, in commit
  File "C:\Users\agust\AppData\Roaming\Python\Python314\site-packages\sqlalchemy\orm\state_changes.py", line 137, in _go
    ret_value = fn(self, *arg, **kw)
  File "C:\Users\agust\AppData\Roaming\Python\Python314\site-packages\sqlalchemy\orm\session.py", line 1316, in commit
    self._prepare_impl()
    ~~~~~~~~~~~~~~~~~~^^
  File "<string>", line 2, in _prepare_impl
  File "C:\Users\agust\AppData\Roaming\Python\Python314\site-packages\sqlalchemy\orm\state_changes.py", line 137, in _go
    ret_value = fn(self, *arg, **kw)
  File "C:\Users\agust\AppData\Roaming\Python\Python314\site-packages\sqlalchemy\orm\session.py", line 1290, in _prepare_impl
    self.session.flush()
    ~~~~~~~~~~~~~~~~~~^^
  File "C:\Users\agust\AppData\Roaming\Python\Python314\site-packages\sqlalchemy\orm\session.py", line 4353, in flush
    self._flush(objects)
    ~~~~~~~~~~~^^^^^^^^^
  File "C:\Users\agust\AppData\Roaming\Python\Python314\site-packages\sqlalchemy\orm\session.py", line 4488, in _flush
    with util.safe_reraise():
         ~~~~~~~~~~~~~~~~~^^
  File "C:\Users\agust\AppData\Roaming\Python\Python314\site-packages\sqlalchemy\util\langhelpers.py", line 122, in __exit__
    raise exc_value.with_traceback(exc_tb)
  File "C:\Users\agust\AppData\Roaming\Python\Python314\site-packages\sqlalchemy\orm\session.py", line 4449, in _flush
    flush_context.execute()
    ~~~~~~~~~~~~~~~~~~~~~^^
  File "C:\Users\agust\AppData\Roaming\Python\Python314\site-packages\sqlalchemy\orm\unitofwork.py", line 465, in execute
    rec.execute(self)
    ~~~~~~~~~~~^^^^^^
  File "C:\Users\agust\AppData\Roaming\Python\Python314\site-packages\sqlalchemy\orm\unitofwork.py", line 678, in execute
    util.preloaded.orm_persistence.delete_obj(
    ~~~~~~~~~~~~~~~~~~~~~~~~~~~~~~~~~~~~~~~~~^
        self.mapper,
        ^^^^^^^^^^^^
        uow.states_for_mapper_hierarchy(self.mapper, True, False),
        ^^^^^^^^^^^^^^^^^^^^^^^^^^^^^^^^^^^^^^^^^^^^^^^^^^^^^^^^^^
        uow,
        ^^^^
    )
    ^
  File "C:\Users\agust\AppData\Roaming\Python\Python314\site-packages\sqlalchemy\orm\persistence.py", line 194, in delete_obj
    _emit_delete_statements(
    ~~~~~~~~~~~~~~~~~~~~~~~^
        base_mapper,
        ^^^^^^^^^^^^
    ...<3 lines>...
        delete,
        ^^^^^^^
    )
    ^
  File "C:\Users\agust\AppData\Roaming\Python\Python314\site-packages\sqlalchemy\orm\persistence.py", line 1472, in _emit_delete_statements
    c = connection.execute(
        statement, del_objects, execution_options=execution_options
    )
  File "C:\Users\agust\AppData\Roaming\Python\Python314\site-packages\sqlalchemy\engine\base.py", line 1421, in execute
    return meth(
        self,
        distilled_parameters,
        execution_options or NO_OPTIONS,
    )
  File "C:\Users\agust\AppData\Roaming\Python\Python314\site-packages\sqlalchemy\sql\elements.py", line 526, in _execute_on_connection
    return connection._execute_clauseelement(
           ~~~~~~~~~~~~~~~~~~~~~~~~~~~~~~~~~^
        self, distilled_params, execution_options
        ^^^^^^^^^^^^^^^^^^^^^^^^^^^^^^^^^^^^^^^^^
    )
    ^
  File "C:\Users\agust\AppData\Roaming\Python\Python314\site-packages\sqlalchemy\engine\base.py", line 1643, in _execute_clauseelement
    ret = self._execute_context(
        dialect,
    ...<8 lines>...
        cache_hit=cache_hit,
    )
  File "C:\Users\agust\AppData\Roaming\Python\Python314\site-packages\sqlalchemy\engine\base.py", line 1848, in _execute_context
    return self._exec_single_context(
           ~~~~~~~~~~~~~~~~~~~~~~~~~^
        dialect, context, statement, parameters
        ^^^^^^^^^^^^^^^^^^^^^^^^^^^^^^^^^^^^^^^
    )
    ^
  File "C:\Users\agust\AppData\Roaming\Python\Python314\site-packages\sqlalchemy\engine\base.py", line 1988, in _exec_single_context
    self._handle_dbapi_exception(
    ~~~~~~~~~~~~~~~~~~~~~~~~~~~~^
        e, str_statement, effective_parameters, cursor, context
        ^^^^^^^^^^^^^^^^^^^^^^^^^^^^^^^^^^^^^^^^^^^^^^^^^^^^^^^
    )
    ^
  File "C:\Users\agust\AppData\Roaming\Python\Python314\site-packages\sqlalchemy\engine\base.py", line 2365, in _handle_dbapi_exception
    raise sqlalchemy_exception.with_traceback(exc_info[2]) from e
  File "C:\Users\agust\AppData\Roaming\Python\Python314\site-packages\sqlalchemy\engine\base.py", line 1969, in _exec_single_context
    self.dialect.do_execute(
    ~~~~~~~~~~~~~~~~~~~~~~~^
        cursor, str_statement, effective_parameters, context
        ^^^^^^^^^^^^^^^^^^^^^^^^^^^^^^^^^^^^^^^^^^^^^^^^^^^^
    )
    ^
  File "C:\Users\agust\AppData\Roaming\Python\Python314\site-packages\sqlalchemy\engine\default.py", line 952, in do_execute
    cursor.execute(statement, parameters)
    ~~~~~~~~~~~~~~^^^^^^^^^^^^^^^^^^^^^^^
  File "C:\Users\agust\AppData\Roaming\Python\Python314\site-packages\sqlalchemy\dialects\postgresql\asyncpg.py", line 585, in execute
    self._adapt_connection.await_(
    ~~~~~~~~~~~~~~~~~~~~~~~~~~~~~^
        self._prepare_and_execute(operation, parameters)
        ^^^^^^^^^^^^^^^^^^^^^^^^^^^^^^^^^^^^^^^^^^^^^^^^
    )
    ^
  File "C:\Users\agust\AppData\Roaming\Python\Python314\site-packages\sqlalchemy\util\_concurrency_py3k.py", line 132, in await_only
    return current.parent.switch(awaitable)  # type: ignore[no-any-return,attr-defined] # noqa: E501
           ~~~~~~~~~~~~~~~~~~~~~^^^^^^^^^^^
  File "C:\Users\agust\AppData\Roaming\Python\Python314\site-packages\sqlalchemy\util\_concurrency_py3k.py", line 196, in greenlet_spawn
    value = await result
            ^^^^^^^^^^^^
  File "C:\Users\agust\AppData\Roaming\Python\Python314\site-packages\sqlalchemy\dialects\postgresql\asyncpg.py", line 563, in _prepare_and_execute
    self._handle_exception(error)
    ~~~~~~~~~~~~~~~~~~~~~~^^^^^^^
  File "C:\Users\agust\AppData\Roaming\Python\Python314\site-packages\sqlalchemy\dialects\postgresql\asyncpg.py", line 513, in _handle_exception
    self._adapt_connection._handle_exception(error)
    ~~~~~~~~~~~~~~~~~~~~~~~~~~~~~~~~~~~~~~~~^^^^^^^
  File "C:\Users\agust\AppData\Roaming\Python\Python314\site-packages\sqlalchemy\dialects\postgresql\asyncpg.py", line 797, in _handle_exception
    raise translated_error from error
sqlalchemy.exc.IntegrityError: (sqlalchemy.dialects.postgresql.asyncpg.IntegrityError) <class 'asyncpg.exceptions.ForeignKeyViolationError'>: update or delete on table "campos" violates foreign key constraint "parcelas_nombre_campo_fkey" on table "parcelas"
DETAIL:  Key (nombre_campo)=(CampoX) is still referenced from table "parcelas".
[SQL: DELETE FROM campos WHERE campos.nombre_campo = $1::VARCHAR]
[parameters: ('CampoX',)]
(Background on this error at: https://sqlalche.me/e/20/gkpj)
